plant_id,taxon_id,lat,lng,geolocation_notes,collection_id,planted_year,dedication_label,story,source_id
UVM-0493,tilia-cordata,44.476523,-73.194675,Position set by pin on imagery,central,,,,
UVM-0772,taxodium-distichum,44.476609,-73.194780,Position set by pin on imagery,central,,,,
UVM-0778,ginkgo-biloba,44.476560,-73.194932,Position set by pin on imagery,central,,,,
UVM-0762,quercus-michauxii,44.476167,-73.194979,GPS ±3 m,central,,,,
UVM-0763,betula-nigra,44.476079,-73.195033,GPS ±4 m,central,,,,
UVM-0765,betula-nigra,44.476011,-73.194983,Position set by pin on imagery,central,,,,
UVM-0711,halesia-tetraptera,44.476689,-73.194387,"Mapped in UVM's ArcGIS tree layer, 2023–24",central,,,,70dcb0e9-bc4d-4cdc-af41-344a71f1c654
UVM-0712,cornus-florida,44.476681,-73.194484,"Mapped in UVM's ArcGIS tree layer, 2023–24",central,,,,9ba6e572-d6d6-4524-9bac-5c0f73152a62
UVM-3832,cercidiphyllum-japonicum,44.476755,-73.194370,"Mapped in UVM's ArcGIS tree layer, 2023–24",central,,,,db14115d-a2ec-449a-a49d-45aeb2a6ed1d
UVM-0725,tilia-tomentosa,44.477036,-73.194429,"Mapped in UVM's ArcGIS tree layer, 2023–24",central,,,,6d98539b-1cf0-41e4-8024-8d95507c5040
UVM-0726,tilia-tomentosa,44.477063,-73.194441,"Mapped in UVM's ArcGIS tree layer, 2023–24",central,,,,118fd01e-8251-4f6d-9a44-752231bd1bde
UVM-0727,tilia-tomentosa,44.477078,-73.194445,"Mapped in UVM's ArcGIS tree layer, 2023–24",central,,,,49081458-17c3-482d-b387-0909a2dc2af0
UVM-4001,gleditsia-triacanthos,44.477269,-73.194611,"Mapped in UVM's ArcGIS tree layer, 2023–24",central,,,,e481dd1e-8ec8-48ed-92b4-f6011bdb34c5
UVM-0731,gleditsia-triacanthos,44.477329,-73.194487,"Mapped in UVM's ArcGIS tree layer, 2023–24",central,,,,daaef83c-b476-41da-836c-8dec9bf7d303
UVM-4002,prunus-sargentii,44.477106,-73.195080,"Mapped in UVM's ArcGIS tree layer, 2023–24",central,,,,eadce6d8-6093-4b89-aaa6-6e167703a47a
UVM-4003,prunus-sargentii,44.476911,-73.195049,"Mapped in UVM's ArcGIS tree layer, 2023–24",central,,,,b25e1339-8846-4470-885e-77b097e7d5e7
UVM-4004,prunus-sargentii,44.476982,-73.195073,"Mapped in UVM's ArcGIS tree layer, 2023–24",central,,,,82d3fc6a-399c-4357-8d97-746ebc48efb8
UVM-0747,prunus-sargentii,44.477039,-73.195183,"Mapped in UVM's ArcGIS tree layer, 2023–24",central,,,,9665fd33-499e-4bec-aa0b-c00729799652
UVM-0746,picea-abies,44.476921,-73.195158,"Mapped in UVM's ArcGIS tree layer, 2023–24",central,,,,307bb383-7fa5-48f7-925c-7e8107eac040
UVM-0745,picea-abies,44.476908,-73.195208,"Mapped in UVM's ArcGIS tree layer, 2023–24",central,,,,13381f2c-12af-43a8-9aad-abb8bfba010c
UVM-0744,chamaecyparis-obtusa,44.476858,-73.195178,"Mapped in UVM's ArcGIS tree layer, 2023–24",central,,,,7db8bf31-653c-4335-8422-802d51f3ac9c
UVM-0749,acer-platanoides-crimson-king,44.476852,-73.195287,"Mapped in UVM's ArcGIS tree layer, 2023–24",central,,,,41c6a3bc-26b6-42f1-a2a5-6279fbd145f0
UVM-0750,prunus-x-cistena,44.476905,-73.195295,"Mapped in UVM's ArcGIS tree layer, 2023–24",central,,,,eac7c8fe-abe6-4145-a6f7-d8ea66958b91
UVM-4005,picea-glauca,44.476961,-73.195239,"Mapped in UVM's ArcGIS tree layer, 2023–24",central,,,,a8a1e541-b0fe-438c-9bd0-b4a940f0ba42
UVM-0751,fagus-sylvatica,44.477013,-73.195312,"Mapped in UVM's ArcGIS tree layer, 2023–24",central,,,,4b0d46c2-d5ff-48fb-b7d6-73080f88e320
UVM-0753,crataegus-phaenopyrum,44.477166,-73.195336,"Mapped in UVM's ArcGIS tree layer, 2023–24",central,,,,a271e9f8-f76f-4903-97ee-aea0edf44bfc
UVM-0755,malus-sp,44.477201,-73.195305,"Mapped in UVM's ArcGIS tree layer, 2023–24",central,,,,114c92f6-af96-4d77-9653-6058352c51ea
UVM-0374,malus-sp,44.477381,-73.195693,"Mapped in UVM's ArcGIS tree layer, 2023–24",central,,,,3f7b6dc0-ee67-4b38-8f84-acf6456dee82
UVM-0356,crataegus-phaenopyrum,44.476777,-73.195744,"Mapped in UVM's ArcGIS tree layer, 2023–24",central,,,,4a621f6b-9def-435a-8a16-ff878aee1a83
UVM-0357,crataegus-phaenopyrum,44.476832,-73.195755,"Mapped in UVM's ArcGIS tree layer, 2023–24",central,,,,28dac048-6552-4df2-973e-dd49a58b1018
UVM-0358,crataegus-phaenopyrum,44.476881,-73.195767,"Mapped in UVM's ArcGIS tree layer, 2023–24",central,,,,9056fe91-b3d8-40e5-8eeb-8cf2f9ac1132
UVM-0359,crataegus-phaenopyrum,44.476938,-73.195780,"Mapped in UVM's ArcGIS tree layer, 2023–24",central,,,,aa58b312-3f5d-4866-9846-96cba28a592f
UVM-0355,crataegus-phaenopyrum,44.476699,-73.195725,"Mapped in UVM's ArcGIS tree layer, 2023–24",central,,,,dd735c62-a115-4025-a260-fd1cbe73cba3
UVM-0354,crataegus-phaenopyrum,44.476660,-73.195712,"Mapped in UVM's ArcGIS tree layer, 2023–24",central,,,,941c2a90-f16c-4cc7-8f1c-ea23930e551b
UVM-0353,crataegus-phaenopyrum,44.476612,-73.195706,"Mapped in UVM's ArcGIS tree layer, 2023–24",central,,,,77aadd74-0e1b-481e-a54e-073399635dc1
UVM-0782,magnolia-macrophylla,44.476689,-73.195335,"Mapped in UVM's ArcGIS tree layer, 2023–24",central,,,,7dd616cd-e4d1-4bf9-ae82-018b11ee39b0
UVM-3831,populus-nigra,44.476359,-73.195356,"Mapped in UVM's ArcGIS tree layer, 2023–24",central,,,,c8168b67-a94c-41e5-a81e-51f64346be27
UVM-0663,ulmus-sp,44.474990,-73.193839,"Mapped in UVM's ArcGIS tree layer, 2023–24",central,,,,03975a0f-36b9-47ec-88d2-2ffd068d9192
UVM-0664,ulmus-sp,44.475066,-73.193743,"Mapped in UVM's ArcGIS tree layer, 2023–24",central,,,,5bba9982-4dbf-48f0-86d7-97f9c06dac6e
UVM-0665,callitropsis-nootkatensis,44.475154,-73.193821,"Mapped in UVM's ArcGIS tree layer, 2023–24",central,,,,7e8d7412-43e6-4702-9553-7e15229270a9
UVM-0666,callitropsis-nootkatensis,44.475175,-73.193867,"Mapped in UVM's ArcGIS tree layer, 2023–24",central,,,,4f5f5769-697f-466f-8c52-b5e82ca52f79
UVM-0668,cladrastis-kentukea,44.475251,-73.193732,"Mapped in UVM's ArcGIS tree layer, 2023–24",central,,,,56253a27-39ea-4c30-b87f-354a923d2dcc
UVM-0667,callitropsis-nootkatensis,44.475289,-73.193800,"Mapped in UVM's ArcGIS tree layer, 2023–24",central,,,,e0a61a71-f265-4fcf-9531-2fda57805879
UVM-0669,ulmus-sp,44.475229,-73.193608,"Mapped in UVM's ArcGIS tree layer, 2023–24",central,,,,8b3d5752-6e7a-4fb9-98e9-d124eb93797f
UVM-3814,ulmus-sp,44.475309,-73.193539,"Mapped in UVM's ArcGIS tree layer, 2023–24",central,,,,50058e8a-c5b4-4ea1-9af1-eff51bf4a328
UVM-0671,ulmus-sp,44.475386,-73.193480,"Mapped in UVM's ArcGIS tree layer, 2023–24",central,,,,66b56fc9-4a8d-4c16-b449-8565daf6c777
UVM-3816,ulmus-sp,44.475476,-73.193400,"Mapped in UVM's ArcGIS tree layer, 2023–24",central,,,,88550125-a321-463a-9c7f-5552aa1766c5
UVM-0673,ulmus-sp,44.475564,-73.193312,"Mapped in UVM's ArcGIS tree layer, 2023–24",central,,,,4350c5bc-4188-4593-90e4-5739dd32583d
UVM-3818,ulmus-sp,44.476130,-73.194270,"Mapped in UVM's ArcGIS tree layer, 2023–24",central,,,,2ee6c536-3414-4b38-b66a-d1e15a32b64a
UVM-4006,pinus-strobus,44.476247,-73.195274,"Mapped in UVM's ArcGIS tree layer, 2023–24",central,,,,58fad4ff-1706-4f67-9f44-35a2a959bf32
UVM-4007,quercus-bicolor,44.476286,-73.195196,"Mapped in UVM's ArcGIS tree layer, 2023–24",central,,,,6d3ff4c4-4f18-4151-901e-396381b05570
UVM-4008,castanea-dentata,44.476232,-73.195174,"Mapped in UVM's ArcGIS tree layer, 2023–24",central,,,,05188c6e-3cf6-4e74-b9af-4c73bd778fdc
UVM-0760,fagus-grandifolia,44.476288,-73.195149,"Mapped in UVM's ArcGIS tree layer, 2023–24",central,,,,145151b7-df32-4561-81ce-a9b9f1f70e3f
UVM-4009,betula-papyrifera,44.476213,-73.195333,"Mapped in UVM's ArcGIS tree layer, 2023–24",central,,,,fb184e54-ca46-4ea7-81be-3e6b16abcf50
UVM-0761,quercus-alba,44.476268,-73.195107,"Mapped in UVM's ArcGIS tree layer, 2023–24",central,,,,2844fdc7-4260-4a2a-97e0-f07f6b81ac07
UVM-4010,betula-nigra,44.476244,-73.195056,"Mapped in UVM's ArcGIS tree layer, 2023–24",central,,,,816a0e3c-3e11-41fe-8cca-5c681299d6c5
UVM-0764,betula-nigra,44.476006,-73.194934,"Mapped in UVM's ArcGIS tree layer, 2023–24",central,,,,80e33f1e-4c35-45c3-921d-e6ab9897a670
UVM-3830,populus-nigra,44.476340,-73.195132,"Mapped in UVM's ArcGIS tree layer, 2023–24",central,,,,a170983c-a0d0-42eb-bfb5-5f38d905c130
UVM-3829,populus-nigra,44.476345,-73.195076,"Mapped in UVM's ArcGIS tree layer, 2023–24",central,,,,fc224cd1-6b86-4a20-915c-b1d6b4b5e7e4
UVM-3828,populus-nigra,44.476350,-73.195014,"Mapped in UVM's ArcGIS tree layer, 2023–24",central,,,,84c864ad-0068-415e-ab4d-20c61450cc1b
UVM-3827,populus-nigra,44.476352,-73.194967,"Mapped in UVM's ArcGIS tree layer, 2023–24",central,,,,14b6143c-7389-427a-ac70-0637182e0e75
UVM-3826,populus-nigra,44.476349,-73.194929,"Mapped in UVM's ArcGIS tree layer, 2023–24",central,,,,1e86b14e-4534-4850-b3d5-001ac6aed4b6
UVM-0781,populus-nigra,44.476351,-73.194889,"Mapped in UVM's ArcGIS tree layer, 2023–24",central,,,,ea87fd66-6587-4638-8698-445de2bfe242
UVM-4011,populus-grandidentata,44.476399,-73.194886,"Mapped in UVM's ArcGIS tree layer, 2023–24",central,,,,5c09da1d-3d92-4477-896b-ff4a69aa75c0
UVM-4012,populus-grandidentata,44.476420,-73.194889,"Mapped in UVM's ArcGIS tree layer, 2023–24",central,,,,c9c27727-4512-4b75-9f73-91993e690d1c
UVM-0780,populus-grandidentata,44.476441,-73.194895,"Mapped in UVM's ArcGIS tree layer, 2023–24",central,,,,b7ec2cf5-88b0-4dcc-b8fa-03cadaba006a
UVM-0779,populus-grandidentata,44.476458,-73.194895,"Mapped in UVM's ArcGIS tree layer, 2023–24",central,,,,e63150a4-3559-4a8a-8c4f-83c3e0ba8fed
UVM-0775,acer-griseum,44.476603,-73.194954,"Mapped in UVM's ArcGIS tree layer, 2023–24",central,,,,2c47ca15-7ec0-4c87-b750-7ee27433c294
UVM-0771,taxodium-distichum,44.476636,-73.194750,"Mapped in UVM's ArcGIS tree layer, 2023–24",central,,,,7db48231-fde7-4569-8eba-0cef81edb456
UVM-0770,taxodium-distichum,44.476637,-73.194729,"Mapped in UVM's ArcGIS tree layer, 2023–24",central,,,,52d99cbb-ada8-4912-92b9-beca6a90223e
UVM-0769,taxodium-distichum,44.476635,-73.194712,"Mapped in UVM's ArcGIS tree layer, 2023–24",central,,,,daa71df2-017b-4ece-9961-4266e4d2ba85
UVM-0768,taxodium-distichum,44.476631,-73.194694,"Mapped in UVM's ArcGIS tree layer, 2023–24",central,,,,98c23b00-2502-4b2f-8af8-825a5572c116
UVM-0767,ulmus-sp,44.476515,-73.194701,"Mapped in UVM's ArcGIS tree layer, 2023–24",central,,,,2b09d9f6-27d5-4dfa-a601-650434d71d5d
UVM-0640,pseudotsuga-menziesii,44.475855,-73.194925,"Mapped in UVM's ArcGIS tree layer, 2023–24",central,,,,d4df57d6-c47c-4dbe-9ce8-5b37a187db98
UVM-0636,morus-alba,44.475555,-73.194761,"Mapped in UVM's ArcGIS tree layer, 2023–24",central,,,,abf3f853-aefb-4f1d-8adc-6b42786f52d4
UVM-3822,zelkova-serrata,44.475481,-73.194748,"Mapped in UVM's ArcGIS tree layer, 2023–24",central,,,,082f8549-b4aa-4781-8155-5bfe1799f46c
UVM-3823,zelkova-serrata,44.475350,-73.194628,"Mapped in UVM's ArcGIS tree layer, 2023–24",central,,,,fa2730d2-4cf9-4650-ae41-f0509f4bae66
UVM-3824,zelkova-serrata,44.475231,-73.194602,"Mapped in UVM's ArcGIS tree layer, 2023–24",central,,,,d4a9eb32-166b-40c9-b142-c56cab6434ed
UVM-3825,pyrus-calleryana,44.475181,-73.194548,"Mapped in UVM's ArcGIS tree layer, 2023–24",central,,,,0511fcd2-d29f-49ce-bb1c-af6a5a6aac25
UVM-0658,quercus-robur-fastigiata,44.475360,-73.194259,"Mapped in UVM's ArcGIS tree layer, 2023–24",central,,,,2b94d812-2ef0-43ce-9b13-1cf37af89acb
UVM-3819,quercus-robur-fastigiata,44.475383,-73.194166,"Mapped in UVM's ArcGIS tree layer, 2023–24",central,,,,2d9a54fc-24b2-47cf-9eec-f95c60842f72
UVM-3820,quercus-robur-fastigiata,44.475501,-73.194138,"Mapped in UVM's ArcGIS tree layer, 2023–24",central,,,,9f65edb2-9675-4ef7-9626-665936b91648
UVM-3821,quercus-robur-fastigiata,44.475523,-73.194233,"Mapped in UVM's ArcGIS tree layer, 2023–24",central,,,,e4ed398f-c708-4b09-bd5d-753a494e3c40
UVM-0654,amelanchier-sp,44.475553,-73.194289,"Mapped in UVM's ArcGIS tree layer, 2023–24",central,,,,1c55ce04-f1cd-4c96-bcd8-da60dcefd645
UVM-0649,amelanchier-sp,44.475847,-73.194270,"Mapped in UVM's ArcGIS tree layer, 2023–24",central,,,,e75d18ba-8606-4b40-805d-4e0d1ffec172
UVM-0650,amelanchier-sp,44.475821,-73.194298,"Mapped in UVM's ArcGIS tree layer, 2023–24",central,,,,57954f42-8ce7-4961-89c7-0c03f20f6ed4
UVM-0651,amelanchier-sp,44.475762,-73.194331,"Mapped in UVM's ArcGIS tree layer, 2023–24",central,,,,5627d44d-44f3-414b-af0f-0e91a82a88a9
UVM-0652,amelanchier-sp,44.475697,-73.194326,"Mapped in UVM's ArcGIS tree layer, 2023–24",central,,,,4b5a14b0-06df-434b-a655-12a2ff68711c
UVM-0653,amelanchier-sp,44.475630,-73.194319,"Mapped in UVM's ArcGIS tree layer, 2023–24",central,,,,1b244ee8-8c2f-4a7f-9898-35a9f990a7ab
UVM-0644,amelanchier-sp,44.475924,-73.194262,"Mapped in UVM's ArcGIS tree layer, 2023–24",central,,,,260db495-e6c8-4a5a-8bd9-6d5b476af262
UVM-0645,amelanchier-sp,44.475973,-73.194211,"Mapped in UVM's ArcGIS tree layer, 2023–24",central,,,,1bb2e4fa-c11e-49fc-852e-88f9eb2a07dc
UVM-0646,amelanchier-sp,44.475950,-73.194130,"Mapped in UVM's ArcGIS tree layer, 2023–24",central,,,,186d245d-fc47-416b-ab67-186d02404842
UVM-0647,prunus-cerasus-montmorency,44.475894,-73.194154,"Mapped in UVM's ArcGIS tree layer, 2023–24",central,,,,2885e62b-970e-4b0e-9615-f456540e4e64
UVM-0756,amelanchier-sp,44.475974,-73.195562,"Mapped in UVM's ArcGIS tree layer, 2023–24",central,,,,7841d07b-f5dc-4a12-b1eb-df29333ca161
UVM-1356,nyssa-sylvatica,44.475957,-73.195752,"Mapped in UVM's ArcGIS tree layer, 2023–24",central,,,,7e45e936-e8ec-40fa-82fc-39edd7250db4
UVM-1357,pseudotsuga-menziesii,44.476007,-73.195942,"Mapped in UVM's ArcGIS tree layer, 2023–24",central,,,,3f03c610-511c-48be-ab14-de58e03db520
UVM-4013,robinia-pseudoacacia,44.476091,-73.196036,"Mapped in UVM's ArcGIS tree layer, 2023–24",central,,,,6e7dfad3-32d3-4a42-b9a2-1fdb70ae76b5
UVM-4014,cotinus-coggygria,44.475863,-73.195524,"Mapped in UVM's ArcGIS tree layer, 2023–24",central,,,,d84ca53a-f1be-48ab-8f4a-a954586999e3
UVM-4015,cladrastis-kentukea,44.475817,-73.195555,"Mapped in UVM's ArcGIS tree layer, 2023–24",central,,,,bc067c41-803e-4d39-a2a6-92ad1ed4209e
UVM-3801,ulmus-sp,44.475780,-73.195691,"Mapped in UVM's ArcGIS tree layer, 2023–24",central,,,,70811b76-d268-4b01-b939-960f8c63c1b0
UVM-0619,quercus-bicolor,44.475597,-73.195434,"Mapped in UVM's ArcGIS tree layer, 2023–24",central,,,,96f63377-3cb7-461a-8252-19292f643385
UVM-0621,gleditsia-triacanthos,44.475507,-73.195218,"Mapped in UVM's ArcGIS tree layer, 2023–24",central,,,,95792a8f-fb54-46ec-a556-623d74028c1c
UVM-0622,gleditsia-triacanthos,44.475425,-73.195028,"Mapped in UVM's ArcGIS tree layer, 2023–24",central,,,,d303e915-17f3-4ca3-a786-178f83eb4753
UVM-0623,quercus-bicolor,44.475332,-73.194978,"Mapped in UVM's ArcGIS tree layer, 2023–24",central,,,,b5c824fe-2114-4bc5-b4bb-1cf5985086c2
UVM-0624,quercus-bicolor,44.475317,-73.194899,"Mapped in UVM's ArcGIS tree layer, 2023–24",central,,,,454b033b-6018-45f9-86a6-ce81928c276c
UVM-0620,gleditsia-triacanthos,44.475468,-73.195355,"Mapped in UVM's ArcGIS tree layer, 2023–24",central,,,,442b3f71-d315-4a84-829f-933f30e0b4c9
UVM-4016,gleditsia-triacanthos,44.475483,-73.195580,"Mapped in UVM's ArcGIS tree layer, 2023–24",central,,,,abd10f30-7734-4dc8-9266-61d79369b020
UVM-0618,acer-saccharum,44.475425,-73.195588,"Mapped in UVM's ArcGIS tree layer, 2023–24",central,,,,fd39367f-e574-413a-a42f-7d83fd451b83
UVM-4017,quercus-rubra,44.475370,-73.195588,"Mapped in UVM's ArcGIS tree layer, 2023–24",central,,,,0c5dd552-0e43-4eb4-83fb-d2e90fa9fc27
UVM-4018,gleditsia-triacanthos,44.475389,-73.195466,"Mapped in UVM's ArcGIS tree layer, 2023–24",central,,,,ff092473-2408-4558-99b9-815db28922bd
UVM-4019,quercus-rubra,44.475300,-73.195491,"Mapped in UVM's ArcGIS tree layer, 2023–24",central,,,,692b2d31-7c1c-4fba-85e3-176954d932b9
UVM-4020,gleditsia-triacanthos,44.475301,-73.195387,"Mapped in UVM's ArcGIS tree layer, 2023–24",central,,,,2a46a4ce-a903-4f99-aa5e-698cd621ce5d
UVM-0617,quercus-rubra,44.475209,-73.195343,"Mapped in UVM's ArcGIS tree layer, 2023–24",central,,,,af672066-6499-4d68-8a92-8be721f863da
UVM-0616,ulmus-sp,44.475131,-73.195143,"Mapped in UVM's ArcGIS tree layer, 2023–24",central,,,,f3de69d7-85d1-4c70-80ba-73474d094b68
UVM-4021,gleditsia-triacanthos,44.475248,-73.195220,"Mapped in UVM's ArcGIS tree layer, 2023–24",central,,,,1ec247bd-a9ab-4bf5-91a6-f3b99c4fb0f0
UVM-4022,gleditsia-triacanthos,44.475301,-73.195262,"Mapped in UVM's ArcGIS tree layer, 2023–24",central,,,,f7512504-cf4c-44e1-84a2-d1a0b9d7df80
UVM-4023,gleditsia-triacanthos,44.475348,-73.195299,"Mapped in UVM's ArcGIS tree layer, 2023–24",central,,,,1b3e77c7-a2c4-4498-9964-f2f6fc57e1ea
UVM-4024,gleditsia-triacanthos,44.475337,-73.195249,"Mapped in UVM's ArcGIS tree layer, 2023–24",central,,,,99b74606-eff1-4664-8161-3e40ddbfb218
UVM-4025,gleditsia-triacanthos,44.475307,-73.195183,"Mapped in UVM's ArcGIS tree layer, 2023–24",central,,,,09a70eaa-336f-41ff-ba46-1f2489471188
UVM-4026,gleditsia-triacanthos,44.475265,-73.195094,"Mapped in UVM's ArcGIS tree layer, 2023–24",central,,,,5d5c6da0-08d4-4bb3-b1ca-634be348b34f
UVM-4027,gleditsia-triacanthos,44.475212,-73.194989,"Mapped in UVM's ArcGIS tree layer, 2023–24",central,,,,d5274cba-0e24-48fa-8766-9a732f7d977f
UVM-4028,gleditsia-triacanthos,44.475159,-73.194884,"Mapped in UVM's ArcGIS tree layer, 2023–24",central,,,,13ad3cbc-28fa-4807-9c34-76309a0b8250
UVM-4029,quercus-rubra,44.475117,-73.195005,"Mapped in UVM's ArcGIS tree layer, 2023–24",central,,,,41f02dd2-516d-474d-9265-7a02c2560b99
UVM-4030,cotinus-coggygria,44.475014,-73.194814,"Mapped in UVM's ArcGIS tree layer, 2023–24",central,,,,59817079-7d3e-4099-a271-ae73b3f0b14e
UVM-4031,cotinus-coggygria,44.474994,-73.194935,"Mapped in UVM's ArcGIS tree layer, 2023–24",central,,,,cef7793a-0a6e-4279-8d48-668c7dd0f646
UVM-4032,cotinus-coggygria,44.474991,-73.195070,"Mapped in UVM's ArcGIS tree layer, 2023–24",central,,,,2f4b25be-68f7-4d6b-8872-73fd7240b8cb
UVM-0615,quercus-rubra,44.474903,-73.194875,"Mapped in UVM's ArcGIS tree layer, 2023–24",central,,,,28a1bbaf-ece9-42b7-98f9-7ce79c3fc6fd
UVM-4033,zelkova-serrata,44.474977,-73.195170,"Mapped in UVM's ArcGIS tree layer, 2023–24",central,,,,0de9e26b-e39e-437b-9f19-b32552723a6a
UVM-4034,acer-x-freemanii,44.475014,-73.195234,"Mapped in UVM's ArcGIS tree layer, 2023–24",central,,,,289a6e89-80e0-4ce1-ac44-9fff2a2547dc
UVM-4035,acer-x-freemanii,44.475044,-73.195319,"Mapped in UVM's ArcGIS tree layer, 2023–24",central,,,,9871b159-79ad-4dea-9604-8c06bfe044e1
UVM-4036,acer-x-freemanii,44.475143,-73.195548,"Mapped in UVM's ArcGIS tree layer, 2023–24",central,,,,098ac874-aa56-4a6f-b989-2d39315860c3
UVM-4037,acer-x-freemanii,44.475194,-73.195641,"Mapped in UVM's ArcGIS tree layer, 2023–24",central,,,,15a7bffe-cf12-453e-b260-735306be80f7
UVM-4038,acer-x-freemanii,44.475237,-73.195720,"Mapped in UVM's ArcGIS tree layer, 2023–24",central,,,,1736f3d9-1e07-4709-a059-82c9a99d73d3
UVM-4039,acer-x-freemanii,44.475300,-73.195818,"Mapped in UVM's ArcGIS tree layer, 2023–24",central,,,,91510c1d-12a7-49e6-a31d-ad896e5c10a3
UVM-0602,betula-nigra,44.475415,-73.195914,"Mapped in UVM's ArcGIS tree layer, 2023–24",central,,,,bc38bb28-b192-4b23-9fb9-78985a2151a0
UVM-1354,betula-nigra,44.475470,-73.196004,"Mapped in UVM's ArcGIS tree layer, 2023–24",central,,,,98506458-c165-4619-8213-1f6f38fadca6
UVM-1353,betula-nigra,44.475468,-73.196044,"Mapped in UVM's ArcGIS tree layer, 2023–24",central,,,,9a3971bb-de9d-43ee-8c90-bfe44d23c29d
UVM-4040,betula-nigra,44.475449,-73.195928,"Mapped in UVM's ArcGIS tree layer, 2023–24",central,,,,8a8ac219-96d1-406f-b993-1c118bd51103
UVM-4041,betula-nigra,44.475420,-73.195859,"Mapped in UVM's ArcGIS tree layer, 2023–24",central,,,,7c6dab05-090a-4750-8883-6f33b8a8758e
UVM-1352,betula-nigra,44.475424,-73.196058,"Mapped in UVM's ArcGIS tree layer, 2023–24",central,,,,1cf1e221-cd81-460f-88f6-e247bd67ed32
UVM-4042,betula-nigra,44.475443,-73.196097,"Mapped in UVM's ArcGIS tree layer, 2023–24",central,,,,e2b57d75-8e9f-4989-8ced-01114329bfb3
UVM-4043,betula-nigra,44.475562,-73.196339,"Mapped in UVM's ArcGIS tree layer, 2023–24",central,,,,5d15cb8c-2722-4100-8eb6-8b31ded024ca
UVM-4044,betula-nigra,44.475571,-73.196409,"Mapped in UVM's ArcGIS tree layer, 2023–24",central,,,,56fc9760-e2c6-4061-b60b-e6c6590d7b47
UVM-4045,betula-nigra,44.475600,-73.196358,"Mapped in UVM's ArcGIS tree layer, 2023–24",central,,,,d93c490f-49f5-4cc1-ae0e-15f1c0954a16
UVM-0034,betula-nigra,44.475828,-73.196862,"Mapped in UVM's ArcGIS tree layer, 2023–24",central,,,,9b9253bd-76b5-4b9c-9abd-82a8380e21ee
UVM-4046,betula-nigra,44.475813,-73.196915,"Mapped in UVM's ArcGIS tree layer, 2023–24",central,,,,e4790fc3-7bf3-4407-83aa-e31cb3b56da1
UVM-1343,betula-nigra,44.475852,-73.196921,"Mapped in UVM's ArcGIS tree layer, 2023–24",central,,,,5c85b427-5ec0-442f-8742-0309827e2ef8
UVM-1342,betula-nigra,44.475878,-73.196973,"Mapped in UVM's ArcGIS tree layer, 2023–24",central,,,,6d40e30a-7afe-4190-ad3e-21bb8f95a567
UVM-4047,betula-nigra,44.475860,-73.197030,"Mapped in UVM's ArcGIS tree layer, 2023–24",central,,,,4f2dd5bb-c0ce-446f-b2fd-5e902bc41ae1
UVM-1341,betula-nigra,44.475899,-73.197019,"Mapped in UVM's ArcGIS tree layer, 2023–24",central,,,,ee8d5e13-d008-4082-a4aa-857262a5e0ad
UVM-1333,betula-nigra,44.476310,-73.197651,"Mapped in UVM's ArcGIS tree layer, 2023–24",central,,,,ebc6ac23-e219-4fe6-a6ab-6cfc70f3d900
UVM-1334,betula-nigra,44.476291,-73.197714,"Mapped in UVM's ArcGIS tree layer, 2023–24",central,,,,c96a2f3d-a365-4107-b9dc-bc51a1f11606
UVM-1335,betula-nigra,44.476312,-73.197766,"Mapped in UVM's ArcGIS tree layer, 2023–24",central,,,,5eb5350a-277c-475f-ae5b-b54442f6205b
UVM-1336,betula-nigra,44.476351,-73.197841,"Mapped in UVM's ArcGIS tree layer, 2023–24",central,,,,be4fe970-ae27-4c99-9c79-469c361466c3
UVM-1337,betula-nigra,44.476371,-73.197893,"Mapped in UVM's ArcGIS tree layer, 2023–24",central,,,,c43401eb-b7a1-4999-a109-c447416cf18b
UVM-1338,betula-nigra,44.476390,-73.197945,"Mapped in UVM's ArcGIS tree layer, 2023–24",central,,,,b28c4a36-b03c-4079-b14e-14b9afa0e64d
UVM-1328,betula-nigra,44.476432,-73.197935,"Mapped in UVM's ArcGIS tree layer, 2023–24",central,,,,66ec9db0-f6c3-4132-b9ff-a15d7ed6bf40
UVM-1329,betula-nigra,44.476414,-73.197884,"Mapped in UVM's ArcGIS tree layer, 2023–24",central,,,,cf01c64f-382d-4506-ab8b-5aed285081d4
UVM-1330,betula-nigra,44.476391,-73.197831,"Mapped in UVM's ArcGIS tree layer, 2023–24",central,,,,4c00f34b-307f-4f5b-bc51-3d6fbabc8401
UVM-1331,betula-nigra,44.476363,-73.197788,"Mapped in UVM's ArcGIS tree layer, 2023–24",central,,,,cdfdbd56-f9b0-4a86-9f38-60f15ef7e519
UVM-1332,betula-nigra,44.476339,-73.197721,"Mapped in UVM's ArcGIS tree layer, 2023–24",central,,,,13c1fdf4-3f45-48b8-a260-b765e404850b
UVM-4048,quercus-bicolor,44.476532,-73.197731,"Mapped in UVM's ArcGIS tree layer, 2023–24",central,,,,4c7b8fa0-95d1-4169-b3a5-949586169605
UVM-3009,quercus-bicolor,44.476649,-73.197451,"Mapped in UVM's ArcGIS tree layer, 2023–24",central,,,,8ee3b10f-4810-45a1-b2a4-049289ec6a95
UVM-0338,quercus-rubra,44.476641,-73.197313,"Mapped in UVM's ArcGIS tree layer, 2023–24",central,,,,60ec959d-1631-4c22-ad8b-4601e046d063
UVM-3010,quercus-bicolor,44.476727,-73.197271,"Mapped in UVM's ArcGIS tree layer, 2023–24",central,,,,70ab7fcd-d981-4dbf-a95b-f622396e49ff
UVM-3011,ulmus-sp,44.476703,-73.197167,"Mapped in UVM's ArcGIS tree layer, 2023–24",central,,,,806461e4-301e-4639-9034-01c3dd921901
UVM-3012,ulmus-sp,44.476562,-73.197167,"Mapped in UVM's ArcGIS tree layer, 2023–24",central,,,,7cc37054-fcfe-43b7-9acd-046bbe178d52
UVM-3006,pinus-strobus,44.476455,-73.197250,"Mapped in UVM's ArcGIS tree layer, 2023–24",central,,,,e0c18b02-26ee-4a0d-adc6-e9b26a73c821
UVM-3007,pinus-strobus,44.476443,-73.197342,"Mapped in UVM's ArcGIS tree layer, 2023–24",central,,,,91e7f181-43aa-4e49-bd51-6750af692257
UVM-4049,pinus-strobus,44.476506,-73.197369,"Mapped in UVM's ArcGIS tree layer, 2023–24",central,,,,bc3a82f8-9327-44be-8326-556a7f36493b
UVM-4050,pinus-strobus,44.476433,-73.197461,"Mapped in UVM's ArcGIS tree layer, 2023–24",central,,,,3007c670-ee4a-40b7-ad40-e0e1d2468ef7
UVM-3008,pinus-strobus,44.476478,-73.197534,"Mapped in UVM's ArcGIS tree layer, 2023–24",central,,,,fb061fdc-36e9-4a41-8be6-a8c9c90ec918
UVM-3005,ulmus-sp,44.476471,-73.196963,"Mapped in UVM's ArcGIS tree layer, 2023–24",central,,,,071c945f-4ebc-44ec-99e9-56e6cbac8367
UVM-3004,ulmus-sp,44.476596,-73.197007,"Mapped in UVM's ArcGIS tree layer, 2023–24",central,,,,7cafe671-4f57-471d-8ebd-6f4437794675
UVM-1366,ulmus-sp,44.476696,-73.197021,"Mapped in UVM's ArcGIS tree layer, 2023–24",central,,,,e0826056-97ad-4f4f-a656-6ebc0658f063
UVM-1365,ulmus-sp,44.476693,-73.196948,"Mapped in UVM's ArcGIS tree layer, 2023–24",central,,,,812172ae-746d-42f0-a74d-b29f5ffe1ce2
UVM-1364,ulmus-sp,44.476621,-73.196872,"Mapped in UVM's ArcGIS tree layer, 2023–24",central,,,,d705d692-8760-46d9-907f-5de82bb6b197
UVM-1363,ulmus-sp,44.476550,-73.196812,"Mapped in UVM's ArcGIS tree layer, 2023–24",central,,,,cc98291a-5b1b-4af2-b1fa-21aeebcd0aef
UVM-1362,ulmus-sp,44.476485,-73.196753,"Mapped in UVM's ArcGIS tree layer, 2023–24",central,,,,4edc4875-d0ba-4492-9841-a1e60e53b429
UVM-1361,ulmus-sp,44.476416,-73.196703,"Mapped in UVM's ArcGIS tree layer, 2023–24",central,,,,ba12fa70-afa3-4e6e-aa1f-89cf2011cc67
UVM-1360,ulmus-sp,44.476336,-73.196630,"Mapped in UVM's ArcGIS tree layer, 2023–24",central,,,,ce323281-7181-484b-868f-7f5c18c63681
UVM-0346,gleditsia-triacanthos,44.476292,-73.196664,"Mapped in UVM's ArcGIS tree layer, 2023–24",central,,,,bfb2af9b-1645-4b73-83b5-96b954d42234
UVM-0347,quercus-robur-fastigiata,44.476204,-73.196351,"Mapped in UVM's ArcGIS tree layer, 2023–24",central,,,,8301fa8d-3cc7-4178-a479-450ee977af66
UVM-0348,quercus-robur-fastigiata,44.476203,-73.196305,"Mapped in UVM's ArcGIS tree layer, 2023–24",central,,,,8e2e3eb8-9790-404a-bc7d-3b8048399520
UVM-0349,quercus-bicolor,44.476466,-73.196264,"Mapped in UVM's ArcGIS tree layer, 2023–24",central,,,,6fe4806c-f25a-44c5-b8a3-4ab5d06a1f05
UVM-4051,acer-campestre,44.476455,-73.196077,"Mapped in UVM's ArcGIS tree layer, 2023–24",central,,,,143bb2c1-d211-4f8f-8b19-60e110b3a81c
UVM-0343,quercus-alba,44.476575,-73.196397,"Mapped in UVM's ArcGIS tree layer, 2023–24",central,,,,81d0ef26-633f-4633-bbac-103c434a89d0
UVM-1359,platanus-occidentalis,44.476503,-73.196497,"Mapped in UVM's ArcGIS tree layer, 2023–24",central,,,,9b40f53a-e34f-461d-8ef8-df9e90eb309b
UVM-0383,quercus-alba,44.476643,-73.196544,"Mapped in UVM's ArcGIS tree layer, 2023–24",central,,,,4c01b7a9-daea-400c-8d22-ef6595590a24
UVM-0341,gleditsia-triacanthos,44.476631,-73.196639,"Mapped in UVM's ArcGIS tree layer, 2023–24",central,,,,487e521e-e725-4f19-a762-5678c1095097
UVM-1358,platanus-occidentalis,44.476723,-73.196732,"Mapped in UVM's ArcGIS tree layer, 2023–24",central,,,,e1e15a31-857d-4e6f-8089-2cb6ebc7cb6a
UVM-0340,ulmus-sp,44.476800,-73.196746,"Mapped in UVM's ArcGIS tree layer, 2023–24",central,,,,e92161ca-317c-4cdb-9afc-659e5fee306d
UVM-4052,tilia-cordata,44.476832,-73.196599,"Mapped in UVM's ArcGIS tree layer, 2023–24",central,,,,99712376-992c-45d6-87a6-26f6bef48baf
UVM-0364,quercus-palustris,44.476789,-73.196428,"Mapped in UVM's ArcGIS tree layer, 2023–24",central,,,,7270b6c3-31ae-41ff-90fb-be9781f2121f
UVM-0363,gymnocladus-dioicus,44.476731,-73.196251,"Mapped in UVM's ArcGIS tree layer, 2023–24",central,,,,22b2656e-c2a1-476f-97db-f7335f776b9a
UVM-0350,gymnocladus-dioicus,44.476618,-73.196118,"Mapped in UVM's ArcGIS tree layer, 2023–24",central,,,,82733319-67a6-4fd9-8d08-35701c8c3d10
UVM-0351,quercus-imbricaria,44.476610,-73.195975,"Mapped in UVM's ArcGIS tree layer, 2023–24",central,,,,2ef5f919-07cb-4571-ad29-d4cbdb97897e
UVM-3001,acer-campestre,44.476503,-73.195869,"Mapped in UVM's ArcGIS tree layer, 2023–24",central,,,,ca2fc8d4-0b26-4ad1-8bad-784c6afaf160
UVM-0360,quercus-imbricaria,44.476793,-73.195929,"Mapped in UVM's ArcGIS tree layer, 2023–24",central,,,,7a967c5a-8bd9-4d41-bcf9-df823c15f9cb
UVM-0361,quercus-rubra,44.476812,-73.196047,"Mapped in UVM's ArcGIS tree layer, 2023–24",central,,,,4d5a8b56-bc87-4ae1-97c5-760a00c8399c
UVM-0362,tilia-cordata,44.476931,-73.195992,"Mapped in UVM's ArcGIS tree layer, 2023–24",central,,,,55ffe5fc-4b78-42b8-8529-2759542ebd87
UVM-4053,tilia-cordata,44.476918,-73.196144,"Mapped in UVM's ArcGIS tree layer, 2023–24",central,,,,0cfd744a-87c4-49c9-b3e8-fdf19fed1714
UVM-0365,quercus-alba,44.476906,-73.196309,"Mapped in UVM's ArcGIS tree layer, 2023–24",central,,,,e19fa916-a3a8-4552-82e2-e3f2330aa716
UVM-0366,quercus-alba,44.476904,-73.196502,"Mapped in UVM's ArcGIS tree layer, 2023–24",central,,,,5d34ada5-a90d-4087-8f99-3a5b429cceab
UVM-4054,syringa-reticulata,44.476974,-73.196795,"Mapped in UVM's ArcGIS tree layer, 2023–24",central,,,,b98de96d-8bbd-4581-8dc1-13ee4867fae1
UVM-4055,syringa-reticulata,44.476968,-73.196871,"Mapped in UVM's ArcGIS tree layer, 2023–24",central,,,,98f51104-0681-415c-ae6d-a5fb2b0ef67d
UVM-4056,populus-nigra,44.477029,-73.196911,"Mapped in UVM's ArcGIS tree layer, 2023–24",central,,,,54d3c901-7e55-4655-b603-d2670bd9a043
UVM-4057,populus-nigra,44.477045,-73.196873,"Mapped in UVM's ArcGIS tree layer, 2023–24",central,,,,c1ead582-aa78-4f00-a97d-0d2778a01578
UVM-4058,populus-nigra,44.477047,-73.196831,"Mapped in UVM's ArcGIS tree layer, 2023–24",central,,,,5a6fcb53-7327-4615-aec8-0db4d97b0984
UVM-0370,celtis-occidentalis,44.476990,-73.196693,"Mapped in UVM's ArcGIS tree layer, 2023–24",central,,,,85e7276f-f6f6-41d4-bf06-850ce1ce64a5
UVM-4059,tilia-cordata,44.477029,-73.196306,"Mapped in UVM's ArcGIS tree layer, 2023–24",central,,,,21f488bd-cf3d-4b17-b859-885101e89b1b
UVM-4060,tilia-cordata,44.477033,-73.196226,"Mapped in UVM's ArcGIS tree layer, 2023–24",central,,,,f4ae3d1e-e89d-4dfb-8ba5-bc2715b7a148
UVM-3002,phellodendron-amurense,44.477043,-73.196151,"Mapped in UVM's ArcGIS tree layer, 2023–24",central,,,,998aaf57-1491-4a6b-82e0-236623296a20
UVM-4061,tilia-cordata,44.477098,-73.196043,"Mapped in UVM's ArcGIS tree layer, 2023–24",central,,,,c8b505e6-c113-4744-a085-8959f0b79b58
UVM-0376,syringa-reticulata,44.477449,-73.196866,"Mapped in UVM's ArcGIS tree layer, 2023–24",central,,,,54e7eb28-b930-4c3a-a67d-2669b70104e8
UVM-0377,syringa-reticulata,44.477447,-73.196917,"Mapped in UVM's ArcGIS tree layer, 2023–24",central,,,,0f55d72c-49df-4125-85b8-a9148f15fcfe
UVM-0379,acer-palmatum,44.477440,-73.196993,"Mapped in UVM's ArcGIS tree layer, 2023–24",central,,,,a4f7df18-3180-49eb-b48b-bb10aecfe71b
UVM-4062,betula-nigra,44.477231,-73.197523,"Mapped in UVM's ArcGIS tree layer, 2023–24",central,,,,b36a8033-5c57-4dc0-8515-80ed992d7d14
UVM-1314,picea-pungens,44.477175,-73.197923,"Mapped in UVM's ArcGIS tree layer, 2023–24",central,,,,509e378e-ec43-41f6-b5c4-fd15a8b974a7
UVM-1313,picea-pungens,44.477192,-73.197922,"Mapped in UVM's ArcGIS tree layer, 2023–24",central,,,,e6228b94-5697-42d0-bf2e-eba1f310a2ef
UVM-4063,thuja-sp,44.477199,-73.197948,"Mapped in UVM's ArcGIS tree layer, 2023–24",central,,,,be9fe9b1-e66c-4ddd-99ff-c618978eea9a
UVM-1311,tsuga-canadensis,44.477211,-73.197925,"Mapped in UVM's ArcGIS tree layer, 2023–24",central,,,,8b9458cb-9eb6-4032-bc27-e78ffc88bb44
UVM-3014,thuja-sp,44.477223,-73.197958,"Mapped in UVM's ArcGIS tree layer, 2023–24",central,,,,c74cd269-188b-4b72-947d-aee1a88b2e0f
UVM-4064,gleditsia-triacanthos,44.477148,-73.197720,"Mapped in UVM's ArcGIS tree layer, 2023–24",central,,,,da5d3e94-a72d-4697-8ab6-0e7102a53473
UVM-4065,gleditsia-triacanthos,44.477154,-73.197644,"Mapped in UVM's ArcGIS tree layer, 2023–24",central,,,,92b7a987-3d8b-4fc2-ba4a-cab564f47064
UVM-4066,gleditsia-triacanthos,44.477159,-73.197547,"Mapped in UVM's ArcGIS tree layer, 2023–24",central,,,,1e1e3572-7e0a-4732-8f7d-dd2b49a95247
UVM-3015,pinus-nigra,44.477236,-73.198095,"Mapped in UVM's ArcGIS tree layer, 2023–24",central,,,,3cc81dc3-b87b-4060-9b81-aa9a448571c2
UVM-0326,pinus-nigra,44.477220,-73.198173,"Mapped in UVM's ArcGIS tree layer, 2023–24",central,,,,b23ec2a1-a4b1-4b94-a5ba-d10f68c9c3ba
UVM-3013,gleditsia-triacanthos,44.477048,-73.197370,"Mapped in UVM's ArcGIS tree layer, 2023–24",central,,,,a53b6648-0e04-4ef8-86e7-90e887189654
UVM-1321,ulmus-sp,44.476890,-73.197324,"Mapped in UVM's ArcGIS tree layer, 2023–24",central,,,,8f946fee-d7e5-47c1-8f12-e6cfc64a508c
UVM-1320,ulmus-sp,44.476919,-73.197435,"Mapped in UVM's ArcGIS tree layer, 2023–24",central,,,,818ee150-abb3-4d2f-88e5-75e4d03a033a
UVM-1319,ulmus-sp,44.476953,-73.197553,"Mapped in UVM's ArcGIS tree layer, 2023–24",central,,,,c140c07c-0a7d-416c-9240-e6f6f35c0621
UVM-1318,ulmus-sp,44.476970,-73.197668,"Mapped in UVM's ArcGIS tree layer, 2023–24",central,,,,df32eb2f-9c4e-425d-bd5a-a808d91a38ea
UVM-1317,ulmus-sp,44.476987,-73.197783,"Mapped in UVM's ArcGIS tree layer, 2023–24",central,,,,7f7a557c-67d9-461d-ab35-90a22352a530
UVM-1316,ulmus-sp,44.477003,-73.197876,"Mapped in UVM's ArcGIS tree layer, 2023–24",central,,,,e81a6073-48a6-4514-888c-3e214420d4a8
UVM-1315,ulmus-sp,44.477012,-73.197930,"Mapped in UVM's ArcGIS tree layer, 2023–24",central,,,,332887bd-53ba-4003-81ad-9e8c69a91073
UVM-4067,quercus-bicolor,44.476783,-73.197412,"Mapped in UVM's ArcGIS tree layer, 2023–24",central,,,,490e988c-ef6a-4a46-91c2-545eb9f874de
UVM-4068,quercus-bicolor,44.476737,-73.197511,"Mapped in UVM's ArcGIS tree layer, 2023–24",central,,,,a24e80b4-0dcf-41c4-95eb-669cb207083c
UVM-4069,quercus-bicolor,44.476689,-73.197606,"Mapped in UVM's ArcGIS tree layer, 2023–24",central,,,,295eb16d-dd31-4e2b-80a9-bc0eaef683c6
UVM-4070,quercus-bicolor,44.476665,-73.197666,"Mapped in UVM's ArcGIS tree layer, 2023–24",central,,,,ffc1c981-63c8-44d9-887e-4d119cfc1d00
UVM-1322,gleditsia-triacanthos,44.476527,-73.197926,"Mapped in UVM's ArcGIS tree layer, 2023–24",central,,,,3f943f41-d188-4d36-ad64-efe485b4cd9e
UVM-4071,gleditsia-triacanthos,44.476587,-73.197925,"Mapped in UVM's ArcGIS tree layer, 2023–24",central,,,,b7bfa10a-93c6-4489-a94f-cb04f658b07a
UVM-1324,gleditsia-triacanthos,44.476633,-73.197926,"Mapped in UVM's ArcGIS tree layer, 2023–24",central,,,,bebf232a-daf2-4882-8cc8-e625061d2d6d
UVM-4072,gleditsia-triacanthos,44.476709,-73.197942,"Mapped in UVM's ArcGIS tree layer, 2023–24",central,,,,d382dd07-2aa1-46ab-b36c-1d006f0133ac
UVM-4073,gleditsia-triacanthos,44.476782,-73.197967,"Mapped in UVM's ArcGIS tree layer, 2023–24",central,,,,80de2676-ef78-4dbb-b06b-b37c1eb5cbf7
UVM-4074,gleditsia-triacanthos,44.476873,-73.198009,"Mapped in UVM's ArcGIS tree layer, 2023–24",central,,,,7fe720f7-e86d-4f33-863e-bff47c657968
UVM-0323,ginkgo-biloba,44.476837,-73.198259,"Mapped in UVM's ArcGIS tree layer, 2023–24",central,,,,3e855c40-40a9-4718-aaef-8774dfdb88f3
UVM-0322,ginkgo-biloba,44.476775,-73.198229,"Mapped in UVM's ArcGIS tree layer, 2023–24",central,,,,869a1e86-9d3b-444f-bb75-14a487cafc7b
UVM-0321,ginkgo-biloba,44.476687,-73.198199,"Mapped in UVM's ArcGIS tree layer, 2023–24",central,,,,644f0601-af5f-49ef-8d6e-278716d9c271
UVM-0320,ginkgo-biloba,44.476624,-73.198187,"Mapped in UVM's ArcGIS tree layer, 2023–24",central,,,,6035eff5-30b9-41b2-bfbd-9173fef93669
UVM-0319,ginkgo-biloba,44.476569,-73.198196,"Mapped in UVM's ArcGIS tree layer, 2023–24",central,,,,6657f1a7-2f9e-48d6-ac11-f69c2974fe7f
UVM-0318,ginkgo-biloba,44.476504,-73.198207,"Mapped in UVM's ArcGIS tree layer, 2023–24",central,,,,16fbbc5f-5173-452f-b9e5-4782a25ebcef
UVM-3208,acer-x-freemanii,44.476390,-73.198214,"Mapped in UVM's ArcGIS tree layer, 2023–24",central,,,,ad7c754d-7dee-440f-8ec7-85ab66534cab
UVM-4075,taxodium-distichum,44.476350,-73.198280,"Mapped in UVM's ArcGIS tree layer, 2023–24",central,,,,2f49ac29-76fd-4480-b20b-e038b908f4a5
UVM-3209,ulmus-sp,44.476377,-73.198441,"Mapped in UVM's ArcGIS tree layer, 2023–24",central,,,,4104a5da-3cee-464f-8814-8920b20e49bd
UVM-0316,malus-sp,44.476467,-73.198666,"Mapped in UVM's ArcGIS tree layer, 2023–24",central,,,,81176241-a516-4adc-9fba-bb505d76f3b9
UVM-3210,ulmus-sp,44.476522,-73.198818,"Mapped in UVM's ArcGIS tree layer, 2023–24",central,,,,e45ee2d3-a84e-4cba-bcfe-f7e13796d101
UVM-3211,ulmus-sp,44.476606,-73.198892,"Mapped in UVM's ArcGIS tree layer, 2023–24",central,,,,f3d032e7-e20b-44d6-a82b-9cbe6bf2027e
UVM-0310,malus-sp,44.476687,-73.198788,"Mapped in UVM's ArcGIS tree layer, 2023–24",central,,,,02ee8eb4-0b7b-4707-b4e7-e861b4270618
UVM-0309,malus-sp,44.476630,-73.198698,"Mapped in UVM's ArcGIS tree layer, 2023–24",central,,,,4b8b35de-6177-494b-a35c-62e707fe14c8
UVM-0308,picea-abies,44.476670,-73.198613,"Mapped in UVM's ArcGIS tree layer, 2023–24",central,,,,c30dbae4-702d-4e63-bef1-e06a265cef54
UVM-0314,acer-saccharum,44.476721,-73.198914,"Mapped in UVM's ArcGIS tree layer, 2023–24",central,,,,7949ef51-c30b-4430-bbee-5503a1905723
UVM-0313,acer-saccharum,44.476824,-73.198927,"Mapped in UVM's ArcGIS tree layer, 2023–24",central,,,,3ace58ee-c734-4c6e-b5bf-ba8497f61fff
UVM-0311,quercus-palustris,44.476763,-73.198829,"Mapped in UVM's ArcGIS tree layer, 2023–24",central,,,,8a404d68-4090-4ef1-8e57-565080eb9be8
UVM-0312,malus-sp,44.476845,-73.198700,"Mapped in UVM's ArcGIS tree layer, 2023–24",central,,,,c73bf00c-7b4f-4098-bc23-f366966f933e
UVM-0307,picea-abies,44.476763,-73.198646,"Mapped in UVM's ArcGIS tree layer, 2023–24",central,,,,91fbd758-ab9c-4b9b-864b-40968f9539d8
UVM-0306,ginkgo-biloba,44.476778,-73.198539,"Mapped in UVM's ArcGIS tree layer, 2023–24",central,,,,a3cb10d8-b06b-4cfb-b91d-5adb9cb8f37b
UVM-0304,ginkgo-biloba,44.476876,-73.198359,"Mapped in UVM's ArcGIS tree layer, 2023–24",central,,,,eaa32a0d-4c93-4665-8e94-7ec36a96e6d2
UVM-0305,ginkgo-biloba,44.476796,-73.198322,"Mapped in UVM's ArcGIS tree layer, 2023–24",central,,,,788bc493-b26c-44c9-80a4-ce49b1e368be
UVM-0298,acer-platanoides,44.477205,-73.198742,"Mapped in UVM's ArcGIS tree layer, 2023–24",central,,,,0e35aa5a-2e17-4ad9-945c-cb5e5ca82ab4
UVM-0299,acer-platanoides,44.477208,-73.198706,"Mapped in UVM's ArcGIS tree layer, 2023–24",central,,,,5a8dd19d-7930-405f-86af-527455810adb
UVM-3269,acer-platanoides,44.477211,-73.198658,"Mapped in UVM's ArcGIS tree layer, 2023–24",central,,,,514bac24-da21-4a4c-bfaa-82c8626814fa
UVM-0301,acer-platanoides,44.477212,-73.198603,"Mapped in UVM's ArcGIS tree layer, 2023–24",central,,,,bdceb489-6ae7-4240-807b-37e028ad5fc3
UVM-0294,acer-platanoides,44.477269,-73.198592,"Mapped in UVM's ArcGIS tree layer, 2023–24",central,,,,1bfdf5bd-8ec0-42d0-bf9f-a422616b070e
UVM-0295,acer-platanoides,44.477266,-73.198640,"Mapped in UVM's ArcGIS tree layer, 2023–24",central,,,,89af72f0-eb6e-4d26-82a9-0b404810b412
UVM-0296,acer-platanoides,44.477260,-73.198692,"Mapped in UVM's ArcGIS tree layer, 2023–24",central,,,,8686817a-6cfa-45d3-9c1b-c7f6b069cd90
UVM-0297,acer-platanoides,44.477258,-73.198743,"Mapped in UVM's ArcGIS tree layer, 2023–24",central,,,,16538431-3d9f-47cd-b4a8-3bea2771d39d
UVM-4076,gleditsia-triacanthos,44.477311,-73.198802,"Mapped in UVM's ArcGIS tree layer, 2023–24",central,,,,e553bf91-1e5f-4540-af07-8ef75e3b9196
UVM-4077,gleditsia-triacanthos,44.477400,-73.198810,"Mapped in UVM's ArcGIS tree layer, 2023–24",central,,,,74180646-0c8c-4ec9-8ef4-80828f199b71
UVM-3273,quercus-palustris,44.477551,-73.198674,"Mapped in UVM's ArcGIS tree layer, 2023–24",central,,,,4d6a4e62-05ac-4832-b9cb-3e91f7a8b360
UVM-0289,quercus-palustris,44.477609,-73.198680,"Mapped in UVM's ArcGIS tree layer, 2023–24",central,,,,744953ef-2e14-4741-b293-b09fe99ba571
UVM-3272,quercus-palustris,44.477664,-73.198690,"Mapped in UVM's ArcGIS tree layer, 2023–24",central,,,,41cc9395-bdec-46c6-afa3-b1176de1912b
UVM-3271,quercus-palustris,44.477715,-73.198704,"Mapped in UVM's ArcGIS tree layer, 2023–24",central,,,,2fe97b9e-9e7d-4852-a44d-d6350e6dc41c
UVM-4078,populus-nigra,44.477791,-73.198544,"Mapped in UVM's ArcGIS tree layer, 2023–24",central,,,,46ccf867-4c0d-4fce-8a09-f7208ab52117
UVM-0291,quercus-palustris,44.477730,-73.198545,"Mapped in UVM's ArcGIS tree layer, 2023–24",central,,,,4043ade7-14b7-4365-9b68-97b531dd24c1
UVM-0292,quercus-palustris,44.477657,-73.198530,"Mapped in UVM's ArcGIS tree layer, 2023–24",central,,,,f77b5624-4fc7-4e1b-97f7-1ce29a4482ac
UVM-0394,acer-platanoides,44.477698,-73.198291,"Mapped in UVM's ArcGIS tree layer, 2023–24",central,,,,dd023fc9-a06b-44c3-8194-ec281b660056
UVM-4079,betula-nigra,44.477645,-73.198006,"Mapped in UVM's ArcGIS tree layer, 2023–24",central,,,,a37096aa-07fa-456b-a1c3-e2e4c1a94d57
UVM-4080,betula-nigra,44.477718,-73.198019,"Mapped in UVM's ArcGIS tree layer, 2023–24",central,,,,4c493202-7a41-4813-afb3-d1a0bed6ec66
UVM-4081,betula-nigra,44.477779,-73.198028,"Mapped in UVM's ArcGIS tree layer, 2023–24",central,,,,586f22d3-e962-40d2-b4eb-eafbf8fe5fb1
UVM-4082,betula-nigra,44.477898,-73.198099,"Mapped in UVM's ArcGIS tree layer, 2023–24",central,,,,c71c53e0-92c7-4521-ba23-5ca95389700f
UVM-4083,betula-nigra,44.477951,-73.198166,"Mapped in UVM's ArcGIS tree layer, 2023–24",central,,,,1a942892-6a85-4ea1-b51b-34dfeef62855
UVM-4084,acer-x-freemanii,44.478051,-73.198338,"Mapped in UVM's ArcGIS tree layer, 2023–24",central,,,,93ab6f30-7947-4f3f-b6f2-c881bfdd136c
UVM-4085,acer-x-freemanii,44.478163,-73.198344,"Mapped in UVM's ArcGIS tree layer, 2023–24",central,,,,1cd89be4-3b9a-484a-8b57-ec30898847df
UVM-0271,quercus-palustris,44.478214,-73.198539,"Mapped in UVM's ArcGIS tree layer, 2023–24",central,,,,46864ea0-a285-4e26-8fba-e154d532c2a6
UVM-0270,quercus-palustris,44.478170,-73.198611,"Mapped in UVM's ArcGIS tree layer, 2023–24",central,,,,8513773b-838e-4a79-aa51-9216779bbbd7
UVM-0269,quercus-palustris,44.478119,-73.198603,"Mapped in UVM's ArcGIS tree layer, 2023–24",central,,,,e266de20-92c2-4964-b5c0-f52b9d6122fe
UVM-3255,quercus-palustris,44.478057,-73.198591,"Mapped in UVM's ArcGIS tree layer, 2023–24",central,,,,eee22f95-fa7e-4f1d-a75b-c9a6561f231e
UVM-0267,quercus-palustris,44.478000,-73.198587,"Mapped in UVM's ArcGIS tree layer, 2023–24",central,,,,35d55f02-45d9-464a-b730-303863c23f57
UVM-0263,quercus-palustris,44.477999,-73.198744,"Mapped in UVM's ArcGIS tree layer, 2023–24",central,,,,795cf2ca-4db7-444e-a02e-141d345e61ea
UVM-0264,quercus-palustris,44.478048,-73.198757,"Mapped in UVM's ArcGIS tree layer, 2023–24",central,,,,472ce21c-082f-4739-a186-5aee47317acd
UVM-0265,quercus-palustris,44.478102,-73.198765,"Mapped in UVM's ArcGIS tree layer, 2023–24",central,,,,9ab053c5-9e95-41e3-81d7-1fed88abfdb9
UVM-3270,quercus-palustris,44.478154,-73.198774,"Mapped in UVM's ArcGIS tree layer, 2023–24",central,,,,6d2a2949-b5c3-4d85-a3b4-3e1fcab9af00
UVM-3268,fraxinus-pennsylvanica,44.477181,-73.198935,"Mapped in UVM's ArcGIS tree layer, 2023–24",central,,,,18d64a44-0605-471f-8304-1e78941a0367
UVM-1302,acer-x-freemanii,44.477095,-73.198931,"Mapped in UVM's ArcGIS tree layer, 2023–24",central,,,,fa4900c4-ed49-4fa3-b383-224cd0efebe1
UVM-0282,fraxinus-pennsylvanica,44.477583,-73.199025,"Mapped in UVM's ArcGIS tree layer, 2023–24",central,,,,e867682e-ad5d-4e98-ac5d-0d611e759f1f
UVM-3267,acer-saccharinum,44.477738,-73.199095,"Mapped in UVM's ArcGIS tree layer, 2023–24",central,,,,eee75ff7-9544-4a1d-b574-5d2ff76efc39
UVM-3266,acer-saccharinum,44.477913,-73.199131,"Mapped in UVM's ArcGIS tree layer, 2023–24",central,,,,7373b800-a7ff-4ed2-9d32-dd6e4e9ab588
UVM-0280,acer-rubrum,44.478068,-73.199179,"Mapped in UVM's ArcGIS tree layer, 2023–24",central,,,,595f24aa-57b3-4c42-9ab9-bd191479746b
UVM-3265,ulmus-sp,44.478184,-73.199150,"Mapped in UVM's ArcGIS tree layer, 2023–24",central,,,,c0f65568-9650-420e-b264-47513b8b5d57
UVM-3264,ulmus-sp,44.478328,-73.199181,"Mapped in UVM's ArcGIS tree layer, 2023–24",central,,,,9623e960-4eb4-4187-8d1a-561f89e858e7
UVM-3263,acer-saccharinum,44.478389,-73.199195,"Mapped in UVM's ArcGIS tree layer, 2023–24",central,,,,d3ea1d58-cd24-4cea-80d9-dbd7f5fb2d80
UVM-0258,acer-saccharinum,44.478467,-73.199207,"Mapped in UVM's ArcGIS tree layer, 2023–24",central,,,,c571632d-becf-472e-b563-3f0f7522a7b1
UVM-3262,ulmus-sp,44.478615,-73.199224,"Mapped in UVM's ArcGIS tree layer, 2023–24",central,,,,082fb55d-c27b-41dc-b522-5c311b4f1d28
UVM-3261,acer-platanoides,44.478710,-73.199282,"Mapped in UVM's ArcGIS tree layer, 2023–24",central,,,,3c384b16-5d7a-4d9d-8b9a-aae0fb3c14e8
UVM-0491,zelkova-serrata,44.478804,-73.199252,"Mapped in UVM's ArcGIS tree layer, 2023–24",central,,,,4f668e52-5bd0-45e8-aa19-652ea176b785
UVM-0250,acer-saccharum,44.479120,-73.199371,"Mapped in UVM's ArcGIS tree layer, 2023–24",central,,,,ee451f9d-8e55-48fe-8ba7-e4d6bbc6c886
UVM-3260,acer-saccharum,44.479236,-73.199394,"Mapped in UVM's ArcGIS tree layer, 2023–24",central,,,,24eb8796-aa4b-4747-8915-5e322554335b
UVM-4086,magnolia-sp,44.479293,-73.199229,"Mapped in UVM's ArcGIS tree layer, 2023–24",central,,,,cba45af2-3c83-41ef-a13c-f26a4fbf2d43
UVM-0246,pyrus-calleryana,44.479504,-73.199395,"Mapped in UVM's ArcGIS tree layer, 2023–24",central,,,,3649e601-bd35-4bd2-8e6d-0eb6e5d4bcc4
UVM-3259,acer-platanoides,44.479590,-73.199316,"Mapped in UVM's ArcGIS tree layer, 2023–24",central,,,,b1326eaa-f4ac-4093-afe2-995cba4ec243
UVM-0242,malus-sp,44.479626,-73.199103,"Mapped in UVM's ArcGIS tree layer, 2023–24",central,,,,e78237ab-c09e-4949-a44c-4e392d35419d
UVM-0241,malus-sp,44.479663,-73.199195,"Mapped in UVM's ArcGIS tree layer, 2023–24",central,,,,b8fd4b8e-35b5-4d3f-82df-759a832e7064
UVM-0239,acer-platanoides,44.479607,-73.199446,"Mapped in UVM's ArcGIS tree layer, 2023–24",central,,,,84729133-7c3e-4aad-a236-59a0ba5330f6
UVM-4087,gleditsia-triacanthos,44.479678,-73.199330,"Mapped in UVM's ArcGIS tree layer, 2023–24",central,,,,641891d0-76fb-4eb0-9a37-66a7e304478f
UVM-0236,acer-saccharum,44.479941,-73.199516,"Mapped in UVM's ArcGIS tree layer, 2023–24",central,,,,1242a966-99b6-4122-b81a-7a61537a7cb2
UVM-1096,quercus-bicolor,44.477529,-73.195003,"Mapped in UVM's ArcGIS tree layer, 2023–24",central,,,,ee0f56f4-c9f5-408f-a3fc-6da7fa7f72ac
UVM-3016,cercidiphyllum-japonicum,44.477604,-73.194861,"Mapped in UVM's ArcGIS tree layer, 2023–24",central,,,,e39c2613-ed9a-44ef-bce1-21b6fcb30ccb
UVM-3017,malus-sp,44.477680,-73.194970,"Mapped in UVM's ArcGIS tree layer, 2023–24",central,,,,86a0a363-6943-4272-98aa-7c2905bffb78
UVM-1093,ostrya-virginiana,44.477721,-73.194918,"Mapped in UVM's ArcGIS tree layer, 2023–24",central,,,,3d75322c-7c6c-4b9c-9853-50306bb4c8ab
UVM-1092,quercus-rubra,44.477783,-73.194963,"Mapped in UVM's ArcGIS tree layer, 2023–24",central,,,,d570eeac-ddef-47a0-84eb-be6f1d936861
UVM-1091,quercus-rubra,44.477828,-73.194943,"Mapped in UVM's ArcGIS tree layer, 2023–24",central,,,,de972116-c38b-40ef-b37b-23f0c307eb6e
UVM-1089,quercus-rubra,44.477875,-73.194923,"Mapped in UVM's ArcGIS tree layer, 2023–24",central,,,,9bfee5bd-d496-493b-b15d-ca8dc599cfb7
UVM-1076,amelanchier-sp,44.478113,-73.194539,"Mapped in UVM's ArcGIS tree layer, 2023–24",central,,,,0707e7ad-4596-4a65-afa1-b59e5b5bf9f6
UVM-1074,amelanchier-sp,44.478070,-73.194535,"Mapped in UVM's ArcGIS tree layer, 2023–24",central,,,,805aa818-0118-41f4-8414-a6011dbb4c72
UVM-1072,amelanchier-sp,44.478029,-73.194530,"Mapped in UVM's ArcGIS tree layer, 2023–24",central,,,,e105d5b8-8127-4798-97a2-f5cf2d62abc7
UVM-0633,amelanchier-sp,44.477993,-73.194531,"Mapped in UVM's ArcGIS tree layer, 2023–24",central,,,,99acb2ba-20ab-423f-970d-061d12dcfefa
UVM-1069,amelanchier-sp,44.477954,-73.194523,"Mapped in UVM's ArcGIS tree layer, 2023–24",central,,,,5670c30c-a070-4118-9550-c729a911f7b6
UVM-1064,tilia-cordata,44.478156,-73.194426,"Mapped in UVM's ArcGIS tree layer, 2023–24",central,,,,25536631-b6b2-4ba0-9226-8ff35c8ce08b
UVM-1061,picea-glauca,44.478196,-73.194199,"Mapped in UVM's ArcGIS tree layer, 2023–24",central,,,,58aeaa8d-aa53-4347-9c9e-d0cde1aaeec3
UVM-1062,picea-glauca,44.478149,-73.194205,"Mapped in UVM's ArcGIS tree layer, 2023–24",central,,,,e2470072-0e7e-43e2-9e27-1af8b779dff3
UVM-1063,picea-glauca,44.478110,-73.194182,"Mapped in UVM's ArcGIS tree layer, 2023–24",central,,,,ab0732a7-c4a8-47d3-b659-5980b9b5e7e8
UVM-1060,malus-sp,44.478180,-73.194256,"Mapped in UVM's ArcGIS tree layer, 2023–24",central,,,,fc564ed3-1250-4c4b-91ab-6b32f63b7527
UVM-1057,amelanchier-sp,44.478220,-73.194182,"Mapped in UVM's ArcGIS tree layer, 2023–24",central,,,,3927f0dd-8eea-4ab9-856f-df23d384f791
UVM-1058,tilia-cordata,44.478277,-73.194202,"Mapped in UVM's ArcGIS tree layer, 2023–24",central,,,,9c5ad4f9-63f0-4efd-9c60-b94a4134a37d
UVM-1056,amelanchier-sp,44.478298,-73.194093,"Mapped in UVM's ArcGIS tree layer, 2023–24",central,,,,0fd09415-bfcf-4b45-bef5-a585eef58bf4
UVM-1055,tilia-cordata,44.478333,-73.194159,"Mapped in UVM's ArcGIS tree layer, 2023–24",central,,,,be39b12c-fbfe-461e-a05a-9a01d3df6b4a
UVM-1054,tilia-cordata,44.478418,-73.194136,"Mapped in UVM's ArcGIS tree layer, 2023–24",central,,,,9494ca6f-45e1-469d-9106-626cdab7ef47
UVM-1052,amelanchier-sp,44.478634,-73.194080,"Mapped in UVM's ArcGIS tree layer, 2023–24",central,,,,68469f95-6580-4fda-b77a-79057dc437eb
UVM-1053,tilia-cordata,44.478615,-73.194188,"Mapped in UVM's ArcGIS tree layer, 2023–24",central,,,,140d8387-407f-4bbb-b8f3-4ebd5ac26286
UVM-1050,tilia-cordata,44.478672,-73.194260,"Mapped in UVM's ArcGIS tree layer, 2023–24",central,,,,8d9e07bc-1c63-472d-b459-38095ac3631f
UVM-1049,tilia-cordata,44.478713,-73.194331,"Mapped in UVM's ArcGIS tree layer, 2023–24",central,,,,2cd3314a-2873-4736-9fc1-32f9df1335e1
UVM-1048,tilia-cordata,44.478745,-73.194411,"Mapped in UVM's ArcGIS tree layer, 2023–24",central,,,,5b10161d-4aed-4e54-9bd7-d8f2bb29a4cb
UVM-1047,tilia-cordata,44.478766,-73.194498,"Mapped in UVM's ArcGIS tree layer, 2023–24",central,,,,15479700-e94c-4c27-b71f-4add533a6fe1
UVM-0512,carpinus-caroliniana,44.478685,-73.194617,"Mapped in UVM's ArcGIS tree layer, 2023–24",central,,,,727668e6-d17c-47d2-87ff-b6de52ab6975
UVM-0511,carpinus-caroliniana,44.478649,-73.194753,"Mapped in UVM's ArcGIS tree layer, 2023–24",central,,,,f9bb7e29-c89f-40e1-a3ec-b49dab97b695
UVM-0510,carpinus-caroliniana,44.478601,-73.194811,"Mapped in UVM's ArcGIS tree layer, 2023–24",central,,,,ce17b1c1-1128-4347-b3d3-31a3b2f51d17
UVM-0509,carpinus-caroliniana,44.478533,-73.194866,"Mapped in UVM's ArcGIS tree layer, 2023–24",central,,,,d1285230-66c5-4304-907e-10869659a7a3
UVM-1039,carpinus-caroliniana,44.478339,-73.194863,"Mapped in UVM's ArcGIS tree layer, 2023–24",central,,,,0adc16b4-4e41-4d4c-acd0-69f5ba2ebf9a
UVM-1044,carpinus-caroliniana,44.478237,-73.194370,"Mapped in UVM's ArcGIS tree layer, 2023–24",central,,,,d6357d0f-cb5d-4cbd-a067-0b27b1148c71
UVM-1045,carpinus-caroliniana,44.478279,-73.194302,"Mapped in UVM's ArcGIS tree layer, 2023–24",central,,,,8c367b43-6203-4386-9f62-0c1671d23a71
UVM-1046,carpinus-caroliniana,44.478388,-73.194221,"Mapped in UVM's ArcGIS tree layer, 2023–24",central,,,,20826670-5e61-4008-9c2c-d922779bc9b0
UVM-0518,carpinus-caroliniana,44.478524,-73.194225,"Mapped in UVM's ArcGIS tree layer, 2023–24",central,,,,e4859324-e98b-4ec2-b799-e898b644f1ba
UVM-0517,carpinus-caroliniana,44.478605,-73.194296,"Mapped in UVM's ArcGIS tree layer, 2023–24",central,,,,9c2e48cb-85e0-497f-a502-dc8edbca1cef
UVM-0515,stewartia-pseudocamellia,44.478574,-73.194406,"Mapped in UVM's ArcGIS tree layer, 2023–24",central,,,,babdf5cb-495c-4e20-8711-37508482b2aa
UVM-0516,carpinus-caroliniana,44.478648,-73.194365,"Mapped in UVM's ArcGIS tree layer, 2023–24",central,,,,42ad7732-7d09-4691-8a31-956b6b152129
UVM-0514,carpinus-caroliniana,44.478673,-73.194437,"Mapped in UVM's ArcGIS tree layer, 2023–24",central,,,,898fcfd7-cd10-4262-8e2e-79bf613be080
UVM-0513,carpinus-caroliniana,44.478690,-73.194503,"Mapped in UVM's ArcGIS tree layer, 2023–24",central,,,,f66b6d56-2d10-4651-8e2d-cd8efbdf8a62
UVM-1080,quercus-rubra,44.477978,-73.194989,"Mapped in UVM's ArcGIS tree layer, 2023–24",central,,,,d56a7719-72e3-4c31-90e1-79e8bbae8615
UVM-1083,quercus-rubra,44.477928,-73.195053,"Mapped in UVM's ArcGIS tree layer, 2023–24",central,,,,6e68789a-4300-4305-ae2d-62eda3e7c722
UVM-1084,quercus-rubra,44.477886,-73.195027,"Mapped in UVM's ArcGIS tree layer, 2023–24",central,,,,63a91149-c10b-4223-9572-131fba713752
UVM-1085,quercus-rubra,44.477872,-73.195033,"Mapped in UVM's ArcGIS tree layer, 2023–24",central,,,,98137902-277e-4795-8171-9f068257f44c
UVM-1086,quercus-rubra,44.477866,-73.195086,"Mapped in UVM's ArcGIS tree layer, 2023–24",central,,,,8fe4820f-15f2-4f5e-8e93-a6c110d837e4
UVM-1087,quercus-rubra,44.477873,-73.195140,"Mapped in UVM's ArcGIS tree layer, 2023–24",central,,,,37f126f3-e0fa-4f15-8c54-dc2cad6660b2
UVM-1088,quercus-rubra,44.477777,-73.195067,"Mapped in UVM's ArcGIS tree layer, 2023–24",central,,,,e33b649b-cd3a-4722-8e62-bcecfb0536d7
UVM-1100,quercus-rubra,44.477724,-73.195175,"Mapped in UVM's ArcGIS tree layer, 2023–24",central,,,,3bfedeee-1189-4e97-ba66-08452fc2ddae
UVM-4088,quercus-rubra,44.477889,-73.195401,"Mapped in UVM's ArcGIS tree layer, 2023–24",central,,,,90f72c5a-a724-4cf6-ab0c-ce0a435882e5
UVM-4089,quercus-rubra,44.477876,-73.195497,"Mapped in UVM's ArcGIS tree layer, 2023–24",central,,,,bdd9fcb4-dbab-4891-be93-5fd6a395bd02
UVM-4090,quercus-rubra,44.477806,-73.195469,"Mapped in UVM's ArcGIS tree layer, 2023–24",central,,,,e68782fa-7987-4db1-bbee-2471d343b81e
UVM-4091,acer-saccharum,44.477749,-73.195427,"Mapped in UVM's ArcGIS tree layer, 2023–24",central,,,,8908c83e-1f4d-45ba-8684-1e7ea8831aef
UVM-4092,quercus-palustris,44.477683,-73.195390,"Mapped in UVM's ArcGIS tree layer, 2023–24",central,,,,ad70d90d-9d1a-468e-b73e-e1c3caa8e6a9
UVM-4093,quercus-palustris,44.477612,-73.195390,"Mapped in UVM's ArcGIS tree layer, 2023–24",central,,,,162fab22-17a9-4419-8911-12b1e560cdac
UVM-4094,quercus-imbricaria,44.477564,-73.195339,"Mapped in UVM's ArcGIS tree layer, 2023–24",central,,,,4ef90b1a-16da-41c1-b40a-0ee61b96135c
UVM-1099,quercus-bicolor,44.477626,-73.195202,"Mapped in UVM's ArcGIS tree layer, 2023–24",central,,,,d4509f54-e41c-4eb4-bcbc-0b5023d4ab23
UVM-1097,acer-platanoides-crimson-king,44.477494,-73.195188,"Mapped in UVM's ArcGIS tree layer, 2023–24",central,,,,ad947ec3-e333-426f-88a2-406ca7646985
UVM-4095,quercus-palustris,44.477634,-73.195737,"Mapped in UVM's ArcGIS tree layer, 2023–24",central,,,,12431d5f-59fd-410d-a02d-804b5d720fe5
UVM-4096,quercus-palustris,44.477681,-73.195804,"Mapped in UVM's ArcGIS tree layer, 2023–24",central,,,,c07d3824-511e-4a2f-bca9-f23589704b39
UVM-4097,acer-x-freemanii,44.477752,-73.195900,"Mapped in UVM's ArcGIS tree layer, 2023–24",central,,,,87ccaa85-fd14-4b7e-a903-b4988f439a09
UVM-4098,acer-x-freemanii,44.477822,-73.195941,"Mapped in UVM's ArcGIS tree layer, 2023–24",central,,,,bbe34fc9-bd2a-4385-9840-928bf22b1c1c
UVM-4099,ulmus-sp,44.478096,-73.196100,"Mapped in UVM's ArcGIS tree layer, 2023–24",central,,,,0fcaede1-277b-4bca-bd23-8175f20aebb5
UVM-4100,ulmus-sp,44.478084,-73.196239,"Mapped in UVM's ArcGIS tree layer, 2023–24",central,,,,3905860e-1998-44d7-9083-1268d548ebec
UVM-4101,acer-saccharum,44.477947,-73.196284,"Mapped in UVM's ArcGIS tree layer, 2023–24",central,,,,f5043f78-633b-4daf-8ddd-021995a374f2
UVM-4102,acer-saccharum,44.477920,-73.196479,"Mapped in UVM's ArcGIS tree layer, 2023–24",central,,,,9c0930aa-6297-44f5-995c-dcb3838e7401
UVM-4103,quercus-bicolor,44.477724,-73.196523,"Mapped in UVM's ArcGIS tree layer, 2023–24",central,,,,b3a0948f-9f5a-4f97-8711-44d45de2710b
UVM-4104,liriodendron-tulipifera,44.477743,-73.196413,"Mapped in UVM's ArcGIS tree layer, 2023–24",central,,,,38b9206a-620d-4232-8d78-c2d0e2945d5a
UVM-4105,liriodendron-tulipifera,44.477765,-73.196321,"Mapped in UVM's ArcGIS tree layer, 2023–24",central,,,,4b2a164f-7300-4030-ad8e-2007487662b3
UVM-4106,liriodendron-tulipifera,44.477722,-73.196189,"Mapped in UVM's ArcGIS tree layer, 2023–24",central,,,,56960889-6fa1-4af7-9918-0d0391bbae8e
UVM-4107,ulmus-sp,44.477725,-73.196066,"Mapped in UVM's ArcGIS tree layer, 2023–24",central,,,,5a710ca6-3dad-48a3-9ac8-4f9b080a9f61
UVM-4108,ulmus-sp,44.477814,-73.196080,"Mapped in UVM's ArcGIS tree layer, 2023–24",central,,,,7f2a9c96-171a-4205-9e51-f126c5f92c37
UVM-4109,ulmus-sp,44.477929,-73.196125,"Mapped in UVM's ArcGIS tree layer, 2023–24",central,,,,cb74dac2-bf40-437b-a18c-bf64f9b33472
UVM-4110,acer-x-freemanii,44.478429,-73.196253,"Mapped in UVM's ArcGIS tree layer, 2023–24",central,,,,d542f984-4474-48df-ab3f-55ecbdcc2d64
UVM-4111,quercus-rubra,44.478438,-73.196062,"Mapped in UVM's ArcGIS tree layer, 2023–24",central,,,,acbf3dd7-6c76-4bd2-8c50-8e35cdcefa43
UVM-4112,acer-x-freemanii,44.478631,-73.196301,"Mapped in UVM's ArcGIS tree layer, 2023–24",central,,,,64284e79-cb61-4044-b776-54e97328823b
UVM-4113,acer-x-freemanii,44.478722,-73.196309,"Mapped in UVM's ArcGIS tree layer, 2023–24",central,,,,e7ecd7d9-0346-429d-812f-541ca2f516ae
UVM-0472,gleditsia-triacanthos,44.478816,-73.196305,"Mapped in UVM's ArcGIS tree layer, 2023–24",central,,,,6f0b7c6f-53d8-4102-a4e4-f11cdc3629bb
UVM-0459,gleditsia-triacanthos,44.478921,-73.196309,"Mapped in UVM's ArcGIS tree layer, 2023–24",central,,,,07e45b92-593b-4120-afdc-f15778b550c3
UVM-4114,gleditsia-triacanthos,44.479013,-73.196313,"Mapped in UVM's ArcGIS tree layer, 2023–24",central,,,,f5cae316-0394-424b-a789-ea5984faace4
UVM-4115,gleditsia-triacanthos,44.479110,-73.196311,"Mapped in UVM's ArcGIS tree layer, 2023–24",central,,,,e3e00231-8820-4189-8ebf-f1ecf186667f
UVM-4116,gleditsia-triacanthos,44.479187,-73.196317,"Mapped in UVM's ArcGIS tree layer, 2023–24",central,,,,d8136d62-022a-415d-8d59-2eb0dc2d6ab9
UVM-4117,acer-x-freemanii,44.479291,-73.196284,"Mapped in UVM's ArcGIS tree layer, 2023–24",central,,,,83ea0c71-034d-4faf-88a1-96f1cc062c12
UVM-4118,acer-x-freemanii,44.479373,-73.196273,"Mapped in UVM's ArcGIS tree layer, 2023–24",central,,,,305c1094-a2d5-41ea-af9a-57eb2452d502
UVM-4119,acer-x-freemanii,44.479459,-73.196251,"Mapped in UVM's ArcGIS tree layer, 2023–24",central,,,,7eb33ba5-8567-4e29-a02e-a7b7f3370ec2
UVM-4120,acer-x-freemanii,44.479523,-73.196422,"Mapped in UVM's ArcGIS tree layer, 2023–24",central,,,,04e84ea2-959c-4280-baa6-5d2867bd1bab
UVM-4121,acer-x-freemanii,44.479590,-73.196350,"Mapped in UVM's ArcGIS tree layer, 2023–24",central,,,,e78a25bc-a320-47d9-836d-fa6e5075cf31
UVM-4122,acer-x-freemanii,44.479678,-73.196318,"Mapped in UVM's ArcGIS tree layer, 2023–24",central,,,,a70e68e2-fa21-4ad9-abb6-a3bdff273291
UVM-0417,acer-saccharum,44.479717,-73.196328,"Mapped in UVM's ArcGIS tree layer, 2023–24",central,,,,26aac41c-37b0-4521-affb-08857a620cb3
UVM-4123,acer-platanoides,44.479440,-73.196444,"Mapped in UVM's ArcGIS tree layer, 2023–24",central,,,,c645b8e3-811b-44c1-b880-ae6fd4e8538c
UVM-4124,acer-platanoides,44.479353,-73.196481,"Mapped in UVM's ArcGIS tree layer, 2023–24",central,,,,eb274918-13d9-42e6-9c51-c9bfd5319cae
UVM-0422,acer-platanoides,44.479379,-73.196608,"Mapped in UVM's ArcGIS tree layer, 2023–24",central,,,,49df40d7-7fdf-4795-8817-5cc72535b1cf
UVM-0423,gleditsia-triacanthos,44.479275,-73.196493,"Mapped in UVM's ArcGIS tree layer, 2023–24",central,,,,ad853e2e-19bf-4aaa-ba69-29de219f19fb
UVM-0424,gleditsia-triacanthos,44.479226,-73.196574,"Mapped in UVM's ArcGIS tree layer, 2023–24",central,,,,3b0aebee-c292-4ae4-a0ab-091d5e465c12
UVM-3201,gleditsia-triacanthos,44.479277,-73.196664,"Mapped in UVM's ArcGIS tree layer, 2023–24",central,,,,af68a71b-243e-4354-8ee3-7742cee87272
UVM-0426,gleditsia-triacanthos,44.479275,-73.196801,"Mapped in UVM's ArcGIS tree layer, 2023–24",central,,,,8edf351f-9c9d-4bbc-a9d1-2a17c11e8065
UVM-0427,gleditsia-triacanthos,44.479207,-73.196875,"Mapped in UVM's ArcGIS tree layer, 2023–24",central,,,,6814ea30-2313-462c-a7a0-2ec117848922
UVM-0428,gleditsia-triacanthos,44.479252,-73.196987,"Mapped in UVM's ArcGIS tree layer, 2023–24",central,,,,4cf46730-ce8c-4281-be3c-dc214746a587
UVM-0429,gleditsia-triacanthos,44.479182,-73.197062,"Mapped in UVM's ArcGIS tree layer, 2023–24",central,,,,dc8b094f-6662-48b5-8398-62db95eae2b8
UVM-0430,gleditsia-triacanthos,44.479227,-73.197114,"Mapped in UVM's ArcGIS tree layer, 2023–24",central,,,,ebd3d7a1-d659-4313-8bc5-16014b35f330
UVM-0431,gleditsia-triacanthos,44.479060,-73.197139,"Mapped in UVM's ArcGIS tree layer, 2023–24",central,,,,f1bb294d-2ba7-4724-9b37-12f3783666eb
UVM-0433,gleditsia-triacanthos,44.479083,-73.196828,"Mapped in UVM's ArcGIS tree layer, 2023–24",central,,,,00c7469a-5eb9-45d7-b4b3-689501b31276
UVM-3202,gleditsia-triacanthos,44.479095,-73.196694,"Mapped in UVM's ArcGIS tree layer, 2023–24",central,,,,2121c600-5d14-456c-b3d2-48de58d874a4
UVM-0435,gleditsia-triacanthos,44.479111,-73.196561,"Mapped in UVM's ArcGIS tree layer, 2023–24",central,,,,f3bef380-8e37-45f2-a2af-ce5c766688df
UVM-0440,gleditsia-triacanthos,44.479036,-73.196502,"Mapped in UVM's ArcGIS tree layer, 2023–24",central,,,,17996d36-0fef-4280-b550-42b654ed4230
UVM-0441,gleditsia-triacanthos,44.479007,-73.196675,"Mapped in UVM's ArcGIS tree layer, 2023–24",central,,,,7432c6c4-954c-4d95-bd08-e0a29a85a779
UVM-0436,gleditsia-triacanthos,44.479051,-73.196759,"Mapped in UVM's ArcGIS tree layer, 2023–24",central,,,,163d792f-07a3-4ee6-93e0-3a3e628f2747
UVM-0442,gleditsia-triacanthos,44.478999,-73.196872,"Mapped in UVM's ArcGIS tree layer, 2023–24",central,,,,0d4dd8bd-427c-47f3-ad7e-74f16d1f8f4f
UVM-0443,gleditsia-triacanthos,44.478988,-73.197014,"Mapped in UVM's ArcGIS tree layer, 2023–24",central,,,,1caa52ec-3cca-46ae-9863-d2d68836abf1
UVM-0432,gleditsia-triacanthos,44.478975,-73.197116,"Mapped in UVM's ArcGIS tree layer, 2023–24",central,,,,e52348c2-dd50-4dec-877d-70cc7619e701
UVM-3204,gleditsia-triacanthos,44.478922,-73.197034,"Mapped in UVM's ArcGIS tree layer, 2023–24",central,,,,33871002-d7d1-4444-99aa-d84226a35bfd
UVM-0445,gleditsia-triacanthos,44.478958,-73.196937,"Mapped in UVM's ArcGIS tree layer, 2023–24",central,,,,68d982f9-894f-45d8-8208-dfe5709746d7
UVM-3203,gleditsia-triacanthos,44.478984,-73.196575,"Mapped in UVM's ArcGIS tree layer, 2023–24",central,,,,7d60c466-5e2e-421e-840e-6850ea00f3ca
UVM-0449,gleditsia-triacanthos,44.478947,-73.196506,"Mapped in UVM's ArcGIS tree layer, 2023–24",central,,,,406c2335-a23c-4bcd-84a1-7a3284fae8d8
UVM-0450,gleditsia-triacanthos,44.478941,-73.196647,"Mapped in UVM's ArcGIS tree layer, 2023–24",central,,,,64553ad1-d9e5-48bf-840c-0c8b3f7b888e
UVM-0451,gleditsia-triacanthos,44.478943,-73.196768,"Mapped in UVM's ArcGIS tree layer, 2023–24",central,,,,ab42e529-06fa-4720-964b-c098e2b54fea
UVM-0452,gleditsia-triacanthos,44.478928,-73.196868,"Mapped in UVM's ArcGIS tree layer, 2023–24",central,,,,56b94045-bb7f-4e48-a949-65e10b101a86
UVM-3205,gleditsia-triacanthos,44.478885,-73.196967,"Mapped in UVM's ArcGIS tree layer, 2023–24",central,,,,fd886eca-ec21-4409-a8be-ff805d6d2101
UVM-0464,gleditsia-triacanthos,44.478868,-73.196874,"Mapped in UVM's ArcGIS tree layer, 2023–24",central,,,,1ca9adad-671d-460c-bdaa-10b9b7be1b55
UVM-0454,gleditsia-triacanthos,44.478870,-73.197026,"Mapped in UVM's ArcGIS tree layer, 2023–24",central,,,,4bfdd783-e831-4f52-89b9-08e5005bad5b
UVM-0456,gleditsia-triacanthos,44.478886,-73.196779,"Mapped in UVM's ArcGIS tree layer, 2023–24",central,,,,fc342ae5-ecba-4903-a29b-7b8f6cb2e60e
UVM-0457,gleditsia-triacanthos,44.478886,-73.196630,"Mapped in UVM's ArcGIS tree layer, 2023–24",central,,,,85919e44-08a0-40af-baf5-c58b172c1ccc
UVM-0458,gleditsia-triacanthos,44.478884,-73.196509,"Mapped in UVM's ArcGIS tree layer, 2023–24",central,,,,ee5af598-40e2-4500-95f3-8002a8102dff
UVM-3206,gleditsia-triacanthos,44.478797,-73.196560,"Mapped in UVM's ArcGIS tree layer, 2023–24",central,,,,ba4cf715-9d92-43b4-9b38-c2e1bf9fa0a1
UVM-0462,gleditsia-triacanthos,44.478839,-73.196675,"Mapped in UVM's ArcGIS tree layer, 2023–24",central,,,,45019cde-c16c-4348-8cf6-2bc8ffc1c877
UVM-0463,gleditsia-triacanthos,44.478833,-73.196767,"Mapped in UVM's ArcGIS tree layer, 2023–24",central,,,,41b03c46-c656-46b3-989c-71e88ad967b2
UVM-4125,gleditsia-triacanthos,44.478829,-73.196850,"Mapped in UVM's ArcGIS tree layer, 2023–24",central,,,,e1740454-8674-4213-a705-95dae00f0c57
UVM-0465,gleditsia-triacanthos,44.478838,-73.196934,"Mapped in UVM's ArcGIS tree layer, 2023–24",central,,,,e39612b3-6642-486d-b234-d2b84150bc73
UVM-0466,gleditsia-triacanthos,44.478773,-73.196807,"Mapped in UVM's ArcGIS tree layer, 2023–24",central,,,,95afb6fa-9a97-4788-9680-afa29dd95909
UVM-0467,gleditsia-triacanthos,44.478768,-73.196738,"Mapped in UVM's ArcGIS tree layer, 2023–24",central,,,,d7ab9e9b-c21f-41ee-bf5c-9a86159e14ba
UVM-0468,gleditsia-triacanthos,44.478768,-73.196677,"Mapped in UVM's ArcGIS tree layer, 2023–24",central,,,,cedaff51-cb53-48d9-bae0-95094ea28965
UVM-0469,gleditsia-triacanthos,44.478780,-73.196620,"Mapped in UVM's ArcGIS tree layer, 2023–24",central,,,,a224b604-644d-49a1-b1e2-57d9f62c7170
UVM-0470,gleditsia-triacanthos,44.478795,-73.196478,"Mapped in UVM's ArcGIS tree layer, 2023–24",central,,,,c8490bce-ec16-4fd7-a15e-0497e7e51868
UVM-4126,gleditsia-triacanthos,44.478727,-73.196445,"Mapped in UVM's ArcGIS tree layer, 2023–24",central,,,,a90a66be-d4cd-499e-a918-921832be741b
UVM-0474,gleditsia-triacanthos,44.478729,-73.196516,"Mapped in UVM's ArcGIS tree layer, 2023–24",central,,,,7593b3a7-9f6b-481d-ab4e-ada918dc4d97
UVM-0475,gleditsia-triacanthos,44.478722,-73.196583,"Mapped in UVM's ArcGIS tree layer, 2023–24",central,,,,010099a6-dcd8-4de6-ac3c-33d6c320e5f0
UVM-3207,gleditsia-triacanthos,44.478713,-73.196641,"Mapped in UVM's ArcGIS tree layer, 2023–24",central,,,,1d52fc95-281a-408b-85e1-4d27942f2e61
UVM-0477,gleditsia-triacanthos,44.478680,-73.196842,"Mapped in UVM's ArcGIS tree layer, 2023–24",central,,,,0d9b6ee6-29bc-40e2-845f-eb955f8d7c98
UVM-0480,acer-rubrum,44.478486,-73.197071,"Mapped in UVM's ArcGIS tree layer, 2023–24",central,,,,5f69fcbd-ed01-4151-88ba-7cf2f8e143f0
UVM-0478,quercus-palustris,44.478541,-73.196562,"Mapped in UVM's ArcGIS tree layer, 2023–24",central,,,,ab79f2f7-957e-4174-ab26-75b40d17d4d8
UVM-4127,acer-saccharum,44.478335,-73.196519,"Mapped in UVM's ArcGIS tree layer, 2023–24",central,,,,e239564a-61f2-48a2-b641-3bffa5f430cc
UVM-4128,ulmus-sp,44.478239,-73.197037,"Mapped in UVM's ArcGIS tree layer, 2023–24",central,,,,cd357e7c-dfdc-4680-a35c-9693f6ae2cd5
UVM-3295,acer-x-freemanii,44.478046,-73.197335,"Mapped in UVM's ArcGIS tree layer, 2023–24",central,,,,609e6d14-8fe3-41c2-b096-df4ac5317e6c
UVM-3296,acer-x-freemanii,44.478131,-73.197346,"Mapped in UVM's ArcGIS tree layer, 2023–24",central,,,,33413f86-0d52-46ce-8576-b7e8a34758a0
UVM-3297,acer-x-freemanii,44.478204,-73.197358,"Mapped in UVM's ArcGIS tree layer, 2023–24",central,,,,99cbe5a4-effc-4311-b565-9fe1ba0417d1
UVM-4129,betula-nigra,44.478304,-73.197313,"Mapped in UVM's ArcGIS tree layer, 2023–24",central,,,,67ab26c8-feec-45f0-b0ee-91cddc725b71
UVM-4130,betula-nigra,44.478321,-73.197315,"Mapped in UVM's ArcGIS tree layer, 2023–24",central,,,,a8df113a-38cf-4911-b6d6-e2a5e663a145
UVM-4131,betula-nigra,44.478343,-73.197317,"Mapped in UVM's ArcGIS tree layer, 2023–24",central,,,,6095c813-106b-474e-a4d2-4acbd8b8f382
UVM-4132,betula-nigra,44.478505,-73.197349,"Mapped in UVM's ArcGIS tree layer, 2023–24",central,,,,263f4b6d-a081-438a-bda7-01efae016a90
UVM-4133,betula-nigra,44.478537,-73.197351,"Mapped in UVM's ArcGIS tree layer, 2023–24",central,,,,993e7dac-4781-4a73-bbfc-f1bb61efc225
UVM-4134,betula-nigra,44.478578,-73.197362,"Mapped in UVM's ArcGIS tree layer, 2023–24",central,,,,784344c6-1a0c-4853-b8ac-443c7ee19da8
UVM-4135,gleditsia-triacanthos,44.478659,-73.197332,"Mapped in UVM's ArcGIS tree layer, 2023–24",central,,,,13d458c0-923b-4dfc-9e6f-f68cbd2b3b14
UVM-4136,gleditsia-triacanthos,44.478704,-73.197366,"Mapped in UVM's ArcGIS tree layer, 2023–24",central,,,,bd910ba7-c6b0-4d14-8e28-b2cf624322f0
UVM-4137,gleditsia-triacanthos,44.478742,-73.197400,"Mapped in UVM's ArcGIS tree layer, 2023–24",central,,,,0c47038e-deac-44c6-9179-69c8ac047efe
UVM-4138,gleditsia-triacanthos,44.478776,-73.197445,"Mapped in UVM's ArcGIS tree layer, 2023–24",central,,,,e8f438a1-36ab-477f-9e18-875debaed544
UVM-4139,betula-nigra,44.478915,-73.197364,"Mapped in UVM's ArcGIS tree layer, 2023–24",central,,,,18e3049f-491e-4b24-98fd-dbf5f311934c
UVM-4140,betula-nigra,44.478947,-73.197411,"Mapped in UVM's ArcGIS tree layer, 2023–24",central,,,,a1d318c1-1fe3-414b-8bf9-13944e28ee17
UVM-4141,betula-nigra,44.478940,-73.197450,"Mapped in UVM's ArcGIS tree layer, 2023–24",central,,,,c05e3ee0-0a88-41bf-ba43-5ee4e7fef6c7
UVM-4142,betula-nigra,44.478972,-73.197469,"Mapped in UVM's ArcGIS tree layer, 2023–24",central,,,,6efd4f13-c77a-43a6-ad19-c8f1ee24228d
UVM-4143,betula-nigra,44.478962,-73.197508,"Mapped in UVM's ArcGIS tree layer, 2023–24",central,,,,92731495-357c-4185-8981-342bb15a2773
UVM-4144,betula-nigra,44.478996,-73.197543,"Mapped in UVM's ArcGIS tree layer, 2023–24",central,,,,0d4411e0-404b-497c-a7c8-bf8c9b0a634d
UVM-4145,acer-x-freemanii,44.478705,-73.197490,"Mapped in UVM's ArcGIS tree layer, 2023–24",central,,,,b92cab1e-afc7-4022-ba8e-87e816b9da0e
UVM-2887,acer-saccharinum,44.479428,-73.197122,"Mapped in UVM's ArcGIS tree layer, 2023–24",central,,,,9f954ba3-6122-4bd6-af2e-2921a527f7cc
UVM-4146,betula-nigra,44.477748,-73.197519,"Mapped in UVM's ArcGIS tree layer, 2023–24",central,,,,b3d20bc9-94f4-4fe9-a661-cbbefe87d141
UVM-4147,betula-nigra,44.477891,-73.197478,"Mapped in UVM's ArcGIS tree layer, 2023–24",central,,,,708b21db-7bc3-4901-b149-60fb3e37a433
UVM-4148,betula-nigra,44.477912,-73.197501,"Mapped in UVM's ArcGIS tree layer, 2023–24",central,,,,df9c07ed-ad60-4756-9a28-cee143fe5366
UVM-4149,betula-nigra,44.477944,-73.197503,"Mapped in UVM's ArcGIS tree layer, 2023–24",central,,,,19b4a64b-ee43-4f75-b63e-44b766672a38
UVM-4150,betula-nigra,44.477974,-73.197516,"Mapped in UVM's ArcGIS tree layer, 2023–24",central,,,,9aeb8a27-ee8d-460c-a63d-ee07bc3fd798
UVM-4151,betula-nigra,44.477891,-73.197574,"Mapped in UVM's ArcGIS tree layer, 2023–24",central,,,,3f821392-306d-498f-bf5e-255107bddf94
UVM-4152,betula-nigra,44.477925,-73.197614,"Mapped in UVM's ArcGIS tree layer, 2023–24",central,,,,7d82c8e1-eba8-4377-be1e-2533afe71f6d
UVM-3274,zelkova-serrata,44.478057,-73.197815,"Mapped in UVM's ArcGIS tree layer, 2023–24",central,,,,ce893d92-36c2-4feb-af6e-94cd75edc9f7
UVM-3275,zelkova-serrata,44.478118,-73.197825,"Mapped in UVM's ArcGIS tree layer, 2023–24",central,,,,1e4661c2-fed1-455a-b388-e7bfb07df98c
UVM-3276,zelkova-serrata,44.478176,-73.197834,"Mapped in UVM's ArcGIS tree layer, 2023–24",central,,,,9d917612-9c3f-4cfa-861a-57fd0b152a48
UVM-3277,zelkova-serrata,44.478234,-73.197842,"Mapped in UVM's ArcGIS tree layer, 2023–24",central,,,,14f3fa53-ed97-448a-81c0-0934b7625e5d
UVM-4153,ulmus-sp,44.477990,-73.197874,"Mapped in UVM's ArcGIS tree layer, 2023–24",central,,,,c910dc4b-8832-4eb0-aee3-2cac53a843c4
UVM-4154,ulmus-sp,44.477999,-73.197954,"Mapped in UVM's ArcGIS tree layer, 2023–24",central,,,,c306f84f-c819-41ac-8847-e5ec979cc656
UVM-4155,ulmus-sp,44.478017,-73.198061,"Mapped in UVM's ArcGIS tree layer, 2023–24",central,,,,0e1e7a33-8f2c-4d19-a64d-7f8c4bf17b38
UVM-4156,ulmus-sp,44.478055,-73.198134,"Mapped in UVM's ArcGIS tree layer, 2023–24",central,,,,cd617398-1b93-417b-bb79-a7606caf409c
UVM-4157,ulmus-sp,44.478102,-73.198198,"Mapped in UVM's ArcGIS tree layer, 2023–24",central,,,,0e1d60ec-11f9-40d5-b902-2edd126e91e6
UVM-4158,betula-nigra,44.478332,-73.198619,"Mapped in UVM's ArcGIS tree layer, 2023–24",central,,,,93d59de6-ae7f-447a-9443-16c0ab88e97f
UVM-4159,betula-nigra,44.478373,-73.198600,"Mapped in UVM's ArcGIS tree layer, 2023–24",central,,,,1c6e0de7-2ee6-4ff2-8f25-ff1a0364eeff
UVM-0402,fagus-sylvatica,44.478455,-73.198723,"Mapped in UVM's ArcGIS tree layer, 2023–24",central,,,,c0e5161a-25a3-44c6-9e0c-696806ef4544
UVM-4160,quercus-palustris,44.478405,-73.198658,"Mapped in UVM's ArcGIS tree layer, 2023–24",central,,,,daeab737-bc79-4679-bbdf-8b26519d4c50
UVM-4161,malus-sp,44.478483,-73.198637,"Mapped in UVM's ArcGIS tree layer, 2023–24",central,,,,99a2b461-ebc9-4c29-a2b7-8a3f64aeadbe
UVM-3278,ulmus-sp,44.478525,-73.198437,"Mapped in UVM's ArcGIS tree layer, 2023–24",central,,,,c62602ac-a94e-41f5-97fc-e9b76e2f424d
UVM-4162,ulmus-sp,44.478610,-73.198445,"Mapped in UVM's ArcGIS tree layer, 2023–24",central,,,,edef367d-f085-49be-8048-bbf770a81998
UVM-4163,ulmus-sp,44.478672,-73.198469,"Mapped in UVM's ArcGIS tree layer, 2023–24",central,,,,42ac200e-ac96-430e-9300-c10440b14257
UVM-3280,ulmus-sp,44.478733,-73.198512,"Mapped in UVM's ArcGIS tree layer, 2023–24",central,,,,b15682cf-7052-496d-b5fc-17d66ddbed31
UVM-3282,ulmus-sp,44.478776,-73.198544,"Mapped in UVM's ArcGIS tree layer, 2023–24",central,,,,02a1e485-a151-4b90-9e14-d6080011a0df
UVM-3284,ulmus-sp,44.478830,-73.198582,"Mapped in UVM's ArcGIS tree layer, 2023–24",central,,,,38d8ea89-b921-4593-b326-14ab574cf1f6
UVM-3283,ulmus-sp,44.478894,-73.198497,"Mapped in UVM's ArcGIS tree layer, 2023–24",central,,,,aae0688f-c48b-4477-9505-3c50a68f6fda
UVM-3281,ulmus-sp,44.478838,-73.198448,"Mapped in UVM's ArcGIS tree layer, 2023–24",central,,,,292a0070-bbfd-4c4f-a234-7030d19acce4
UVM-4164,ulmus-sp,44.478778,-73.198406,"Mapped in UVM's ArcGIS tree layer, 2023–24",central,,,,14f0b96a-d637-4d34-953b-cfbe34777bb0
UVM-4165,ulmus-sp,44.478715,-73.198360,"Mapped in UVM's ArcGIS tree layer, 2023–24",central,,,,c5ee6103-0f4f-4fae-a810-5da760201cfc
UVM-4166,ulmus-sp,44.478643,-73.198316,"Mapped in UVM's ArcGIS tree layer, 2023–24",central,,,,98441af1-c811-4073-b373-9d48097378d1
UVM-3279,ulmus-sp,44.478560,-73.198298,"Mapped in UVM's ArcGIS tree layer, 2023–24",central,,,,ad8ddd66-664b-4796-b9eb-44114494fd6a
UVM-4167,gleditsia-triacanthos,44.478960,-73.197821,"Mapped in UVM's ArcGIS tree layer, 2023–24",central,,,,679cf276-dce4-4c8b-bb0f-eb52a52f8feb
UVM-4168,gleditsia-triacanthos,44.478920,-73.197766,"Mapped in UVM's ArcGIS tree layer, 2023–24",central,,,,581b68fd-3f31-45e7-80b0-b70d5af02edb
UVM-4169,gleditsia-triacanthos,44.478906,-73.197709,"Mapped in UVM's ArcGIS tree layer, 2023–24",central,,,,146c7042-993f-4744-9375-febccd7db8e1
UVM-4170,gleditsia-triacanthos,44.478887,-73.197659,"Mapped in UVM's ArcGIS tree layer, 2023–24",central,,,,b3684d35-efd0-4aa0-a74b-a38570b67670
UVM-4171,gleditsia-triacanthos,44.478946,-73.197687,"Mapped in UVM's ArcGIS tree layer, 2023–24",central,,,,52688fb1-db23-425c-ab64-49417c988941
UVM-4172,acer-x-freemanii,44.478709,-73.197604,"Mapped in UVM's ArcGIS tree layer, 2023–24",central,,,,6d331364-cfe9-4242-a143-e3cb137f89e8
UVM-4173,amelanchier-sp,44.479163,-73.197733,"Mapped in UVM's ArcGIS tree layer, 2023–24",central,,,,ab585e13-eb5d-4918-927d-4a8d2e865605
UVM-4174,amelanchier-sp,44.479221,-73.197737,"Mapped in UVM's ArcGIS tree layer, 2023–24",central,,,,25d4cbdf-7ae0-4508-b5ad-f492df92ffd5
UVM-4175,crataegus-phaenopyrum,44.479197,-73.198414,"Mapped in UVM's ArcGIS tree layer, 2023–24",central,,,,c6817d5e-6730-4206-a118-62808cb7903e
UVM-4176,betula-alleghaniensis,44.479090,-73.198349,"Mapped in UVM's ArcGIS tree layer, 2023–24",central,,,,25a043cb-6c77-4796-bbba-f38df1378be5
UVM-0255,crataegus-phaenopyrum,44.479003,-73.198736,"Mapped in UVM's ArcGIS tree layer, 2023–24",central,,,,6d2e1eb9-584d-4ecb-9e0c-bed53de9d980
UVM-0254,crataegus-phaenopyrum,44.479035,-73.198742,"Mapped in UVM's ArcGIS tree layer, 2023–24",central,,,,6e349d65-6233-4bf0-9f1b-13bb7a8c5be6
UVM-4177,heptacodium-miconioides,44.479113,-73.198637,"Mapped in UVM's ArcGIS tree layer, 2023–24",central,,,,e4cff9e7-7647-4212-afd4-a812a96cf608
UVM-3285,amelanchier-sp,44.479083,-73.198644,"Mapped in UVM's ArcGIS tree layer, 2023–24",central,,,,375400a9-bf53-423f-8035-b97a1b50c8b7
UVM-4178,cornus-kousa,44.479039,-73.198664,"Mapped in UVM's ArcGIS tree layer, 2023–24",central,,,,c1a38aa7-4c36-4476-9684-48dc39c90057
UVM-3258,quercus-palustris,44.479904,-73.199438,"Mapped in UVM's ArcGIS tree layer, 2023–24",central,,,,f7fdcd6f-7d85-4e12-a0c7-dc4bfacfeda9
UVM-0234,picea-abies,44.479948,-73.199453,"Mapped in UVM's ArcGIS tree layer, 2023–24",central,,,,41e2e68b-b894-4cbc-a2a5-a22fbfda430b
UVM-0233,picea-glauca,44.479956,-73.199410,"Mapped in UVM's ArcGIS tree layer, 2023–24",central,,,,e7f8bf43-c849-4df4-88df-117feed9d172
UVM-1301,amelanchier-sp,44.479904,-73.199181,"Mapped in UVM's ArcGIS tree layer, 2023–24",central,,,,50bee1bb-7ef3-4bde-bdbb-dd730f11972c
UVM-0231,callitropsis-nootkatensis,44.479919,-73.199134,"Mapped in UVM's ArcGIS tree layer, 2023–24",central,,,,33148995-87c7-4897-9680-b9a9b6a94547
UVM-1032,quercus-rubra,44.480061,-73.199216,"Mapped in UVM's ArcGIS tree layer, 2023–24",central,,,,c0468e11-a1e5-453d-a44e-21060bd051bc
UVM-4179,quercus-rubra,44.480120,-73.199152,"Mapped in UVM's ArcGIS tree layer, 2023–24",central,,,,11972d73-b1b8-4e2f-b218-9795f2614ee7
UVM-0229,ginkgo-biloba,44.480145,-73.199355,"Mapped in UVM's ArcGIS tree layer, 2023–24",central,,,,acff8c0a-b643-4c96-8ac0-41b692d9aa4a
UVM-3257,quercus-rubra,44.480146,-73.199469,"Mapped in UVM's ArcGIS tree layer, 2023–24",central,,,,d9bfb225-2217-4d5b-acdf-287f47748ff6
UVM-0227,sorbus-aucuparia,44.480248,-73.199418,"Mapped in UVM's ArcGIS tree layer, 2023–24",central,,,,8a941ae7-aff8-4ac2-80c1-08a7ed78d0ff
UVM-0224,quercus-robur-fastigiata,44.480307,-73.199264,"Mapped in UVM's ArcGIS tree layer, 2023–24",central,,,,55faeca8-9c22-4ffd-9757-b30cd30b5909
UVM-4180,acer-saccharinum,44.480308,-73.199483,"Mapped in UVM's ArcGIS tree layer, 2023–24",central,,,,fad0e2e4-d3b3-4c1f-8a90-0daf6798d030
UVM-3256,quercus-rubra,44.480340,-73.199394,"Mapped in UVM's ArcGIS tree layer, 2023–24",central,,,,dea55e9f-3a83-4e50-b3c6-5debdcf7fb64
UVM-0221,acer-platanoides,44.480373,-73.199493,"Mapped in UVM's ArcGIS tree layer, 2023–24",central,,,,749da39b-5ebf-4a3f-a681-969323fe2036
UVM-0220,quercus-rubra,44.480433,-73.199438,"Mapped in UVM's ArcGIS tree layer, 2023–24",central,,,,59639728-ecd2-4fb7-a1b3-da11cbc1b5f4
UVM-4181,acer-saccharum,44.480446,-73.199283,"Mapped in UVM's ArcGIS tree layer, 2023–24",central,,,,0a624535-6cd8-45e2-9910-af6ac0c047e3
UVM-3232,acer-platanoides,44.480387,-73.199229,"Mapped in UVM's ArcGIS tree layer, 2023–24",central,,,,754035db-883d-443d-b100-381f063ad31e
UVM-0212,pinus-nigra,44.480368,-73.199112,"Mapped in UVM's ArcGIS tree layer, 2023–24",central,,,,e771dcdc-b6b0-42dc-8f05-54eff23653c0
UVM-0213,pinus-nigra,44.480390,-73.199070,"Mapped in UVM's ArcGIS tree layer, 2023–24",central,,,,b8a0b914-9d28-445e-b7a7-33df7ea0aab6
UVM-0214,pinus-nigra,44.480398,-73.199116,"Mapped in UVM's ArcGIS tree layer, 2023–24",central,,,,c536ca5b-3c3f-4e11-aea8-fe96ef323aa3
UVM-0215,pinus-nigra,44.480426,-73.199090,"Mapped in UVM's ArcGIS tree layer, 2023–24",central,,,,06b9f97d-2bcd-4b97-8976-1b58c1562b90
UVM-0216,pinus-nigra,44.480436,-73.199138,"Mapped in UVM's ArcGIS tree layer, 2023–24",central,,,,27bc3ec5-a805-4397-a485-a522f3a933b4
UVM-0217,pinus-nigra,44.480454,-73.199095,"Mapped in UVM's ArcGIS tree layer, 2023–24",central,,,,7736c647-ee1d-4ea8-8332-e1835b8ba48d
UVM-0218,pinus-nigra,44.480464,-73.199148,"Mapped in UVM's ArcGIS tree layer, 2023–24",central,,,,0c837b6e-c83f-4236-a847-ae1e5f294f96
UVM-3233,malus-sp,44.480446,-73.199011,"Mapped in UVM's ArcGIS tree layer, 2023–24",central,,,,86dbee94-890b-4822-944d-a7c08d59e29c
UVM-0210,malus-sp,44.480470,-73.198859,"Mapped in UVM's ArcGIS tree layer, 2023–24",central,,,,c88162cc-3e29-46a9-bca0-d1ce5c0bf5b7
UVM-1022,tilia-cordata,44.480506,-73.198414,"Mapped in UVM's ArcGIS tree layer, 2023–24",central,,,,b9b8473e-bd22-4498-991d-406339aabf75
UVM-1024,tilia-cordata,44.480406,-73.198461,"Mapped in UVM's ArcGIS tree layer, 2023–24",central,,,,c2f0ffed-382b-40d3-9781-4edad135f5f7
UVM-1021,tilia-cordata,44.480509,-73.198316,"Mapped in UVM's ArcGIS tree layer, 2023–24",central,,,,f247b398-a3e7-4712-9c81-b2fd19f04bbe
UVM-1019,tilia-cordata,44.480517,-73.198203,"Mapped in UVM's ArcGIS tree layer, 2023–24",central,,,,0d30fead-43df-4eff-a628-c4580d697906
UVM-1017,tilia-cordata,44.480528,-73.198115,"Mapped in UVM's ArcGIS tree layer, 2023–24",central,,,,23fc33a5-5f51-4914-a955-468b43328b5e
UVM-0992,tilia-cordata,44.480532,-73.198027,"Mapped in UVM's ArcGIS tree layer, 2023–24",central,,,,2e8aa70a-29d8-4331-be6f-fee59ac741b2
UVM-1015,quercus-palustris,44.480496,-73.197944,"Mapped in UVM's ArcGIS tree layer, 2023–24",central,,,,6d7ce178-e546-42bf-be33-9056040589ce
UVM-1013,betula-populifolia,44.480442,-73.197860,"Mapped in UVM's ArcGIS tree layer, 2023–24",central,,,,0abe8f33-9eb3-4bb4-952b-d1b5f71cf91a
UVM-1029,tilia-cordata,44.480328,-73.198006,"Mapped in UVM's ArcGIS tree layer, 2023–24",central,,,,f3c753fd-b892-49f1-863c-e05bb0cb5c0e
UVM-1027,tilia-cordata,44.480316,-73.198150,"Mapped in UVM's ArcGIS tree layer, 2023–24",central,,,,48035f43-9a8d-453c-8368-696dbe52cc40
UVM-3286,tilia-cordata,44.480123,-73.198019,"Mapped in UVM's ArcGIS tree layer, 2023–24",central,,,,138933c5-a807-4f0c-82b2-59b9ad955a7d
UVM-1009,tilia-cordata,44.480130,-73.197948,"Mapped in UVM's ArcGIS tree layer, 2023–24",central,,,,00082345-e953-42fa-85ab-6e630ee70ebf
UVM-1008,tilia-cordata,44.480142,-73.197872,"Mapped in UVM's ArcGIS tree layer, 2023–24",central,,,,f805b28c-4109-455a-a450-35ce69806fe1
UVM-1007,tilia-cordata,44.480149,-73.197808,"Mapped in UVM's ArcGIS tree layer, 2023–24",central,,,,c52abedc-d0a0-4b10-8a95-d26c111666f7
UVM-0598,tilia-cordata,44.480149,-73.197735,"Mapped in UVM's ArcGIS tree layer, 2023–24",central,,,,eb09b0d6-0f78-4177-b94b-a5664b6deee6
UVM-0599,tilia-cordata,44.480183,-73.197704,"Mapped in UVM's ArcGIS tree layer, 2023–24",central,,,,32a81c54-802d-4cf2-83fb-ba45075db77f
UVM-0597,tilia-cordata,44.480016,-73.197663,"Mapped in UVM's ArcGIS tree layer, 2023–24",central,,,,1d6c9c1c-acc6-4682-a8fa-ed3ec7ddd817
UVM-0595,picea-pungens,44.480087,-73.197482,"Mapped in UVM's ArcGIS tree layer, 2023–24",central,,,,33216e12-e92f-45fb-b2a8-b8e272b870a0
UVM-0593,picea-pungens,44.480117,-73.197463,"Mapped in UVM's ArcGIS tree layer, 2023–24",central,,,,423df38a-afc9-436c-982d-c5ae8bbb6694
UVM-0594,pinus-sylvestris,44.480119,-73.197498,"Mapped in UVM's ArcGIS tree layer, 2023–24",central,,,,07e64290-9980-4bb5-9191-3ecd47781fd3
UVM-2889,malus-sp,44.480135,-73.197305,"Mapped in UVM's ArcGIS tree layer, 2023–24",central,,,,cde55c57-626e-4ed0-b3ff-12645e3cdde7
UVM-0590,malus-sp,44.480141,-73.197254,"Mapped in UVM's ArcGIS tree layer, 2023–24",central,,,,9fa0ef1d-d917-4798-afab-fdfc6992b71d
UVM-0591,malus-sp,44.480175,-73.197290,"Mapped in UVM's ArcGIS tree layer, 2023–24",central,,,,37d44625-6d1a-4246-a23e-530d06fc2959
UVM-0588,pinus-strobus,44.480359,-73.197496,"Mapped in UVM's ArcGIS tree layer, 2023–24",central,,,,36a98bb6-c538-411b-8885-d50215663b38
UVM-2890,pinus-strobus,44.480357,-73.197572,"Mapped in UVM's ArcGIS tree layer, 2023–24",central,,,,ffdedac8-97d0-46bd-97bc-43361292871f
UVM-0587,pinus-strobus,44.480405,-73.197545,"Mapped in UVM's ArcGIS tree layer, 2023–24",central,,,,baaf7731-276a-4b96-ac6f-ed8fc5bd5296
UVM-2891,quercus-rubra,44.480493,-73.197546,"Mapped in UVM's ArcGIS tree layer, 2023–24",central,,,,8a7e25c2-f8c4-4ca2-b49b-26a38eebb990
UVM-2892,quercus-imbricaria,44.480509,-73.197261,"Mapped in UVM's ArcGIS tree layer, 2023–24",central,,,,cd1eccfb-bc3c-4384-a33c-b52f8498f802
UVM-0584,ginkgo-biloba,44.480504,-73.197034,"Mapped in UVM's ArcGIS tree layer, 2023–24",central,,,,0fb51a5c-864b-4717-b11f-c4610876a824
UVM-0583,malus-sp,44.480153,-73.197031,"Mapped in UVM's ArcGIS tree layer, 2023–24",central,,,,fc21dc71-ec0c-400d-82d0-8d6437576859
UVM-0582,malus-sp,44.480184,-73.197013,"Mapped in UVM's ArcGIS tree layer, 2023–24",central,,,,60e93eba-d9b3-4fce-a277-c282816db4af
UVM-0581,malus-sp,44.480163,-73.196995,"Mapped in UVM's ArcGIS tree layer, 2023–24",central,,,,47bc02d1-f65f-4b19-9d7f-f7945336f464
UVM-0580,tilia-cordata,44.480246,-73.196883,"Mapped in UVM's ArcGIS tree layer, 2023–24",central,,,,e28688c6-2c78-4c76-a4c9-205b0a49fb30
UVM-4182,ginkgo-biloba,44.480420,-73.196816,"Mapped in UVM's ArcGIS tree layer, 2023–24",central,,,,353df154-8a5d-4989-a2a9-e77c2c152579
UVM-0571,acer-saccharum,44.480530,-73.196766,"Mapped in UVM's ArcGIS tree layer, 2023–24",central,,,,9a1aec66-e134-431c-b9f3-d1a71811dd26
UVM-2894,quercus-rubra,44.480552,-73.196644,"Mapped in UVM's ArcGIS tree layer, 2023–24",central,,,,fec6e469-9504-4a7d-808d-cd2bf88163a0
UVM-0904,pseudotsuga-menziesii,44.480421,-73.196699,"Mapped in UVM's ArcGIS tree layer, 2023–24",central,,,,0c87f1f6-c8f0-40f6-a56c-3f035426604a
UVM-2896,quercus-palustris,44.480376,-73.196615,"Mapped in UVM's ArcGIS tree layer, 2023–24",central,,,,b4552715-9b67-4c7e-9923-e9fbcc355da0
UVM-0573,quercus-palustris,44.480300,-73.196666,"Mapped in UVM's ArcGIS tree layer, 2023–24",central,,,,6fd16a63-df73-4050-b1f0-e46edf29232b
UVM-0568,quercus-rubra,44.480282,-73.196530,"Mapped in UVM's ArcGIS tree layer, 2023–24",central,,,,a5188b28-3551-4694-9041-5da9a6697be4
UVM-0911,picea-abies,44.480154,-73.196272,"Mapped in UVM's ArcGIS tree layer, 2023–24",central,,,,f6dfff51-cb9e-4658-923e-4c33c1e75a78
UVM-0549,acer-platanoides,44.480114,-73.196366,"Mapped in UVM's ArcGIS tree layer, 2023–24",central,,,,decbd65e-ea5e-43b9-ab59-84c0ce9be05f
UVM-4183,acer-x-freemanii,44.480072,-73.196235,"Mapped in UVM's ArcGIS tree layer, 2023–24",central,,,,2c2999c4-42d8-4603-b1ef-25c5b44f72c5
UVM-4184,acer-x-freemanii,44.479983,-73.196253,"Mapped in UVM's ArcGIS tree layer, 2023–24",central,,,,1eb058a2-685f-4cbe-88aa-01e731a9d0d3
UVM-2900,acer-platanoides,44.480149,-73.196458,"Mapped in UVM's ArcGIS tree layer, 2023–24",central,,,,a3363b53-58c9-4e5c-9de3-2bda53a9d0d4
UVM-2899,pinus-nigra,44.480186,-73.196566,"Mapped in UVM's ArcGIS tree layer, 2023–24",central,,,,9837d25a-130a-4c4e-9b37-225a695f70a8
UVM-2897,pinus-nigra,44.480216,-73.196599,"Mapped in UVM's ArcGIS tree layer, 2023–24",central,,,,08f3376b-c687-4a1a-a9c7-ed61caca2580
UVM-0563,pinus-nigra,44.480174,-73.196628,"Mapped in UVM's ArcGIS tree layer, 2023–24",central,,,,0541dcab-0bb2-46a9-ab20-d56daaff09f5
UVM-0562,pinus-nigra,44.480216,-73.196669,"Mapped in UVM's ArcGIS tree layer, 2023–24",central,,,,6d10d5cb-820e-446d-b4b2-8d0351e8db98
UVM-0560,pinus-nigra,44.480168,-73.196696,"Mapped in UVM's ArcGIS tree layer, 2023–24",central,,,,58a4644a-6d00-40f9-8775-c1cdc1027d4f
UVM-0574,acer-platanoides,44.480241,-73.196745,"Mapped in UVM's ArcGIS tree layer, 2023–24",central,,,,97db397b-caad-4b80-bbaf-e59f4970455d
UVM-0558,pinus-nigra,44.480123,-73.196743,"Mapped in UVM's ArcGIS tree layer, 2023–24",central,,,,287b18df-0a0e-406d-96c5-bb84b36d864e
UVM-0557,pinus-nigra,44.480086,-73.196725,"Mapped in UVM's ArcGIS tree layer, 2023–24",central,,,,801fe964-41b6-4d0d-9193-0fd60da75083
UVM-0556,pinus-nigra,44.480067,-73.196771,"Mapped in UVM's ArcGIS tree layer, 2023–24",central,,,,b7cd9246-8281-4798-993d-b91d344b05bb
UVM-0575,picea-pungens,44.480160,-73.196778,"Mapped in UVM's ArcGIS tree layer, 2023–24",central,,,,4f6c5e34-2ad0-43d8-a959-3d6c071b7dae
UVM-0576,picea-pungens,44.480150,-73.196840,"Mapped in UVM's ArcGIS tree layer, 2023–24",central,,,,e9aa9468-e67d-4555-a040-1dbc8a6d76b2
UVM-1011,pinus-strobus,44.479979,-73.197969,"Mapped in UVM's ArcGIS tree layer, 2023–24",central,,,,2a3796ca-54f9-4afa-8232-c30d19dcb738
UVM-3287,crataegus-phaenopyrum,44.479615,-73.198142,"Mapped in UVM's ArcGIS tree layer, 2023–24",central,,,,0fbfcf59-c372-4720-a0ee-fcb4ad9225ec
UVM-3288,crataegus-phaenopyrum,44.479616,-73.198104,"Mapped in UVM's ArcGIS tree layer, 2023–24",central,,,,84676d6d-354b-4a41-bc4e-6c1e9118e3ac
UVM-3289,crataegus-phaenopyrum,44.479629,-73.197998,"Mapped in UVM's ArcGIS tree layer, 2023–24",central,,,,efd4be18-dee1-42d7-b6e7-4e83520a0895
UVM-3290,crataegus-phaenopyrum,44.479633,-73.197964,"Mapped in UVM's ArcGIS tree layer, 2023–24",central,,,,4df5c99c-9c86-49d1-a9e4-4b6e44133f69
UVM-3291,crataegus-phaenopyrum,44.479636,-73.197929,"Mapped in UVM's ArcGIS tree layer, 2023–24",central,,,,ee1e9c70-60fd-43ef-856d-dccce108b31f
UVM-3292,crataegus-phaenopyrum,44.479640,-73.197896,"Mapped in UVM's ArcGIS tree layer, 2023–24",central,,,,e14ae435-d2d9-4536-8df2-88e2e9ea3a26
UVM-3293,crataegus-phaenopyrum,44.479643,-73.197860,"Mapped in UVM's ArcGIS tree layer, 2023–24",central,,,,86a48242-734b-42d3-b156-da9ebbf02253
UVM-3294,crataegus-phaenopyrum,44.479642,-73.197842,"Mapped in UVM's ArcGIS tree layer, 2023–24",central,,,,39e925b6-f9c8-4901-8134-ee8a96465088
UVM-3300,crataegus-phaenopyrum,44.479645,-73.197835,"Mapped in UVM's ArcGIS tree layer, 2023–24",central,,,,fb674c15-d05d-4b36-8a07-5d8375c6f680
UVM-3299,crataegus-phaenopyrum,44.479648,-73.197824,"Mapped in UVM's ArcGIS tree layer, 2023–24",central,,,,2b6c3fa1-2521-4fee-b908-d10af73d6508
UVM-3298,crataegus-phaenopyrum,44.479648,-73.197807,"Mapped in UVM's ArcGIS tree layer, 2023–24",central,,,,f02939f6-8b12-4ac9-85e5-ed3e6afb29e8
UVM-4185,picea-glauca,44.474875,-73.194492,"Mapped in UVM's ArcGIS tree layer, 2023–24",central,,,,534405bd-bc38-4fb3-89e5-4417df9b90f0
UVM-3802,picea-pungens,44.474900,-73.194539,"Mapped in UVM's ArcGIS tree layer, 2023–24",central,,,,f2700fa0-8467-4fc2-b55e-163f5070f285
UVM-4186,picea-pungens,44.474843,-73.194550,"Mapped in UVM's ArcGIS tree layer, 2023–24",central,,,,12d848f6-8796-4ad0-aeeb-476c3ca1fc93
UVM-0861,picea-abies,44.474781,-73.194626,"Mapped in UVM's ArcGIS tree layer, 2023–24",central,,,,695ad98b-0141-4132-a6a2-bf50dc8c5389
UVM-0860,picea-abies,44.474780,-73.194519,"Mapped in UVM's ArcGIS tree layer, 2023–24",central,,,,95a1e421-020d-40c1-9836-1cd543ee6aef
UVM-0859,picea-abies,44.474739,-73.194505,"Mapped in UVM's ArcGIS tree layer, 2023–24",central,,,,b362f786-1ab2-494b-9e41-661af77d7aad
UVM-0858,crataegus-sp,44.474711,-73.194474,"Mapped in UVM's ArcGIS tree layer, 2023–24",central,,,,2b3e3b6b-346b-4915-9f13-62cf02e83af8
UVM-0857,morus-sp,44.474675,-73.194454,"Mapped in UVM's ArcGIS tree layer, 2023–24",central,,,,0fa17fef-4239-427d-9ded-9c475ef349b5
UVM-0856,picea-abies,44.474658,-73.194393,"Mapped in UVM's ArcGIS tree layer, 2023–24",central,,,,97d2b938-0510-458a-b132-e9a7d103a1de
UVM-0855,picea-abies,44.474633,-73.194335,"Mapped in UVM's ArcGIS tree layer, 2023–24",central,,,,7b7e7915-416e-4467-bfb3-4cc0d286eefa
UVM-0854,picea-abies,44.474613,-73.194288,"Mapped in UVM's ArcGIS tree layer, 2023–24",central,,,,6cfe56e3-9f74-44de-beb5-943b45d96d21
UVM-0853,picea-pungens,44.474595,-73.194167,"Mapped in UVM's ArcGIS tree layer, 2023–24",central,,,,ddf2cb72-54b0-41ad-b761-90b394574c18
UVM-0852,picea-pungens,44.474562,-73.194146,"Mapped in UVM's ArcGIS tree layer, 2023–24",central,,,,4db3a2ab-6753-4e8e-86df-e702d7f21718
UVM-0851,picea-pungens,44.474579,-73.194105,"Mapped in UVM's ArcGIS tree layer, 2023–24",central,,,,16249ee5-4979-4a6e-b266-9cd6d394742b
UVM-0850,picea-abies,44.474554,-73.194216,"Mapped in UVM's ArcGIS tree layer, 2023–24",central,,,,afae2605-ff83-42ee-81fe-0053b82642d0
UVM-0849,crataegus-sp,44.474529,-73.194166,"Mapped in UVM's ArcGIS tree layer, 2023–24",central,,,,4e14bdfb-6167-4379-b34a-fc5aa7ad9edd
UVM-0848,malus-sp,44.474506,-73.194116,"Mapped in UVM's ArcGIS tree layer, 2023–24",central,,,,84f7ccfe-c91a-404f-8556-3091fd07da3b
UVM-0847,malus-sp,44.474478,-73.194064,"Mapped in UVM's ArcGIS tree layer, 2023–24",central,,,,9ca3d088-e1eb-4a76-9219-a187a2987de9
UVM-0846,malus-sp,44.474454,-73.194022,"Mapped in UVM's ArcGIS tree layer, 2023–24",central,,,,59f96178-4a63-4d71-a700-3d9832475543
UVM-0845,malus-sp,44.474446,-73.193952,"Mapped in UVM's ArcGIS tree layer, 2023–24",central,,,,36083a11-5463-4ae5-a413-593a053a4031
UVM-0843,picea-pungens,44.474405,-73.193923,"Mapped in UVM's ArcGIS tree layer, 2023–24",central,,,,a3fa728b-9c67-4a62-a4da-e5a6532d2333
UVM-0844,picea-pungens,44.474480,-73.193891,"Mapped in UVM's ArcGIS tree layer, 2023–24",central,,,,bd95a8a0-3266-4595-8519-ad6fef4e96ee
UVM-3803,acer-x-freemanii,44.474540,-73.193894,"Mapped in UVM's ArcGIS tree layer, 2023–24",central,,,,65e970f7-39cd-438b-9d60-357ee40c0b14
UVM-4187,abies-balsamea,44.474455,-73.193761,"Mapped in UVM's ArcGIS tree layer, 2023–24",central,,,,50860179-61de-41e2-a879-24949ff74208
UVM-4188,picea-pungens,44.474399,-73.193793,"Mapped in UVM's ArcGIS tree layer, 2023–24",central,,,,05890493-44d2-4950-89b4-6a531f4cd729
UVM-4189,pseudotsuga-menziesii,44.474391,-73.193702,"Mapped in UVM's ArcGIS tree layer, 2023–24",central,,,,ef424285-31ce-46e2-960b-ca4643dc231e
UVM-4190,abies-balsamea,44.474339,-73.193752,"Mapped in UVM's ArcGIS tree layer, 2023–24",central,,,,50b68a4d-f25a-40b8-b112-486eb3cc9676
UVM-0842,malus-sp,44.474289,-73.193694,"Mapped in UVM's ArcGIS tree layer, 2023–24",central,,,,be29f9c3-1f6e-4b69-9b29-91f6065a7325
UVM-0841,malus-sp,44.474250,-73.193623,"Mapped in UVM's ArcGIS tree layer, 2023–24",central,,,,93e1c2ff-169c-4c87-8b69-cef145185efa
UVM-4191,picea-pungens,44.474339,-73.193665,"Mapped in UVM's ArcGIS tree layer, 2023–24",central,,,,bf312403-8890-4f0b-9f3e-b1564e2df9c6
UVM-3804,acer-x-freemanii,44.474388,-73.193607,"Mapped in UVM's ArcGIS tree layer, 2023–24",central,,,,b3520612-4f2f-4244-95e3-acf25a0de207
UVM-4192,pseudotsuga-menziesii,44.474335,-73.193527,"Mapped in UVM's ArcGIS tree layer, 2023–24",central,,,,ba552844-f17d-44a7-bef6-52fa2753a30b
UVM-4193,picea-pungens,44.474281,-73.193577,"Mapped in UVM's ArcGIS tree layer, 2023–24",central,,,,7486aa6a-a87a-465d-b2f9-51b01123b65d
UVM-3806,acer-x-freemanii,44.474287,-73.193518,"Mapped in UVM's ArcGIS tree layer, 2023–24",central,,,,bbcd0748-8a8d-4bc7-9c6c-3ddd300a1759
UVM-4194,pseudotsuga-menziesii,44.474240,-73.193539,"Mapped in UVM's ArcGIS tree layer, 2023–24",central,,,,0c6bc397-183c-4d57-9fcc-452ef4d4e992
UVM-0840,cotinus-coggygria,44.474300,-73.193465,"Mapped in UVM's ArcGIS tree layer, 2023–24",central,,,,e216ef30-aec1-4d79-88ab-3cdef1f6730d
UVM-0839,pinus-nigra,44.474280,-73.193427,"Mapped in UVM's ArcGIS tree layer, 2023–24",central,,,,ecdc648b-d3cb-4eea-bfee-3e06d3ab931b
UVM-4195,pseudotsuga-menziesii,44.474258,-73.193493,"Mapped in UVM's ArcGIS tree layer, 2023–24",central,,,,9a1b1537-d83c-447f-9012-adc4be6d389a
UVM-4196,picea-pungens,44.474236,-73.193436,"Mapped in UVM's ArcGIS tree layer, 2023–24",central,,,,46880bee-6a15-4212-bcfa-124ad75df190
UVM-3805,picea-pungens,44.474209,-73.193384,"Mapped in UVM's ArcGIS tree layer, 2023–24",central,,,,b887762e-75b0-4419-bcd9-1612866fce01
UVM-3808,picea-pungens,44.474200,-73.193332,"Mapped in UVM's ArcGIS tree layer, 2023–24",central,,,,7174921c-eb2c-4860-8021-3d319a391818
UVM-3807,betula-nigra,44.474219,-73.193275,"Mapped in UVM's ArcGIS tree layer, 2023–24",central,,,,afbc4687-7aa0-4b92-a428-da446942ca9f
UVM-0833,betula-nigra,44.474169,-73.193281,"Mapped in UVM's ArcGIS tree layer, 2023–24",central,,,,c9b6920c-2e9a-4fbb-aa9b-789db9a1f05c
UVM-3230,liriodendron-tulipifera,44.480464,-73.199903,"Mapped in UVM's ArcGIS tree layer, 2023–24",central,,,,4ff52ba8-c58b-4a31-b40b-bf8f3e1b3291
UVM-0009,liriodendron-tulipifera,44.480397,-73.199983,"Mapped in UVM's ArcGIS tree layer, 2023–24",central,,,,309838ec-662c-428d-bb63-4bb8e0c76c8a
UVM-3231,acer-saccharinum,44.480366,-73.199887,"Mapped in UVM's ArcGIS tree layer, 2023–24",central,,,,87d25309-26b6-471f-8c82-b0593f5f77b5
UVM-0002,acer-saccharum,44.480527,-73.200332,"Mapped in UVM's ArcGIS tree layer, 2023–24",central,,,,82c776bf-5ead-42c8-ab97-04d4d56c8e27
UVM-0001,acer-saccharinum,44.480589,-73.200353,"Mapped in UVM's ArcGIS tree layer, 2023–24",central,,,,a0b8c44d-fa9e-49b5-8ed7-f45d6a5dda49
UVM-0012,acer-platanoides,44.480141,-73.200035,"Mapped in UVM's ArcGIS tree layer, 2023–24",central,,,,19f30a60-ca44-476b-a5ae-b25c0a326b62
UVM-0026,pseudotsuga-menziesii,44.480055,-73.199910,"Mapped in UVM's ArcGIS tree layer, 2023–24",central,,,,76c154ee-3316-4eb2-b855-1cc63aa96a02
UVM-3228,quercus-rubra,44.479971,-73.199938,"Mapped in UVM's ArcGIS tree layer, 2023–24",central,,,,a8fd672a-fe22-4d8d-bfc8-e254dc96b290
UVM-0028,quercus-palustris,44.479949,-73.199857,"Mapped in UVM's ArcGIS tree layer, 2023–24",central,,,,18d01746-f759-4170-b133-a927661e0caf
UVM-0030,aesculus-hippocastanum,44.479907,-73.199963,"Mapped in UVM's ArcGIS tree layer, 2023–24",central,,,,e4f42f9a-e00e-4dbf-8d94-17818a3e23f0
UVM-0029,aesculus-hippocastanum,44.479990,-73.200001,"Mapped in UVM's ArcGIS tree layer, 2023–24",central,,,,0614d791-3dd3-4f8d-9b38-f425574ae0d2
UVM-0036,pinus-nigra,44.479717,-73.199843,"Mapped in UVM's ArcGIS tree layer, 2023–24",central,,,,c8f8abe9-f61f-4c38-9518-3e5b1a2ceec9
UVM-0016,aesculus-hippocastanum,44.480006,-73.200200,"Mapped in UVM's ArcGIS tree layer, 2023–24",central,,,,7fc7492b-ff3e-448c-8f50-565d9c43c488
UVM-3229,aesculus-hippocastanum,44.480089,-73.200233,"Mapped in UVM's ArcGIS tree layer, 2023–24",central,,,,6966877e-7a68-43ea-9ced-4b0b93a2398f
UVM-0018,acer-saccharinum,44.479990,-73.200340,"Mapped in UVM's ArcGIS tree layer, 2023–24",central,,,,76556b4b-e75a-40dd-a6e1-fe9a936d6cc3
UVM-0019,acer-platanoides,44.479911,-73.200251,"Mapped in UVM's ArcGIS tree layer, 2023–24",central,,,,6bd4e784-ff83-4faa-a012-6ea0efb2a27d
UVM-3227,acer-saccharinum,44.479756,-73.200365,"Mapped in UVM's ArcGIS tree layer, 2023–24",central,,,,3d4bb9d7-93f5-4edf-9155-f9e5871c396f
UVM-0021,acer-saccharinum,44.479676,-73.200379,"Mapped in UVM's ArcGIS tree layer, 2023–24",central,,,,f20cf18c-1792-4ff2-9908-a08a51a3a886
UVM-0023,acer-rubrum,44.479627,-73.200086,"Mapped in UVM's ArcGIS tree layer, 2023–24",central,,,,28bab4a9-7afd-49a9-87af-687932f8fc83
UVM-0038,acer-saccharum,44.479442,-73.200047,"Mapped in UVM's ArcGIS tree layer, 2023–24",central,,,,c43ff557-edd3-415c-a6e1-4eb24dfea06b
UVM-4197,quercus-robur-fastigiata,44.479484,-73.199908,"Mapped in UVM's ArcGIS tree layer, 2023–24",central,,,,bb794409-2e4a-4471-bebf-de0779af7b17
UVM-0039,tsuga-canadensis,44.479380,-73.199915,"Mapped in UVM's ArcGIS tree layer, 2023–24",central,,,,5b383f1f-cc3c-4e04-a946-db00e1c59ee2
UVM-0041,tsuga-canadensis,44.479297,-73.199852,"Mapped in UVM's ArcGIS tree layer, 2023–24",central,,,,0cbbab4b-739c-4f48-9b4d-8b22efe712aa
UVM-0040,tsuga-canadensis,44.479300,-73.199959,"Mapped in UVM's ArcGIS tree layer, 2023–24",central,,,,44ed6b2a-e664-4c60-8a65-0d52ca784266
UVM-3226,acer-saccharum,44.479227,-73.200036,"Mapped in UVM's ArcGIS tree layer, 2023–24",central,,,,2e194897-a4eb-4f56-8756-fb74666d4e10
UVM-0046,acer-saccharum,44.479118,-73.200029,"Mapped in UVM's ArcGIS tree layer, 2023–24",central,,,,03719fcd-86e0-4402-8575-726b9180712a
UVM-0045,acer-saccharum,44.479193,-73.199888,"Mapped in UVM's ArcGIS tree layer, 2023–24",central,,,,55ce24df-566e-4957-bcde-ce88beee9ecd
UVM-0047,quercus-rubra,44.479051,-73.199635,"Mapped in UVM's ArcGIS tree layer, 2023–24",central,,,,a095a1f1-189b-43d8-8800-936d64be5590
UVM-3224,pinus-strobus,44.479017,-73.199905,"Mapped in UVM's ArcGIS tree layer, 2023–24",central,,,,93acea98-3b26-4da5-85cf-b5001d3f0175
UVM-0050,pinus-strobus,44.479015,-73.200032,"Mapped in UVM's ArcGIS tree layer, 2023–24",central,,,,83ad2247-50e1-42aa-a590-40d893cb9c3b
UVM-0051,pinus-strobus,44.478944,-73.200057,"Mapped in UVM's ArcGIS tree layer, 2023–24",central,,,,bfcd4cb7-91a1-433c-bc0e-a0e610bcf512
UVM-3225,pinus-strobus,44.478989,-73.200167,"Mapped in UVM's ArcGIS tree layer, 2023–24",central,,,,3530e24f-dcf5-433d-9a8e-4f813b4e406b
UVM-0053,pinus-strobus,44.478981,-73.200288,"Mapped in UVM's ArcGIS tree layer, 2023–24",central,,,,b46005b4-9922-4ec1-85a3-4371427b46d5
UVM-0054,pinus-strobus,44.478926,-73.200346,"Mapped in UVM's ArcGIS tree layer, 2023–24",central,,,,81614116-194d-466a-a94b-79ef4844b7b3
UVM-4198,abies-concolor,44.478787,-73.200240,"Mapped in UVM's ArcGIS tree layer, 2023–24",central,,,,5e96dbe9-e02d-4729-a673-25fca49f9167
UVM-0058,quercus-rubra,44.478797,-73.200044,"Mapped in UVM's ArcGIS tree layer, 2023–24",central,,,,ebf3432b-fee3-4f99-881d-fd4603f88d74
UVM-0062,acer-saccharum,44.478622,-73.199979,"Mapped in UVM's ArcGIS tree layer, 2023–24",central,,,,d70c52d4-9926-4831-a63b-646938df0fa8
UVM-0059,quercus-palustris,44.478707,-73.199560,"Mapped in UVM's ArcGIS tree layer, 2023–24",central,,,,a7315d88-c141-489e-b837-25ec6900395a
UVM-0060,quercus-palustris,44.478630,-73.199551,"Mapped in UVM's ArcGIS tree layer, 2023–24",central,,,,4514d778-4dad-4f4c-9760-0f6798543268
UVM-0061,quercus-palustris,44.478551,-73.199533,"Mapped in UVM's ArcGIS tree layer, 2023–24",central,,,,69fc6142-c932-4331-802e-d44b4f9d8891
UVM-0064,acer-saccharinum,44.478556,-73.200313,"Mapped in UVM's ArcGIS tree layer, 2023–24",central,,,,4277b011-a969-4349-9bc3-99e46d61f09b
UVM-3223,acer-saccharinum,44.478326,-73.200403,"Mapped in UVM's ArcGIS tree layer, 2023–24",central,,,,e5d74182-cc0d-4b9d-a8d2-39fd2c54908e
UVM-0067,acer-saccharinum,44.478201,-73.200403,"Mapped in UVM's ArcGIS tree layer, 2023–24",central,,,,ecfe3c29-407c-4379-89e3-1509b4e3ddc6
UVM-0068,acer-saccharinum,44.478083,-73.200415,"Mapped in UVM's ArcGIS tree layer, 2023–24",central,,,,72c6f1d7-cb6e-4587-9905-5e22c3771c2f
UVM-0081,magnolia-sp,44.477900,-73.199977,"Mapped in UVM's ArcGIS tree layer, 2023–24",central,,,,a178929a-50d4-4f5e-b46d-c1d2903990a3
UVM-0080,malus-sp,44.478106,-73.199916,"Mapped in UVM's ArcGIS tree layer, 2023–24",central,,,,9c045f34-d512-40f3-b78b-ff5c9787f3ab
UVM-0077,malus-sp,44.478046,-73.199664,"Mapped in UVM's ArcGIS tree layer, 2023–24",central,,,,86cd4735-ea93-4383-9806-9aad8aaa1eb8
UVM-4199,quercus-robur-fastigiata,44.477973,-73.199703,"Mapped in UVM's ArcGIS tree layer, 2023–24",central,,,,acb45da9-57d0-4af9-8099-a116449fc5ce
UVM-0075,malus-sp,44.478203,-73.199706,"Mapped in UVM's ArcGIS tree layer, 2023–24",central,,,,30169a61-3bac-42c3-8cef-b5008af7a9d0
UVM-0074,aesculus-hippocastanum,44.478175,-73.199610,"Mapped in UVM's ArcGIS tree layer, 2023–24",central,,,,1f1d01ed-436d-43e9-aff2-bd829834d9d8
UVM-0073,quercus-bicolor,44.478129,-73.199489,"Mapped in UVM's ArcGIS tree layer, 2023–24",central,,,,4d17280a-ab2e-41a0-96f7-02eaa035b41b
UVM-3222,malus-sp,44.478292,-73.199759,"Mapped in UVM's ArcGIS tree layer, 2023–24",central,,,,c005d9aa-4836-471e-afe0-e5f5496432a3
UVM-0069,acer-saccharinum,44.478414,-73.199511,"Mapped in UVM's ArcGIS tree layer, 2023–24",central,,,,0e366b3b-fd83-4bab-a44e-6c5970088279
UVM-0088,picea-pungens,44.477940,-73.199434,"Mapped in UVM's ArcGIS tree layer, 2023–24",central,,,,292d8fe9-f728-4ca6-9fe5-f8bd40087ad0
UVM-3220,acer-rubrum,44.477772,-73.199571,"Mapped in UVM's ArcGIS tree layer, 2023–24",central,,,,14161859-7420-4a62-9cc5-e760ecb6f43c
UVM-0084,picea-pungens,44.477823,-73.199668,"Mapped in UVM's ArcGIS tree layer, 2023–24",central,,,,27374d13-dab2-4b19-9f55-2768f90879a3
UVM-3221,picea-pungens,44.477837,-73.199521,"Mapped in UVM's ArcGIS tree layer, 2023–24",central,,,,023dcaa0-a266-4398-b269-188232bd6d0d
UVM-0085,picea-pungens,44.477858,-73.199601,"Mapped in UVM's ArcGIS tree layer, 2023–24",central,,,,b9f44b95-4d86-477d-954e-42b1b465a337
UVM-0104,acer-saccharinum,44.477601,-73.199921,"Mapped in UVM's ArcGIS tree layer, 2023–24",central,,,,43429fb4-1f77-4808-85ee-299cf421e2e9
UVM-3218,acer-saccharinum,44.477604,-73.199797,"Mapped in UVM's ArcGIS tree layer, 2023–24",central,,,,0fdd5c43-ba0d-4170-b98f-9ffded5df2a1
UVM-3219,acer-saccharinum,44.477624,-73.199673,"Mapped in UVM's ArcGIS tree layer, 2023–24",central,,,,96862dab-2f8a-4326-845a-a91529acc10e
UVM-0101,picea-pungens,44.477498,-73.199779,"Mapped in UVM's ArcGIS tree layer, 2023–24",central,,,,73cdc4d2-c9a7-48af-bac4-9866276f1e74
UVM-0100,metasequoia-glyptostroboides,44.477417,-73.199821,"Mapped in UVM's ArcGIS tree layer, 2023–24",central,,,,20d50285-8fee-4abd-bfd4-503cf0cc3fc9
UVM-0105,ulmus-sp,44.477421,-73.199932,"Mapped in UVM's ArcGIS tree layer, 2023–24",central,,,,b1d2f359-a626-4ef1-b0ba-4698575f6ce8
UVM-3217,ulmus-sp,44.477536,-73.200405,"Mapped in UVM's ArcGIS tree layer, 2023–24",central,,,,0c9f0b6e-ea41-46b8-a947-d6d6aca9bd94
UVM-0109,fraxinus-sp,44.477367,-73.200392,"Mapped in UVM's ArcGIS tree layer, 2023–24",central,,,,de238998-1fd5-4d4b-b0bd-772bd65b5bb0
UVM-3216,quercus-rubra,44.477365,-73.200172,"Mapped in UVM's ArcGIS tree layer, 2023–24",central,,,,d7768f8f-3e83-44d6-9f73-6f0d3f990e58
UVM-0112,pinus-sylvestris,44.477272,-73.200269,"Mapped in UVM's ArcGIS tree layer, 2023–24",central,,,,e0f9d94a-5c58-4c53-8b0f-31387503d8df
UVM-3215,quercus-palustris,44.477261,-73.200391,"Mapped in UVM's ArcGIS tree layer, 2023–24",central,,,,1d4a34de-f2dd-4152-a5d4-1362d77b36a7
UVM-3214,quercus-palustris,44.477191,-73.200441,"Mapped in UVM's ArcGIS tree layer, 2023–24",central,,,,54440dc5-7cb3-4663-b7c6-5012c251ab95
UVM-0120,aesculus-hippocastanum,44.477100,-73.200346,"Mapped in UVM's ArcGIS tree layer, 2023–24",central,,,,d4979dfb-3ab8-42d0-967d-ca6004bb6be5
UVM-0119,pinus-sylvestris,44.477011,-73.200311,"Mapped in UVM's ArcGIS tree layer, 2023–24",central,,,,864cbd8c-c46d-4cbe-82bc-9a3d0cd1810b
UVM-0115,aesculus-hippocastanum,44.477185,-73.200001,"Mapped in UVM's ArcGIS tree layer, 2023–24",central,,,,4f32ab74-c5fd-4e41-928e-4ca18980366d
UVM-0116,malus-sp,44.477081,-73.199943,"Mapped in UVM's ArcGIS tree layer, 2023–24",central,,,,51e9a1c3-d772-430d-ac83-4aa304a2355b
UVM-0117,malus-sp,44.477061,-73.200051,"Mapped in UVM's ArcGIS tree layer, 2023–24",central,,,,1e79d385-9f66-430c-93d0-7a8dbd7602c6
UVM-0121,quercus-palustris,44.477140,-73.200217,"Mapped in UVM's ArcGIS tree layer, 2023–24",central,,,,8f020549-eb4c-4fee-835d-bf4dc69cacc8
UVM-0122,quercus-palustris,44.477070,-73.200287,"Mapped in UVM's ArcGIS tree layer, 2023–24",central,,,,c0b0be92-3c98-420b-a82d-1162e0f37b2b
UVM-0126,picea-abies,44.476915,-73.200313,"Mapped in UVM's ArcGIS tree layer, 2023–24",central,,,,052f943a-9f8c-4bd6-9c22-28e261d43d3b
UVM-0123,quercus-palustris,44.476891,-73.200088,"Mapped in UVM's ArcGIS tree layer, 2023–24",central,,,,ee2d3b2d-01ef-46c3-8acf-a1be4789808c
UVM-0124,fraxinus-sp,44.476816,-73.200122,"Mapped in UVM's ArcGIS tree layer, 2023–24",central,,,,da7a061b-0a3d-4032-9562-731ac654b06a
UVM-0125,acer-saccharum,44.476807,-73.200270,"Mapped in UVM's ArcGIS tree layer, 2023–24",central,,,,8215d1b2-94cb-4849-8d0d-e4d64dbc6fa7
UVM-0129,quercus-rubra,44.476795,-73.200397,"Mapped in UVM's ArcGIS tree layer, 2023–24",central,,,,7aece925-a84c-4667-a6f4-7f46a7c170f4
UVM-0128,quercus-palustris,44.476851,-73.200448,"Mapped in UVM's ArcGIS tree layer, 2023–24",central,,,,34f5b7fa-707b-4483-ae92-099b69867823
UVM-0130,picea-glauca,44.476692,-73.200286,"Mapped in UVM's ArcGIS tree layer, 2023–24",central,,,,9d4a2af8-05a6-49a9-a1c9-7796eab69a1b
UVM-0131,picea-glauca,44.476659,-73.200361,"Mapped in UVM's ArcGIS tree layer, 2023–24",central,,,,cb955c62-2ff7-4cbd-8b8a-5c1e8e054b68
UVM-0132,pinus-nigra,44.476638,-73.200469,"Mapped in UVM's ArcGIS tree layer, 2023–24",central,,,,44a8a9ae-9f4a-47a5-bd42-4533aa35ebff
UVM-0163,fraxinus-sp,44.476502,-73.200387,"Mapped in UVM's ArcGIS tree layer, 2023–24",central,,,,166b0384-bc46-425e-be82-1a2ed6bf9bec
UVM-0154,picea-glauca,44.476552,-73.200281,"Mapped in UVM's ArcGIS tree layer, 2023–24",central,,,,a08e971f-7291-4f8d-a0b2-7529e187bdf0
UVM-0162,fraxinus-sp,44.476507,-73.200015,"Mapped in UVM's ArcGIS tree layer, 2023–24",central,,,,fae2e111-5b15-4399-97dc-0768d712a300
UVM-0161,fraxinus-sp,44.476516,-73.199843,"Mapped in UVM's ArcGIS tree layer, 2023–24",central,,,,01534bb0-995b-4322-8cb8-4b05fd651ca8
UVM-0160,fraxinus-sp,44.476525,-73.199692,"Mapped in UVM's ArcGIS tree layer, 2023–24",central,,,,bf8054a8-be46-4e49-bc92-db2477313da2
UVM-0090,picea-pungens,44.477536,-73.199392,"Mapped in UVM's ArcGIS tree layer, 2023–24",central,,,,8603ed87-787b-407b-93bc-f00d87f58782
UVM-0091,picea-pungens,44.477457,-73.199451,"Mapped in UVM's ArcGIS tree layer, 2023–24",central,,,,2e213347-6d75-4ecc-bab1-036bca98edf4
UVM-0092,fraxinus-sp,44.477401,-73.199365,"Mapped in UVM's ArcGIS tree layer, 2023–24",central,,,,042c9725-f4a3-47b7-bca5-7085041cb79c
UVM-3213,quercus-rubra,44.477338,-73.199327,"Mapped in UVM's ArcGIS tree layer, 2023–24",central,,,,ff661042-06ed-448b-963e-e17c09ffedbf
UVM-0094,fagus-grandifolia,44.477336,-73.199493,"Mapped in UVM's ArcGIS tree layer, 2023–24",central,,,,c6c938d3-3943-43ce-a1f4-ab44d1c32490
UVM-0095,picea-pungens,44.477338,-73.199584,"Mapped in UVM's ArcGIS tree layer, 2023–24",central,,,,edbc4ca3-0475-46e6-ad6a-cbc1c7767102
UVM-0098,picea-abies,44.477255,-73.199651,"Mapped in UVM's ArcGIS tree layer, 2023–24",central,,,,97790e4a-f8fc-496c-a447-1a76a5e47795
UVM-0146,picea-glauca,44.477282,-73.199549,"Mapped in UVM's ArcGIS tree layer, 2023–24",central,,,,5718dcde-19c9-4d90-896a-ad2096b0e74f
UVM-0096,picea-pungens,44.477282,-73.199475,"Mapped in UVM's ArcGIS tree layer, 2023–24",central,,,,2aadf6bc-a1c3-4753-bfeb-b69bb44140ce
UVM-3212,quercus-palustris,44.477272,-73.199316,"Mapped in UVM's ArcGIS tree layer, 2023–24",central,,,,791a72be-51c2-4955-a6bd-68e33c35c3bc
UVM-0138,acer-saccharum,44.477209,-73.199384,"Mapped in UVM's ArcGIS tree layer, 2023–24",central,,,,9d69605c-3981-44f6-97fc-299b3d2052c9
UVM-0140,aesculus-hippocastanum,44.476919,-73.199257,"Mapped in UVM's ArcGIS tree layer, 2023–24",central,,,,d2bebe1d-4bbb-46ee-84e9-ef9b16a1a6db
UVM-0141,picea-pungens,44.476883,-73.199319,"Mapped in UVM's ArcGIS tree layer, 2023–24",central,,,,83d835f3-0dee-4fbe-a863-325b16a74682
UVM-0142,picea-abies,44.476825,-73.199269,"Mapped in UVM's ArcGIS tree layer, 2023–24",central,,,,658443e3-bf58-4aab-9cbd-80c914541a6f
UVM-0143,pseudotsuga-menziesii,44.476814,-73.199330,"Mapped in UVM's ArcGIS tree layer, 2023–24",central,,,,32fdef0b-9342-474e-b44f-164b8a8e760c
UVM-0144,picea-abies,44.476772,-73.199406,"Mapped in UVM's ArcGIS tree layer, 2023–24",central,,,,0ca1c853-cfca-4225-af28-12fb0e4b5670
UVM-4200,acer-saccharinum,44.476529,-73.199294,"Mapped in UVM's ArcGIS tree layer, 2023–24",central,,,,29d378f9-20f6-4d00-ab0b-031d6804d304
UVM-0157,fraxinus-sp,44.476527,-73.199384,"Mapped in UVM's ArcGIS tree layer, 2023–24",central,,,,2b74b4b7-0e76-480f-a620-0537d5bbc068
UVM-4201,acer-saccharinum,44.476525,-73.199465,"Mapped in UVM's ArcGIS tree layer, 2023–24",central,,,,10a637fd-2e34-4955-9e77-e4f1208ed4fc
UVM-0155,acer-saccharinum,44.476584,-73.199542,"Mapped in UVM's ArcGIS tree layer, 2023–24",central,,,,17867a21-d4f7-4392-a482-53306b6ebf4a
UVM-4202,acer-saccharinum,44.476526,-73.199541,"Mapped in UVM's ArcGIS tree layer, 2023–24",central,,,,551839c5-9569-4a0e-aaa4-bcd295850f06
UVM-0159,fraxinus-sp,44.476526,-73.199592,"Mapped in UVM's ArcGIS tree layer, 2023–24",central,,,,35e6bf65-b249-4ee4-84f1-06eb6786b80e
UVM-0150,picea-abies,44.476686,-73.199638,"Mapped in UVM's ArcGIS tree layer, 2023–24",central,,,,ab1c73fc-0c2b-49d0-9de2-4aa006f87f03
UVM-0097,picea-abies,44.476749,-73.199588,"Mapped in UVM's ArcGIS tree layer, 2023–24",central,,,,ccfce518-259f-4f07-ab15-67c4512c5af3
UVM-0147,picea-pungens,44.476790,-73.199649,"Mapped in UVM's ArcGIS tree layer, 2023–24",central,,,,19f43024-e085-46b3-a921-1506eefae5f6
UVM-0148,picea-pungens,44.476736,-73.199703,"Mapped in UVM's ArcGIS tree layer, 2023–24",central,,,,92f5a449-49eb-4b8d-a030-2e7f18d0dae1
UVM-0151,quercus-rubra,44.476679,-73.199734,"Mapped in UVM's ArcGIS tree layer, 2023–24",central,,,,946fda68-6453-453c-a07c-7d069078a2e2
UVM-0152,fagus-sylvatica,44.476746,-73.199837,"Mapped in UVM's ArcGIS tree layer, 2023–24",central,,,,4fa7cc6b-ffcf-453a-8761-9914a568d592
UVM-0133,malus-sp,44.476864,-73.199955,"Mapped in UVM's ArcGIS tree layer, 2023–24",central,,,,7c6b0bc5-d886-40d9-b8ab-e591e9f996f1
UVM-0135,malus-sp,44.476939,-73.199856,"Mapped in UVM's ArcGIS tree layer, 2023–24",central,,,,31c2e8e8-a165-4516-ab6c-0ff7406886d0
UVM-0136,malus-sp,44.477002,-73.199809,"Mapped in UVM's ArcGIS tree layer, 2023–24",central,,,,193c8223-ba6d-4dc3-a6d0-d4b6be6f3de1
UVM-4203,picea-pungens,44.474202,-73.193172,"Mapped in UVM's ArcGIS tree layer, 2023–24",central,,,,461e988d-9709-4c2b-8af9-2a7377c04e29
UVM-4204,betula-nigra,44.474153,-73.193166,"Mapped in UVM's ArcGIS tree layer, 2023–24",central,,,,060029e7-34f5-47ab-a9ae-430e2ba12723
UVM-0829,fraxinus-sp,44.474099,-73.193154,"Mapped in UVM's ArcGIS tree layer, 2023–24",central,,,,681751ab-25e2-47c8-9bcc-68e59a2db6c0
UVM-4205,picea-glauca,44.474165,-73.193091,"Mapped in UVM's ArcGIS tree layer, 2023–24",central,,,,c60b75f2-4ca6-4b09-985f-3f577a6aecc0
UVM-4206,betula-nigra,44.474101,-73.193047,"Mapped in UVM's ArcGIS tree layer, 2023–24",central,,,,78fc4224-d508-4112-b7a6-3969cc0133e2
UVM-4207,picea-pungens,44.474166,-73.192994,"Mapped in UVM's ArcGIS tree layer, 2023–24",central,,,,449ea900-fa9d-43aa-9250-2495bc92689e
UVM-0826,tilia-cordata,44.474034,-73.193027,"Mapped in UVM's ArcGIS tree layer, 2023–24",central,,,,edad6637-665d-409b-a633-f6a7bac343c2
UVM-0827,quercus-rubra,44.473987,-73.192976,"Mapped in UVM's ArcGIS tree layer, 2023–24",central,,,,2bcc3ca6-7c32-49ee-8fcd-2bd0b5996357
UVM-0824,betula-nigra,44.474071,-73.192975,"Mapped in UVM's ArcGIS tree layer, 2023–24",central,,,,29b60ab8-076e-4a40-b080-8ee8f62a7a19
UVM-4208,picea-glauca,44.474096,-73.192873,"Mapped in UVM's ArcGIS tree layer, 2023–24",central,,,,991e26b1-39ef-4bec-bbd3-683185834fb7
UVM-0823,betula-nigra,44.474041,-73.192909,"Mapped in UVM's ArcGIS tree layer, 2023–24",central,,,,27b12a05-a98f-4015-9fdb-8ead0d9c77b5
UVM-4209,picea-glauca,44.474060,-73.192775,"Mapped in UVM's ArcGIS tree layer, 2023–24",central,,,,81b2d0e5-2c3a-4877-be36-850ded2f814c
UVM-4210,picea-pungens,44.474035,-73.192716,"Mapped in UVM's ArcGIS tree layer, 2023–24",central,,,,a154048c-9c9c-4d22-ab76-a41c890a5c0a
UVM-4211,picea-pungens,44.473990,-73.192696,"Mapped in UVM's ArcGIS tree layer, 2023–24",central,,,,c2ae4341-588e-4a8c-a04d-76d6b0f91028
UVM-0819,betula-nigra,44.473926,-73.192670,"Mapped in UVM's ArcGIS tree layer, 2023–24",central,,,,103a8b80-ecc1-4d31-8fc5-840787ab765f
UVM-4212,picea-pungens,44.474048,-73.192376,"Mapped in UVM's ArcGIS tree layer, 2023–24",central,,,,25e90d4e-a0c5-41ee-921f-5e2334f9e7b8
UVM-4213,picea-pungens,44.474023,-73.192384,"Mapped in UVM's ArcGIS tree layer, 2023–24",central,,,,fb05bbcd-48be-42fb-b47a-0ecb285fde26
UVM-4214,picea-pungens,44.473996,-73.192398,"Mapped in UVM's ArcGIS tree layer, 2023–24",central,,,,d7216311-e1f4-4f6a-b360-85920270ec84
UVM-4215,picea-pungens,44.473959,-73.192403,"Mapped in UVM's ArcGIS tree layer, 2023–24",central,,,,19683849-e13f-46f5-9061-edad773d0616
UVM-4216,picea-pungens,44.473929,-73.192398,"Mapped in UVM's ArcGIS tree layer, 2023–24",central,,,,e5429736-e72c-407e-a714-9f4da38f0b7e
UVM-3812,picea-pungens,44.473922,-73.192448,"Mapped in UVM's ArcGIS tree layer, 2023–24",central,,,,91bbe6e8-a6c2-42fd-b1bc-95e2bc6fbc01
UVM-3811,picea-pungens,44.473887,-73.192485,"Mapped in UVM's ArcGIS tree layer, 2023–24",central,,,,573f7e0d-1aa6-4a22-9bf0-2c1806a95096
UVM-4217,picea-pungens,44.473856,-73.192493,"Mapped in UVM's ArcGIS tree layer, 2023–24",central,,,,fe2bc1ab-ae15-477c-b2ad-f90b894f66f0
UVM-4218,picea-pungens,44.473871,-73.192532,"Mapped in UVM's ArcGIS tree layer, 2023–24",central,,,,fef11416-5a74-42a5-a767-1e985f1da548
UVM-0808,picea-pungens,44.473859,-73.192573,"Mapped in UVM's ArcGIS tree layer, 2023–24",central,,,,070306f2-43f5-4bd4-9118-9c58c62eded7
UVM-4219,picea-pungens,44.473881,-73.192597,"Mapped in UVM's ArcGIS tree layer, 2023–24",central,,,,90f29356-e73f-4129-9045-8605920d5351
UVM-4220,betula-nigra,44.473861,-73.192431,"Mapped in UVM's ArcGIS tree layer, 2023–24",central,,,,2fc8232c-9e7e-4857-90c6-7f9f08735f35
UVM-4221,betula-nigra,44.473887,-73.192437,"Mapped in UVM's ArcGIS tree layer, 2023–24",central,,,,6466dd9d-3a02-48ed-954d-19aef134c96c
UVM-4222,betula-nigra,44.473904,-73.192417,"Mapped in UVM's ArcGIS tree layer, 2023–24",central,,,,a3c6207e-1df2-4f1a-bc5c-08f56c8b7db5
UVM-4223,betula-nigra,44.473958,-73.192358,"Mapped in UVM's ArcGIS tree layer, 2023–24",central,,,,7b1c8948-1d14-4d7a-ba6d-aceeff6e6324
UVM-4224,betula-nigra,44.473974,-73.192325,"Mapped in UVM's ArcGIS tree layer, 2023–24",central,,,,f73d42ed-bba1-4647-8516-a4c70ce4b51c
UVM-0797,ulmus-sp,44.475507,-73.193181,"Mapped in UVM's ArcGIS tree layer, 2023–24",central,,,,24e86929-6be8-45ee-b883-682ac3a540c2
UVM-3817,ulmus-sp,44.475436,-73.193298,"Mapped in UVM's ArcGIS tree layer, 2023–24",central,,,,f24b1c8e-3309-4ee1-ab48-98225c25f1cf
UVM-3815,ulmus-sp,44.475295,-73.193425,"Mapped in UVM's ArcGIS tree layer, 2023–24",central,,,,98284f53-cb7f-48b7-8b21-e2ac340c89e0
UVM-0794,ulmus-sp,44.475208,-73.193496,"Mapped in UVM's ArcGIS tree layer, 2023–24",central,,,,3b2a98bb-db20-46f1-87ed-e517f92dd839
UVM-0793,ulmus-sp,44.475127,-73.193565,"Mapped in UVM's ArcGIS tree layer, 2023–24",central,,,,16d075c4-3973-45e1-a67b-5309a41690eb
UVM-0792,ulmus-sp,44.474883,-73.193761,"Mapped in UVM's ArcGIS tree layer, 2023–24",central,,,,0cf693ab-19dd-4740-8856-3124a8f6eccb
UVM-3813,ulmus-sp,44.474802,-73.193868,"Mapped in UVM's ArcGIS tree layer, 2023–24",central,,,,638b89d1-4654-472c-a44c-6f0eedc4d97e
UVM-0788,ulmus-sp,44.474795,-73.194117,"Mapped in UVM's ArcGIS tree layer, 2023–24",central,,,,f5c1d81f-52f4-44a5-88d4-40111979ecf8
UVM-2648,pinus-strobus,44.485328,-73.193260,"Mapped in UVM's ArcGIS tree layer, 2023–24",trinity,,,,7f4dceb2-2d24-4805-9550-19cc6cc0496d
UVM-2647,pinus-strobus,44.485287,-73.193314,"Mapped in UVM's ArcGIS tree layer, 2023–24",trinity,,,,ac0d4e81-df47-457b-b589-67f1c18b7eea
UVM-2646,pinus-strobus,44.485275,-73.193349,"Mapped in UVM's ArcGIS tree layer, 2023–24",trinity,,,,409ee3fb-bc28-4b78-8826-ee15783f4e1c
UVM-2649,quercus-rubra,44.485185,-73.193593,"Mapped in UVM's ArcGIS tree layer, 2023–24",trinity,,,,d51ad5d6-4c50-497b-8b59-8d173d0c1d9c
UVM-2652,tilia-americana,44.485081,-73.193565,"Mapped in UVM's ArcGIS tree layer, 2023–24",trinity,,,,2b507749-ec87-4ac9-88dc-6d8f2b83b50d
UVM-2650,quercus-rubra,44.485123,-73.193679,"Mapped in UVM's ArcGIS tree layer, 2023–24",trinity,,,,bb626650-4ceb-4b4f-ae71-f55944a4f3c4
UVM-2651,quercus-rubra,44.485095,-73.193695,"Mapped in UVM's ArcGIS tree layer, 2023–24",trinity,,,,6612a9a2-e4e1-4d30-98f8-069746206b32
UVM-2653,quercus-rubra,44.485036,-73.193663,"Mapped in UVM's ArcGIS tree layer, 2023–24",trinity,,,,53094e33-a371-420c-9980-225e0aa14a22
UVM-2654,acer-rubrum,44.485046,-73.193722,"Mapped in UVM's ArcGIS tree layer, 2023–24",trinity,,,,fe4fc723-4360-4dac-9b79-de938ef3f876
UVM-2655,quercus-rubra,44.485025,-73.193769,"Mapped in UVM's ArcGIS tree layer, 2023–24",trinity,,,,f5c74790-2a75-421a-b367-c893eb8b9d3d
UVM-4225,prunus-serotina,44.484985,-73.193778,"Mapped in UVM's ArcGIS tree layer, 2023–24",trinity,,,,bb6d6cf4-1e3b-4511-8051-ded982cb8c32
UVM-4226,acer-rubrum,44.485012,-73.193826,"Mapped in UVM's ArcGIS tree layer, 2023–24",trinity,,,,01535587-8e58-4461-996a-5595959b30c4
UVM-4227,acer-rubrum,44.485006,-73.193868,"Mapped in UVM's ArcGIS tree layer, 2023–24",trinity,,,,0f437fd0-55e2-40fb-a241-0ec28ecabe57
UVM-2659,acer-rubrum,44.484979,-73.193857,"Mapped in UVM's ArcGIS tree layer, 2023–24",trinity,,,,2117b965-4fd1-4af3-89ca-ed3298450684
UVM-2658,acer-rubrum,44.484953,-73.193866,"Mapped in UVM's ArcGIS tree layer, 2023–24",trinity,,,,d6db2c12-c126-4879-af4b-d04725c93021
UVM-2656,acer-rubrum,44.484922,-73.193835,"Mapped in UVM's ArcGIS tree layer, 2023–24",trinity,,,,3c51a1cb-c9a8-4b36-8509-74f16b2a925f
UVM-2657,acer-rubrum,44.484901,-73.193809,"Mapped in UVM's ArcGIS tree layer, 2023–24",trinity,,,,417ddf60-f016-447e-954b-a3bef4178af5
UVM-4228,gleditsia-triacanthos,44.484917,-73.193185,"Mapped in UVM's ArcGIS tree layer, 2023–24",trinity,,,,678d79ce-896a-4459-a044-104da27cf70f
UVM-4229,gleditsia-triacanthos,44.484812,-73.193411,"Mapped in UVM's ArcGIS tree layer, 2023–24",trinity,,,,c9814e7d-2342-48ee-b8dc-31386690fd7d
UVM-4230,quercus-rubra,44.484791,-73.193312,"Mapped in UVM's ArcGIS tree layer, 2023–24",trinity,,,,c8abc21a-410d-43e3-b162-e783de41ce4a
UVM-4231,quercus-rubra,44.484772,-73.193428,"Mapped in UVM's ArcGIS tree layer, 2023–24",trinity,,,,d9aeb8d3-3200-4c47-9454-992748c8b465
UVM-4232,pinus-resinosa,44.484676,-73.193565,"Mapped in UVM's ArcGIS tree layer, 2023–24",trinity,,,,0354063e-b3b3-407b-96df-9fcc8e02c3db
UVM-4233,quercus-rubra,44.484656,-73.193549,"Mapped in UVM's ArcGIS tree layer, 2023–24",trinity,,,,56180530-6212-4f70-b69e-135782d3586d
UVM-4234,quercus-rubra,44.484617,-73.193506,"Mapped in UVM's ArcGIS tree layer, 2023–24",trinity,,,,c089ff90-c130-4d15-bd59-551d7d04a039
UVM-2642,pinus-strobus,44.484822,-73.192797,"Mapped in UVM's ArcGIS tree layer, 2023–24",trinity,,,,d976fcb9-9c2b-41a5-90d9-5f645a96ec6c
UVM-4235,taxus-x-media,44.484528,-73.193063,"Mapped in UVM's ArcGIS tree layer, 2023–24",trinity,,,,e6f48deb-6e2a-4d2a-a5f9-7f0e51a4fc37
UVM-4236,taxus-x-media,44.484513,-73.193013,"Mapped in UVM's ArcGIS tree layer, 2023–24",trinity,,,,f20b5227-dc4f-4cba-a721-2de780d42165
UVM-2639,acer-saccharum,44.484549,-73.192858,"Mapped in UVM's ArcGIS tree layer, 2023–24",trinity,,,,0e466cb8-e877-4a70-97a7-56779524fff2
UVM-4237,picea-glauca,44.484369,-73.192991,"Mapped in UVM's ArcGIS tree layer, 2023–24",trinity,,,,20b78e3f-836d-46d2-bb44-27ad57acdf52
UVM-4238,picea-glauca,44.484289,-73.192958,"Mapped in UVM's ArcGIS tree layer, 2023–24",trinity,,,,a6686842-f135-4f80-b44c-f3702444379f
UVM-4239,malus-sp,44.484473,-73.192794,"Mapped in UVM's ArcGIS tree layer, 2023–24",trinity,,,,74d84dca-e75e-44e6-9424-99d509b2a68c
UVM-2638,betula-papyrifera,44.484403,-73.192779,"Mapped in UVM's ArcGIS tree layer, 2023–24",trinity,,,,61580203-c370-458a-9c5e-5de0065c5962
UVM-2629,prunus-serotina,44.484416,-73.192736,"Mapped in UVM's ArcGIS tree layer, 2023–24",trinity,,,,10dfebe7-0816-411e-8e81-75edf2477236
UVM-4240,betula-papyrifera,44.484454,-73.192699,"Mapped in UVM's ArcGIS tree layer, 2023–24",trinity,,,,95763f08-e830-4f9b-82e4-df29163c2459
UVM-2630,gleditsia-triacanthos,44.484324,-73.192812,"Mapped in UVM's ArcGIS tree layer, 2023–24",trinity,,,,323f12d1-ebb0-4030-9a69-9a7e115ca07a
UVM-2627,quercus-rubra,44.484320,-73.192684,"Mapped in UVM's ArcGIS tree layer, 2023–24",trinity,,,,c1b6cc1f-df8e-4ced-b782-4564ad3fb932
UVM-2628,pinus-strobus,44.484378,-73.192699,"Mapped in UVM's ArcGIS tree layer, 2023–24",trinity,,,,7fcf0b41-24ba-452d-8689-440d938d29dc
UVM-2637,quercus-rubra,44.484388,-73.192673,"Mapped in UVM's ArcGIS tree layer, 2023–24",trinity,,,,4712df69-80fd-47ad-a069-2dd64e86d5a4
UVM-2635,quercus-rubra,44.484401,-73.192645,"Mapped in UVM's ArcGIS tree layer, 2023–24",trinity,,,,16575105-0c29-4d39-9bdc-d57f14a6e88a
UVM-2636,pinus-strobus,44.484411,-73.192643,"Mapped in UVM's ArcGIS tree layer, 2023–24",trinity,,,,2efc9a5f-df81-42af-9b35-9dc7a8ae0043
UVM-2634,pinus-strobus,44.484452,-73.192553,"Mapped in UVM's ArcGIS tree layer, 2023–24",trinity,,,,b3c46c79-2a93-4a5a-8029-afb17b0bd73f
UVM-2626,quercus-rubra,44.484472,-73.192459,"Mapped in UVM's ArcGIS tree layer, 2023–24",trinity,,,,5a228556-79c5-4c77-bc26-079dacedf187
UVM-2640,malus-sp,44.484585,-73.192522,"Mapped in UVM's ArcGIS tree layer, 2023–24",trinity,,,,05352e8d-9934-472f-978f-38a3baeaa658
UVM-2631,malus-sp,44.484633,-73.192562,"Mapped in UVM's ArcGIS tree layer, 2023–24",trinity,,,,efc88312-7b7f-48ec-9d02-40d176bd4e8a
UVM-2632,pinus-strobus,44.484647,-73.192594,"Mapped in UVM's ArcGIS tree layer, 2023–24",trinity,,,,42c7f89e-6d96-4194-8417-e4feb4cf35c9
UVM-2633,malus-sp,44.484739,-73.192631,"Mapped in UVM's ArcGIS tree layer, 2023–24",trinity,,,,4892c492-876f-4fc2-81d8-c07212eb06fe
UVM-2641,malus-sp,44.484782,-73.192667,"Mapped in UVM's ArcGIS tree layer, 2023–24",trinity,,,,da596145-2bdc-4b56-9e56-34665b04ccca
UVM-2643,malus-sp,44.484895,-73.192765,"Mapped in UVM's ArcGIS tree layer, 2023–24",trinity,,,,f5c236b4-bbfb-423a-b1a1-e8e9fca0baa9
UVM-2644,gleditsia-triacanthos,44.484978,-73.192865,"Mapped in UVM's ArcGIS tree layer, 2023–24",trinity,,,,27c3cdba-6adb-4d2f-ab0c-82c81d6efe88
UVM-4241,malus-sp,44.485023,-73.192885,"Mapped in UVM's ArcGIS tree layer, 2023–24",trinity,,,,d650b6d8-cbc4-45c4-a885-48412ebf43b6
UVM-2645,acer-saccharum,44.485061,-73.192940,"Mapped in UVM's ArcGIS tree layer, 2023–24",trinity,,,,a6e817ca-4ea1-49e4-96bb-3f814ee26ebc
UVM-4242,malus-sp,44.485093,-73.192956,"Mapped in UVM's ArcGIS tree layer, 2023–24",trinity,,,,dac2aea1-a277-4e28-b55f-2185d7b33890
UVM-4243,gleditsia-triacanthos,44.484294,-73.192872,"Mapped in UVM's ArcGIS tree layer, 2023–24",trinity,,,,ecdf4b51-eea2-48dd-8e9f-e2ce13394050
UVM-4244,gleditsia-triacanthos,44.484212,-73.192872,"Mapped in UVM's ArcGIS tree layer, 2023–24",trinity,,,,8fd8085e-ce14-4dee-951e-6faa77a22f47
UVM-2623,betula-populifolia,44.484303,-73.192344,"Mapped in UVM's ArcGIS tree layer, 2023–24",trinity,,,,7fddcd83-6d02-4762-8a1e-f59e7a2220e3
UVM-2625,quercus-rubra,44.484374,-73.192216,"Mapped in UVM's ArcGIS tree layer, 2023–24",trinity,,,,83cdc882-9121-4205-935d-5ef125ecf0e4
UVM-2624,quercus-rubra,44.484402,-73.192239,"Mapped in UVM's ArcGIS tree layer, 2023–24",trinity,,,,7e98a7b1-0dcc-4bad-80cd-9badb6bfb733
UVM-2622,gleditsia-triacanthos,44.483962,-73.192278,"Mapped in UVM's ArcGIS tree layer, 2023–24",trinity,,,,58c2f00f-b777-410f-8e9a-ee9470365c8e
UVM-2621,gleditsia-triacanthos,44.484020,-73.192162,"Mapped in UVM's ArcGIS tree layer, 2023–24",trinity,,,,7b14a452-8b84-4974-b863-3d5cbac847ff
UVM-2618,gleditsia-triacanthos,44.483863,-73.192193,"Mapped in UVM's ArcGIS tree layer, 2023–24",trinity,,,,886542c7-85d7-4b3c-b81f-5e21d05439a8
UVM-2620,gleditsia-triacanthos,44.483834,-73.192276,"Mapped in UVM's ArcGIS tree layer, 2023–24",trinity,,,,a90f183a-aea3-4313-aa48-0c818791f610
UVM-2619,gleditsia-triacanthos,44.483873,-73.191952,"Mapped in UVM's ArcGIS tree layer, 2023–24",trinity,,,,b99abc2d-aec1-44c2-bd70-d6a0b1925c61
UVM-2617,gleditsia-triacanthos,44.483779,-73.191891,"Mapped in UVM's ArcGIS tree layer, 2023–24",trinity,,,,dda6e317-da21-4110-b0fb-c4511afdfebc
UVM-2616,pyrus-calleryana,44.483700,-73.192222,"Mapped in UVM's ArcGIS tree layer, 2023–24",trinity,,,,512989fa-c91e-4097-87ec-dfccb4dbad2f
UVM-4245,picea-pungens,44.483612,-73.191375,"Mapped in UVM's ArcGIS tree layer, 2023–24",trinity,,,,c0a17f70-5f43-4cd9-8fb0-f01abdb43f11
UVM-4246,malus-sp,44.483502,-73.191511,"Mapped in UVM's ArcGIS tree layer, 2023–24",trinity,,,,7b7f945a-5b66-4443-ba9e-8ab22c3cbaeb
UVM-4247,quercus-rubra,44.483688,-73.191183,"Mapped in UVM's ArcGIS tree layer, 2023–24",trinity,,,,24d70100-a4d0-4ccd-a9a4-8c2e30e3627f
UVM-4248,malus-sp,44.483511,-73.191013,"Mapped in UVM's ArcGIS tree layer, 2023–24",trinity,,,,ae1946c5-3980-4b9c-9723-85644ec3f3d5
UVM-4249,malus-sp,44.483500,-73.191041,"Mapped in UVM's ArcGIS tree layer, 2023–24",trinity,,,,b888ada0-29ed-4cea-865e-eb2ddeb452b9
UVM-4250,malus-sp,44.483484,-73.191082,"Mapped in UVM's ArcGIS tree layer, 2023–24",trinity,,,,96ff87fc-ff63-4ac3-aed2-4231399b8f97
UVM-4251,malus-sp,44.483179,-73.190749,"Mapped in UVM's ArcGIS tree layer, 2023–24",trinity,,,,a415b1d2-e7a6-49f0-8a53-a538bf96e479
UVM-4252,malus-sp,44.483195,-73.190707,"Mapped in UVM's ArcGIS tree layer, 2023–24",trinity,,,,5b7b3aac-5718-4f30-8116-5fbd4f0df148
UVM-4253,malus-sp,44.483138,-73.190995,"Mapped in UVM's ArcGIS tree layer, 2023–24",trinity,,,,9e9ab6c4-5844-49ef-96fe-790b5b8cb82a
UVM-2534,picea-pungens,44.483126,-73.191643,"Mapped in UVM's ArcGIS tree layer, 2023–24",trinity,,,,cdad6939-bf49-4929-96e4-b0fbdd941920
UVM-2533,malus-sp,44.483081,-73.191411,"Mapped in UVM's ArcGIS tree layer, 2023–24",trinity,,,,2ac5485e-1d1d-4d8a-a3b3-43fa93319a57
UVM-2532,tilia-americana,44.482918,-73.191431,"Mapped in UVM's ArcGIS tree layer, 2023–24",trinity,,,,c98f9912-59c8-4ea7-9409-dbcff283ab38
UVM-2528,tilia-americana,44.482596,-73.192172,"Mapped in UVM's ArcGIS tree layer, 2023–24",trinity,,,,30283261-0151-45fd-9d0f-966aec2c4200
UVM-2527,quercus-rubra,44.482576,-73.192279,"Mapped in UVM's ArcGIS tree layer, 2023–24",trinity,,,,106242e4-5a27-4111-a86b-c81ea5e7cdd6
UVM-2526,tilia-americana,44.482514,-73.192407,"Mapped in UVM's ArcGIS tree layer, 2023–24",trinity,,,,fb94cc3c-67ab-4675-bc58-4f87e10ba38c
UVM-2523,tilia-americana,44.482565,-73.192495,"Mapped in UVM's ArcGIS tree layer, 2023–24",trinity,,,,e55ac0c2-ec58-46d3-9e18-c8b5ca6093bf
UVM-2524,acer-saccharinum,44.482667,-73.192646,"Mapped in UVM's ArcGIS tree layer, 2023–24",trinity,,,,ede8dd94-0e90-48b7-ba56-63c52bb97305
UVM-2525,quercus-palustris,44.482714,-73.192387,"Mapped in UVM's ArcGIS tree layer, 2023–24",trinity,,,,119a7497-6b03-4b6d-9ed3-c8baeb7eefef
UVM-2539,malus-sp,44.482755,-73.192734,"Mapped in UVM's ArcGIS tree layer, 2023–24",trinity,,,,c48bdf0a-fe24-4a07-a65b-bca216a2a410
UVM-2538,acer-platanoides,44.482892,-73.192520,"Mapped in UVM's ArcGIS tree layer, 2023–24",trinity,,,,b39de1d0-5840-4cd6-96a8-2668dc7165aa
UVM-2537,acer-platanoides,44.482980,-73.192591,"Mapped in UVM's ArcGIS tree layer, 2023–24",trinity,,,,e914d359-6730-4845-b747-cd60513cdcce
UVM-2615,malus-sp,44.483525,-73.192246,"Mapped in UVM's ArcGIS tree layer, 2023–24",trinity,,,,f284b6bb-fa58-4176-80e0-f41c9f34e560
UVM-4254,tsuga-canadensis,44.484198,-73.193095,"Mapped in UVM's ArcGIS tree layer, 2023–24",trinity,,,,f3e65ba2-266c-4394-9a8e-00849648ccff
UVM-4255,tsuga-canadensis,44.484182,-73.193124,"Mapped in UVM's ArcGIS tree layer, 2023–24",trinity,,,,be5422ab-7871-4ba7-9254-26f44b4e4b26
UVM-4256,tsuga-canadensis,44.484176,-73.193172,"Mapped in UVM's ArcGIS tree layer, 2023–24",trinity,,,,36d4c30c-6024-4cad-af18-1a3876de91be
UVM-2613,prunus-sp,44.483365,-73.192576,"Mapped in UVM's ArcGIS tree layer, 2023–24",trinity,,,,62e01861-af94-49b1-930a-ba245e75c8cc
UVM-2614,acer-saccharinum,44.483303,-73.192400,"Mapped in UVM's ArcGIS tree layer, 2023–24",trinity,,,,9b4dd242-12ed-41b3-a1e9-f6fb58d6aee1
UVM-2611,picea-abies,44.483236,-73.192680,"Mapped in UVM's ArcGIS tree layer, 2023–24",trinity,,,,d128dfd5-cc02-4c00-8c06-ca3cd8fb3ec7
UVM-2610,fraxinus-sp,44.483148,-73.192786,"Mapped in UVM's ArcGIS tree layer, 2023–24",trinity,,,,59bfaa83-5252-415b-a0ee-71d8d22f80ea
UVM-2609,malus-sp,44.483237,-73.192856,"Mapped in UVM's ArcGIS tree layer, 2023–24",trinity,,,,bcdd8e6c-fd6a-4d82-a6c7-d112a0940c43
UVM-2608,robinia-pseudoacacia,44.483204,-73.192928,"Mapped in UVM's ArcGIS tree layer, 2023–24",trinity,,,,3b7b6192-420b-4411-a4c1-8acf9581f135
UVM-2607,robinia-pseudoacacia,44.483210,-73.192958,"Mapped in UVM's ArcGIS tree layer, 2023–24",trinity,,,,ec6361ab-306b-483f-94d9-423bbee05fae
UVM-2606,acer-saccharum,44.483274,-73.192991,"Mapped in UVM's ArcGIS tree layer, 2023–24",trinity,,,,b9a367b4-8a26-4b87-96e4-b1cfdd2a0256
UVM-2604,malus-sp,44.483264,-73.193170,"Mapped in UVM's ArcGIS tree layer, 2023–24",trinity,,,,a85d9093-9bc3-488f-b6e7-cdc3de2c60ea
UVM-4257,quercus-rubra,44.483332,-73.193273,"Mapped in UVM's ArcGIS tree layer, 2023–24",trinity,,,,14cc43ef-7cad-4394-884f-2e6692bca6de
UVM-4258,quercus-rubra,44.483386,-73.193313,"Mapped in UVM's ArcGIS tree layer, 2023–24",trinity,,,,2929e78c-2f3a-4a88-977e-f25f0d20ce42
UVM-4259,quercus-rubra,44.483438,-73.193362,"Mapped in UVM's ArcGIS tree layer, 2023–24",trinity,,,,abfcfc04-8f38-4925-8278-20f1c14bae03
UVM-4260,malus-sp,44.483012,-73.193456,"Mapped in UVM's ArcGIS tree layer, 2023–24",trinity,,,,0ac2606e-4102-4c3c-aa20-724603d4a933
UVM-2602,pinus-sylvestris,44.483106,-73.193274,"Mapped in UVM's ArcGIS tree layer, 2023–24",trinity,,,,e7e17d96-c2aa-4d44-9d3b-93d4f964ae25
UVM-2603,malus-sp,44.483195,-73.193259,"Mapped in UVM's ArcGIS tree layer, 2023–24",trinity,,,,b69db7ed-1cbe-42c2-8c15-b59e5d5e72e9
UVM-2605,malus-sp,44.483158,-73.193130,"Mapped in UVM's ArcGIS tree layer, 2023–24",trinity,,,,522ace7e-a133-4bc4-b8cf-db1e075f378e
UVM-2601,catalpa-speciosa,44.483022,-73.193178,"Mapped in UVM's ArcGIS tree layer, 2023–24",trinity,,,,adc2f19d-263f-4a91-b7a2-21f6c7f3f254
UVM-2600,malus-sp,44.482947,-73.193079,"Mapped in UVM's ArcGIS tree layer, 2023–24",trinity,,,,18b4d614-04a7-4105-9c55-479facb573a7
UVM-2543,acer-rubrum,44.482753,-73.193245,"Mapped in UVM's ArcGIS tree layer, 2023–24",trinity,,,,50c976a2-3c38-4136-b9f8-e8398741a3cb
UVM-2542,acer-platanoides,44.482666,-73.193182,"Mapped in UVM's ArcGIS tree layer, 2023–24",trinity,,,,65989a0a-f701-44c0-aa5b-dced07a7d3b9
UVM-2521,robinia-pseudoacacia,44.482314,-73.192800,"Mapped in UVM's ArcGIS tree layer, 2023–24",trinity,,,,655a203b-0743-4805-a0bd-df578a8b48fc
UVM-2499,pseudotsuga-menziesii,44.482188,-73.193516,"Mapped in UVM's ArcGIS tree layer, 2023–24",trinity,,,,1957998c-c062-4204-b853-febfb5135966
UVM-2500,picea-pungens,44.482305,-73.193125,"Mapped in UVM's ArcGIS tree layer, 2023–24",trinity,,,,8336011e-0b23-44c6-85bc-4a64123888c7
UVM-2498,prunus-sargentii,44.482287,-73.193362,"Mapped in UVM's ArcGIS tree layer, 2023–24",trinity,,,,7256cda0-222e-42a7-bf5b-51de53f99ae4
UVM-2497,acer-platanoides,44.482337,-73.193475,"Mapped in UVM's ArcGIS tree layer, 2023–24",trinity,,,,66fe3c2a-8cc3-410a-a0b4-5b71a3eebdab
UVM-2496,tilia-americana,44.482369,-73.193692,"Mapped in UVM's ArcGIS tree layer, 2023–24",trinity,,,,cb76d67f-b5cd-4487-8c44-302053ef20b7
UVM-2495,malus-sp,44.482545,-73.193843,"Mapped in UVM's ArcGIS tree layer, 2023–24",trinity,,,,eb9da216-6ab1-44d8-b320-f07fd4df0303
UVM-2544,malus-sp,44.482961,-73.193548,"Mapped in UVM's ArcGIS tree layer, 2023–24",trinity,,,,ae5227a2-4fc4-4237-beaa-2f0bfdc77de4
UVM-2545,catalpa-speciosa,44.482880,-73.193706,"Mapped in UVM's ArcGIS tree layer, 2023–24",trinity,,,,fea6ac1b-c0e0-428f-a2aa-9de112af1c0c
UVM-2546,catalpa-speciosa,44.482819,-73.193841,"Mapped in UVM's ArcGIS tree layer, 2023–24",trinity,,,,996e7504-2629-4c76-9bb2-02a3c2f3c878
UVM-3254,malus-sp,44.482888,-73.194010,"Mapped in UVM's ArcGIS tree layer, 2023–24",trinity,,,,b85310e1-a3e1-44f9-9de2-8409358efe7a
UVM-2547,robinia-pseudoacacia,44.482929,-73.193925,"Mapped in UVM's ArcGIS tree layer, 2023–24",trinity,,,,a6eca622-4e02-4914-be7a-99e77aac5c47
UVM-2550,robinia-pseudoacacia,44.482934,-73.193805,"Mapped in UVM's ArcGIS tree layer, 2023–24",trinity,,,,dbacd7eb-90de-4399-b74f-2df57722e4ca
UVM-2552,robinia-pseudoacacia,44.483009,-73.193862,"Mapped in UVM's ArcGIS tree layer, 2023–24",trinity,,,,24f2663f-0880-4383-a3a6-7b2fb2e7f04e
UVM-2553,quercus-rubra,44.483067,-73.193912,"Mapped in UVM's ArcGIS tree layer, 2023–24",trinity,,,,f2b6ea64-d8f8-4c44-8e8f-05e89d2f4415
UVM-3251,quercus-rubra,44.483072,-73.193995,"Mapped in UVM's ArcGIS tree layer, 2023–24",trinity,,,,c6129092-30b4-49c7-a597-e227ccd73fc3
UVM-2549,robinia-pseudoacacia,44.483020,-73.194004,"Mapped in UVM's ArcGIS tree layer, 2023–24",trinity,,,,259c492c-ba8a-400c-945e-0802ab509413
UVM-2548,robinia-pseudoacacia,44.482992,-73.193974,"Mapped in UVM's ArcGIS tree layer, 2023–24",trinity,,,,cb6ea1a5-9a63-49ce-b3bc-c975869a0e79
UVM-3253,malus-sp,44.482934,-73.194055,"Mapped in UVM's ArcGIS tree layer, 2023–24",trinity,,,,8e88b95f-bb9d-4899-9fda-304de40ec75a
UVM-3247,malus-sp,44.482903,-73.194077,"Mapped in UVM's ArcGIS tree layer, 2023–24",trinity,,,,342c64be-9086-443b-9b1f-88dd3999b2d6
UVM-3250,quercus-rubra,44.483060,-73.194090,"Mapped in UVM's ArcGIS tree layer, 2023–24",trinity,,,,1f7a5db1-4e7b-4108-807e-fef5d27d023a
UVM-2554,robinia-pseudoacacia,44.483082,-73.194069,"Mapped in UVM's ArcGIS tree layer, 2023–24",trinity,,,,da7d6bb7-5f23-4567-b798-a4835afa7018
UVM-3245,quercus-rubra,44.483069,-73.194111,"Mapped in UVM's ArcGIS tree layer, 2023–24",trinity,,,,f961900a-fb48-4492-8fb8-00121a3c53e4
UVM-3246,pinus-strobus,44.483119,-73.194053,"Mapped in UVM's ArcGIS tree layer, 2023–24",trinity,,,,4cb62a77-0607-4f0c-999c-5b4aa622f2f1
UVM-3248,pinus-strobus,44.483155,-73.193959,"Mapped in UVM's ArcGIS tree layer, 2023–24",trinity,,,,6cb35e05-d8c4-4455-97c3-c385b8e9dea5
UVM-3249,pinus-strobus,44.483176,-73.193988,"Mapped in UVM's ArcGIS tree layer, 2023–24",trinity,,,,7a9621ab-830e-4065-be32-fbc289b1aae3
UVM-4261,pinus-strobus,44.483195,-73.193995,"Mapped in UVM's ArcGIS tree layer, 2023–24",trinity,,,,55650c1e-826e-459d-8fa1-5ce54338edd9
UVM-3242,quercus-rubra,44.483163,-73.194043,"Mapped in UVM's ArcGIS tree layer, 2023–24",trinity,,,,7a22598e-e2b9-4747-875a-570a342c545c
UVM-3244,robinia-pseudoacacia,44.483189,-73.194058,"Mapped in UVM's ArcGIS tree layer, 2023–24",trinity,,,,ef472f67-2b2d-4dfb-ba95-78a2078c6b80
UVM-4262,robinia-pseudoacacia,44.483167,-73.194082,"Mapped in UVM's ArcGIS tree layer, 2023–24",trinity,,,,f815e777-0310-47c8-a9c2-b61a19128df7
UVM-3243,quercus-rubra,44.483180,-73.194110,"Mapped in UVM's ArcGIS tree layer, 2023–24",trinity,,,,ccbfafcb-ec51-45e6-b8b2-33d655724d04
UVM-3241,liriodendron-tulipifera,44.483054,-73.194357,"Mapped in UVM's ArcGIS tree layer, 2023–24",trinity,,,,303a9c0e-56ed-4bb3-a600-475d3687d3bd
UVM-3240,robinia-pseudoacacia,44.482985,-73.194351,"Mapped in UVM's ArcGIS tree layer, 2023–24",trinity,,,,d06adcc3-4307-407f-ab1a-bb2df9f97599
UVM-3239,pinus-sylvestris,44.482965,-73.194610,"Mapped in UVM's ArcGIS tree layer, 2023–24",trinity,,,,d023c84c-2b4b-460e-89be-f94bd5002462
UVM-2494,acer-saccharum,44.482120,-73.193756,"Mapped in UVM's ArcGIS tree layer, 2023–24",trinity,,,,8bd0e370-e840-4deb-9464-24c5b9193599
UVM-2493,acer-rubrum,44.482023,-73.193862,"Mapped in UVM's ArcGIS tree layer, 2023–24",trinity,,,,11ab7645-7100-4223-9419-12a4610a491a
UVM-2491,acer-platanoides,44.481940,-73.193798,"Mapped in UVM's ArcGIS tree layer, 2023–24",trinity,,,,0cc34bf6-945c-4eaf-af71-376f2243fd70
UVM-3234,acer-saccharum,44.482227,-73.195466,"Mapped in UVM's ArcGIS tree layer, 2023–24",trinity,,,,9d2f8850-dc00-4022-a6b8-d9a63ff65604
UVM-3237,thuja-occidentalis,44.482291,-73.195804,"Mapped in UVM's ArcGIS tree layer, 2023–24",trinity,,,,48965b8b-ba59-4bb6-9fe5-31ff0ac71953
UVM-3236,thuja-occidentalis,44.482327,-73.195826,"Mapped in UVM's ArcGIS tree layer, 2023–24",trinity,,,,bb699801-2b5b-49ac-a1d4-1ab00c14a697
UVM-3235,thuja-occidentalis,44.482359,-73.195843,"Mapped in UVM's ArcGIS tree layer, 2023–24",trinity,,,,e82cb841-02c4-4a99-beb4-5db1b9f375ba
UVM-4263,pinus-nigra,44.482708,-73.195713,"Mapped in UVM's ArcGIS tree layer, 2023–24",trinity,,,,1f1b8376-cff6-4cc5-8e7f-f983a555e9ee
UVM-4264,pinus-nigra,44.482761,-73.195656,"Mapped in UVM's ArcGIS tree layer, 2023–24",trinity,,,,bac09e61-568f-4447-be1c-54eb1d38e58b
UVM-4265,pinus-nigra,44.482794,-73.195612,"Mapped in UVM's ArcGIS tree layer, 2023–24",trinity,,,,21d73804-64e0-4274-b9c3-ff4227c81c48
UVM-4266,pinus-nigra,44.482839,-73.195554,"Mapped in UVM's ArcGIS tree layer, 2023–24",trinity,,,,86b461fc-98ed-4d01-a78e-fb989d967401
UVM-3238,pinus-nigra,44.482870,-73.195480,"Mapped in UVM's ArcGIS tree layer, 2023–24",trinity,,,,dca754d7-bf07-4158-a185-174352142d39
UVM-2865,tilia-americana,44.474628,-73.195299,"Mapped in UVM's ArcGIS tree layer, 2023–24",athletic,,,,dc7c9ada-de0b-45e7-8b25-a70847987d6c
UVM-2866,ulmus-sp,44.474573,-73.195426,"Mapped in UVM's ArcGIS tree layer, 2023–24",athletic,,,,d4847f24-13a5-4713-8476-074aef42aac6
UVM-1627,salix-sp,44.474371,-73.195707,"Mapped in UVM's ArcGIS tree layer, 2023–24",athletic,,,,80b74a47-0467-447f-90ec-08b02faacb08
UVM-4267,robinia-pseudoacacia,44.474390,-73.195740,"Mapped in UVM's ArcGIS tree layer, 2023–24",athletic,,,,ef7952d7-4835-4b34-9287-493f52c28ae0
UVM-4268,robinia-pseudoacacia,44.474401,-73.195763,"Mapped in UVM's ArcGIS tree layer, 2023–24",athletic,,,,feafa5c1-fda2-4db4-86ce-7c2543bc165d
UVM-1626,robinia-pseudoacacia,44.474464,-73.195778,"Mapped in UVM's ArcGIS tree layer, 2023–24",athletic,,,,03f75106-cb65-4f2c-9444-452706443f38
UVM-4269,acer-saccharum,44.474279,-73.195657,"Mapped in UVM's ArcGIS tree layer, 2023–24",athletic,,,,32682354-e830-4383-af17-a2ff4c66da6b
UVM-1634,thuja-occidentalis,44.474167,-73.195787,"Mapped in UVM's ArcGIS tree layer, 2023–24",athletic,,,,9f36a2ba-5f90-4691-a7df-fef0956295e3
UVM-4270,quercus-bicolor,44.474260,-73.195803,"Mapped in UVM's ArcGIS tree layer, 2023–24",athletic,,,,195788fb-300c-405f-9c5e-70aabd9dd01b
UVM-4271,quercus-rubra,44.474247,-73.195949,"Mapped in UVM's ArcGIS tree layer, 2023–24",athletic,,,,4bfd3350-5318-4587-afcc-cd1f4bbc1ae9
UVM-4272,catalpa-speciosa,44.474330,-73.195847,"Mapped in UVM's ArcGIS tree layer, 2023–24",athletic,,,,509d25a3-31c4-4ca1-b35c-142aa5f1d87d
UVM-4273,quercus-bicolor,44.474334,-73.195946,"Mapped in UVM's ArcGIS tree layer, 2023–24",athletic,,,,eeda11fe-7aa0-4c55-8078-ed731fc74adb
UVM-2869,zelkova-serrata,44.474555,-73.195819,"Mapped in UVM's ArcGIS tree layer, 2023–24",athletic,,,,6dbe5f16-8609-45e0-a0a4-29696d8da36f
UVM-2868,zelkova-serrata,44.474614,-73.195756,"Mapped in UVM's ArcGIS tree layer, 2023–24",athletic,,,,467b9296-0e95-4439-aa61-49b99aa36867
UVM-4274,zelkova-serrata,44.474660,-73.195713,"Mapped in UVM's ArcGIS tree layer, 2023–24",athletic,,,,41041536-9ed0-4b16-b67d-7390e0cc08c6
UVM-4275,zelkova-serrata,44.474661,-73.195521,"Mapped in UVM's ArcGIS tree layer, 2023–24",athletic,,,,164f5684-9f05-4414-8956-fab891730fd3
UVM-4276,picea-glauca,44.474730,-73.195815,"Mapped in UVM's ArcGIS tree layer, 2023–24",athletic,,,,cdb451b4-6c69-441f-98c8-e8bb1550cd53
UVM-1619,acer-platanoides,44.474654,-73.195882,"Mapped in UVM's ArcGIS tree layer, 2023–24",athletic,,,,ac446738-91a0-4582-a179-d8308f724ad8
UVM-1617,crataegus-sp,44.474800,-73.195859,"Mapped in UVM's ArcGIS tree layer, 2023–24",athletic,,,,4a0862de-7113-4b7f-810e-4cc259227e1c
UVM-1616,crataegus-sp,44.474905,-73.195988,"Mapped in UVM's ArcGIS tree layer, 2023–24",athletic,,,,6ac05b45-2553-4976-946d-a3b052e262dd
UVM-1615,picea-abies,44.474868,-73.196150,"Mapped in UVM's ArcGIS tree layer, 2023–24",athletic,,,,c43310ef-eb79-4165-9d80-b41bd1b12b2b
UVM-2764,acer-platanoides,44.474783,-73.196221,"Mapped in UVM's ArcGIS tree layer, 2023–24",athletic,,,,8e1b5e4c-fdb0-45a5-914b-ec874045a28f
UVM-4277,acer-saccharum,44.475074,-73.196241,"Mapped in UVM's ArcGIS tree layer, 2023–24",athletic,,,,19990da1-1ca6-42a7-8024-75b81a1471a7
UVM-1611,tilia-tomentosa,44.475206,-73.196446,"Mapped in UVM's ArcGIS tree layer, 2023–24",athletic,,,,b1410a2f-3fa3-4a15-8ff8-5aef37c44a3e
UVM-1609,tilia-cordata,44.475246,-73.196556,"Mapped in UVM's ArcGIS tree layer, 2023–24",athletic,,,,0546e053-adf5-4f83-b3f7-7b9e24c5b59e
UVM-1608,tilia-tomentosa,44.475304,-73.196687,"Mapped in UVM's ArcGIS tree layer, 2023–24",athletic,,,,52941938-6167-483d-9891-2bef7e13477d
UVM-2863,ulmus-sp,44.474614,-73.196222,"Mapped in UVM's ArcGIS tree layer, 2023–24",athletic,,,,186b6e33-279f-473e-b784-20b651216a83
UVM-2861,ulmus-sp,44.474429,-73.196309,"Mapped in UVM's ArcGIS tree layer, 2023–24",athletic,,,,28e104cd-06d6-4524-8bbf-b524d624ab1b
UVM-2862,ulmus-sp,44.474498,-73.196357,"Mapped in UVM's ArcGIS tree layer, 2023–24",athletic,,,,d4d5ea73-6024-435e-8c1c-89245d63e626
UVM-4278,salix-sp,44.474497,-73.196532,"Mapped in UVM's ArcGIS tree layer, 2023–24",athletic,,,,ae769cf1-5f53-40a9-b077-7b1f1ad8b243
UVM-1639,gleditsia-triacanthos,44.474432,-73.196526,"Mapped in UVM's ArcGIS tree layer, 2023–24",athletic,,,,b8e95790-e306-4e70-a118-bc667925630d
UVM-1640,liquidambar-styraciflua,44.474414,-73.196699,"Mapped in UVM's ArcGIS tree layer, 2023–24",athletic,,,,39eb0f25-36cf-4826-ae0f-83185cb8fb74
UVM-1641,gleditsia-triacanthos,44.474304,-73.196706,"Mapped in UVM's ArcGIS tree layer, 2023–24",athletic,,,,cc6707f2-5c8a-4594-a4ca-3a4be331fbb1
UVM-2860,betula-nigra,44.474317,-73.196538,"Mapped in UVM's ArcGIS tree layer, 2023–24",athletic,,,,2b3162ff-0aa0-4c2e-9bc8-ed915c42baf8
UVM-1646,betula-nigra,44.474261,-73.196627,"Mapped in UVM's ArcGIS tree layer, 2023–24",athletic,,,,e4aa702f-d39d-43d9-a62c-56cb90992fa9
UVM-1648,tilia-cordata,44.474171,-73.196574,"Mapped in UVM's ArcGIS tree layer, 2023–24",athletic,,,,3c888693-e7bd-4c8e-8c36-eb85a05e29cf
UVM-1645,betula-nigra,44.474207,-73.196703,"Mapped in UVM's ArcGIS tree layer, 2023–24",athletic,,,,76793373-8145-4fe9-89e8-4d5c92ea7900
UVM-1644,gleditsia-triacanthos,44.474207,-73.196798,"Mapped in UVM's ArcGIS tree layer, 2023–24",athletic,,,,1fb586e1-84d1-4d16-bf3a-0e5ac9119008
UVM-1642,liquidambar-styraciflua,44.474286,-73.196813,"Mapped in UVM's ArcGIS tree layer, 2023–24",athletic,,,,82c08aa9-2b68-479e-8584-3dd63e315dd3
UVM-1643,betula-lenta,44.474187,-73.196925,"Mapped in UVM's ArcGIS tree layer, 2023–24",athletic,,,,8b3477f6-f2f6-4bf3-9773-12c4b3a00adf
UVM-4279,betula-alleghaniensis,44.474116,-73.196792,"Mapped in UVM's ArcGIS tree layer, 2023–24",athletic,,,,c3024d7c-4351-4317-861e-251ffc90beec
UVM-4280,betula-alleghaniensis,44.474018,-73.196801,"Mapped in UVM's ArcGIS tree layer, 2023–24",athletic,,,,91bbf3ef-1800-4aea-b360-f06812f4129b
UVM-4281,sorbus-aucuparia,44.474031,-73.196923,"Mapped in UVM's ArcGIS tree layer, 2023–24",athletic,,,,a8060cb2-cd0c-42e8-99a5-8eba362b0b38
UVM-2859,quercus-palustris,44.474007,-73.197069,"Mapped in UVM's ArcGIS tree layer, 2023–24",athletic,,,,bc633efb-f00a-4d31-9ae0-5962ebd05ce9
UVM-1650,taxodium-distichum,44.473917,-73.197051,"Mapped in UVM's ArcGIS tree layer, 2023–24",athletic,,,,9bf6b618-48fe-4538-9a97-88a2abf7821a
UVM-4282,aesculus-hippocastanum,44.473916,-73.196916,"Mapped in UVM's ArcGIS tree layer, 2023–24",athletic,,,,51d45206-778c-4176-8178-d29b0bfea0e9
UVM-4283,acer-saccharum,44.473852,-73.196797,"Mapped in UVM's ArcGIS tree layer, 2023–24",athletic,,,,b2e650eb-abec-4aa0-8f32-6a6d51e9fc2b
UVM-4284,castanea-dentata,44.473817,-73.196913,"Mapped in UVM's ArcGIS tree layer, 2023–24",athletic,,,,f0d67c5b-9c93-4dd4-b95f-93980353e06e
UVM-4285,castanea-dentata,44.473822,-73.197037,"Mapped in UVM's ArcGIS tree layer, 2023–24",athletic,,,,7f4698e8-f22d-488a-9a9f-8bdfd8dd39b5
UVM-4286,castanea-dentata,44.473740,-73.196956,"Mapped in UVM's ArcGIS tree layer, 2023–24",athletic,,,,7e49ff8b-a936-4df5-9d67-fbc95e018afb
UVM-4287,castanea-dentata,44.473758,-73.197072,"Mapped in UVM's ArcGIS tree layer, 2023–24",athletic,,,,9c532c27-97b9-4d2b-8e85-013bb36fb8ba
UVM-1651,acer-platanoides,44.473834,-73.197207,"Mapped in UVM's ArcGIS tree layer, 2023–24",athletic,,,,4fcd5f32-ac6a-40e0-a415-a32aadf3e119
UVM-2858,acer-saccharum,44.473752,-73.197271,"Mapped in UVM's ArcGIS tree layer, 2023–24",athletic,,,,e6af2f8c-d738-49b4-9a8b-26c2d183f7a8
UVM-4288,thuja-sp,44.473674,-73.197028,"Mapped in UVM's ArcGIS tree layer, 2023–24",athletic,,,,2d347366-8d14-4b3d-9f21-a7c229847caf
UVM-4289,thuja-sp,44.473657,-73.197135,"Mapped in UVM's ArcGIS tree layer, 2023–24",athletic,,,,eab6e5cd-6801-411e-b0ef-116da56193d1
UVM-4290,acer-x-freemanii,44.473572,-73.196846,"Mapped in UVM's ArcGIS tree layer, 2023–24",athletic,,,,46e6f0c2-2588-440f-bc6e-cbccc3634960
UVM-4291,acer-x-freemanii,44.473502,-73.196907,"Mapped in UVM's ArcGIS tree layer, 2023–24",athletic,,,,00566dda-b481-433e-88b2-436de282d803
UVM-4292,thuja-sp,44.473595,-73.197084,"Mapped in UVM's ArcGIS tree layer, 2023–24",athletic,,,,4052c556-1ba1-47cd-bcb3-6d4c5c790411
UVM-4293,thuja-sp,44.473600,-73.197192,"Mapped in UVM's ArcGIS tree layer, 2023–24",athletic,,,,5e7819fb-aa37-49bd-8d7b-6cf6f5378ca7
UVM-4294,thuja-sp,44.473549,-73.197126,"Mapped in UVM's ArcGIS tree layer, 2023–24",athletic,,,,865cfbee-77d0-4f85-b76a-eb6435723a20
UVM-4295,acer-x-freemanii,44.473440,-73.196978,"Mapped in UVM's ArcGIS tree layer, 2023–24",athletic,,,,a3610b27-84df-4736-ae6c-032a572a96cc
UVM-4296,acer-x-freemanii,44.473382,-73.197038,"Mapped in UVM's ArcGIS tree layer, 2023–24",athletic,,,,5db038f3-9d8c-4c2a-9862-41fbb0df91dd
UVM-4297,thuja-sp,44.473526,-73.197212,"Mapped in UVM's ArcGIS tree layer, 2023–24",athletic,,,,587ca944-99ed-4979-9b9e-a935c23b2245
UVM-4298,picea-glauca,44.473446,-73.197286,"Mapped in UVM's ArcGIS tree layer, 2023–24",athletic,,,,91b7683e-6950-442f-b591-41fb52f0930a
UVM-2857,quercus-palustris,44.473553,-73.197469,"Mapped in UVM's ArcGIS tree layer, 2023–24",athletic,,,,0e69e806-d581-40d5-9d4c-71141d5eca10
UVM-1655,fraxinus-sp,44.473459,-73.197433,"Mapped in UVM's ArcGIS tree layer, 2023–24",athletic,,,,bf0978a8-16d7-4041-b450-61dac4ce841d
UVM-2856,fraxinus-sp,44.473416,-73.197532,"Mapped in UVM's ArcGIS tree layer, 2023–24",athletic,,,,cc88f085-65f5-4ad5-9c6d-52f7b0d1efc1
UVM-4299,picea-glauca,44.473346,-73.197387,"Mapped in UVM's ArcGIS tree layer, 2023–24",athletic,,,,25f59856-cb18-4b79-a0ae-c932259a6177
UVM-1707,picea-pungens,44.473354,-73.197281,"Mapped in UVM's ArcGIS tree layer, 2023–24",athletic,,,,662ffb39-afb8-470d-8cd6-5189ab6647b5
UVM-4300,acer-x-freemanii,44.473324,-73.197070,"Mapped in UVM's ArcGIS tree layer, 2023–24",athletic,,,,b9f2d9ff-a035-432b-8bbc-d9b2f77e88bb
UVM-4301,acer-x-freemanii,44.473260,-73.197103,"Mapped in UVM's ArcGIS tree layer, 2023–24",athletic,,,,f0e86b3a-6e51-405d-8dda-bce8f5f10417
UVM-4302,acer-x-freemanii,44.473191,-73.197137,"Mapped in UVM's ArcGIS tree layer, 2023–24",athletic,,,,550b8482-7c13-4138-b03b-94b808b9d190
UVM-1705,picea-glauca,44.473234,-73.197379,"Mapped in UVM's ArcGIS tree layer, 2023–24",athletic,,,,3bcf64a5-3cc6-45c0-a7dc-2c7d20f45abd
UVM-1657,fraxinus-sp,44.473163,-73.197498,"Mapped in UVM's ArcGIS tree layer, 2023–24",athletic,,,,4c60b52b-a269-403b-a5f0-d02b2591f91f
UVM-4303,castanea-dentata,44.473263,-73.197524,"Mapped in UVM's ArcGIS tree layer, 2023–24",athletic,,,,f2184c4e-dfc2-488c-b784-543e808a706d
UVM-4304,castanea-dentata,44.473079,-73.197574,"Mapped in UVM's ArcGIS tree layer, 2023–24",athletic,,,,7bd8db5e-0541-4e13-85ab-d516c064478b
UVM-4305,picea-glauca,44.473139,-73.197365,"Mapped in UVM's ArcGIS tree layer, 2023–24",athletic,,,,3e1b7425-315a-4b28-94b3-a8d5f53d31b4
UVM-4306,acer-x-freemanii,44.473121,-73.197168,"Mapped in UVM's ArcGIS tree layer, 2023–24",athletic,,,,125bc9d1-65e3-406d-98b9-b2d5f82a24fb
UVM-4307,picea-glauca,44.473075,-73.197424,"Mapped in UVM's ArcGIS tree layer, 2023–24",athletic,,,,bb4a4bf8-7794-43eb-acbc-6b6e43ae625f
UVM-4308,acer-x-freemanii,44.473043,-73.197181,"Mapped in UVM's ArcGIS tree layer, 2023–24",athletic,,,,6947277f-43e8-4be1-9fd5-8500748d21eb
UVM-4309,thuja-sp,44.472987,-73.197398,"Mapped in UVM's ArcGIS tree layer, 2023–24",athletic,,,,4a437b38-fddc-45a8-8cb6-16eea9478f43
UVM-4310,juglans-nigra,44.472984,-73.197516,"Mapped in UVM's ArcGIS tree layer, 2023–24",athletic,,,,c8f8b79b-089e-4e45-a6e5-bee866d0155c
UVM-4311,thuja-sp,44.472907,-73.197435,"Mapped in UVM's ArcGIS tree layer, 2023–24",athletic,,,,a715c1dc-6321-4ed0-ae9b-6402dee601f6
UVM-4312,picea-glauca,44.472926,-73.197344,"Mapped in UVM's ArcGIS tree layer, 2023–24",athletic,,,,dbe4614e-83f1-4ca8-a6b5-4cd639f825d6
UVM-4313,acer-x-freemanii,44.472968,-73.197179,"Mapped in UVM's ArcGIS tree layer, 2023–24",athletic,,,,3d89f6bf-eb7d-4ecf-8f72-23e0e56c060c
UVM-4314,acer-x-freemanii,44.472904,-73.197192,"Mapped in UVM's ArcGIS tree layer, 2023–24",athletic,,,,432dcf83-bd98-46ad-84f4-1472503da238
UVM-4315,thuja-sp,44.472851,-73.197360,"Mapped in UVM's ArcGIS tree layer, 2023–24",athletic,,,,1c58196e-c35c-4165-8446-2b2490e8ddbe
UVM-4316,juglans-nigra,44.472804,-73.197526,"Mapped in UVM's ArcGIS tree layer, 2023–24",athletic,,,,68b28fec-b994-440b-90eb-82174f9b6562
UVM-2854,fraxinus-sp,44.472702,-73.197471,"Mapped in UVM's ArcGIS tree layer, 2023–24",athletic,,,,0f013403-b814-4b4b-82a1-f358cb09ea1d
UVM-1699,picea-glauca,44.472753,-73.197387,"Mapped in UVM's ArcGIS tree layer, 2023–24",athletic,,,,0d42e5d4-4b09-486b-98bd-8b05244930ab
UVM-4317,acer-x-freemanii,44.472837,-73.197194,"Mapped in UVM's ArcGIS tree layer, 2023–24",athletic,,,,549582f5-fe37-4e8b-bbb4-572fba2f2a41
UVM-4318,picea-glauca,44.472662,-73.197375,"Mapped in UVM's ArcGIS tree layer, 2023–24",athletic,,,,90c028be-0d79-473c-bcaf-188d1683e91b
UVM-4319,acer-x-freemanii,44.472773,-73.197206,"Mapped in UVM's ArcGIS tree layer, 2023–24",athletic,,,,f6487bf7-f69c-4a39-9315-d4ca70ef7c10
UVM-4320,thuja-sp,44.472604,-73.197473,"Mapped in UVM's ArcGIS tree layer, 2023–24",athletic,,,,4fc6ac9f-c5db-4bfd-83c6-0e28c9b044e4
UVM-4321,thuja-sp,44.472586,-73.197349,"Mapped in UVM's ArcGIS tree layer, 2023–24",athletic,,,,39288402-5a7b-47f3-a7b4-9490616f5525
UVM-4322,thuja-sp,44.472550,-73.197426,"Mapped in UVM's ArcGIS tree layer, 2023–24",athletic,,,,ae5eee6c-f872-4f2a-934b-26fbc09b1d62
UVM-4323,thuja-sp,44.472522,-73.197363,"Mapped in UVM's ArcGIS tree layer, 2023–24",athletic,,,,53c34cab-45ff-4baa-a07f-b47bbb7849a2
UVM-4324,thuja-sp,44.472482,-73.197424,"Mapped in UVM's ArcGIS tree layer, 2023–24",athletic,,,,5a32efc7-3be4-44a2-b768-3100cbfe8868
UVM-1691,tilia-cordata,44.472450,-73.197356,"Mapped in UVM's ArcGIS tree layer, 2023–24",athletic,,,,4b73a637-33ff-4c8a-b3fe-9ae36fc35b82
UVM-1690,tilia-cordata,44.472416,-73.197430,"Mapped in UVM's ArcGIS tree layer, 2023–24",athletic,,,,c0016ff0-d84b-4e89-ae48-747a42a639e1
UVM-2853,tilia-cordata,44.472404,-73.197355,"Mapped in UVM's ArcGIS tree layer, 2023–24",athletic,,,,1a642c2b-4912-4a8c-8401-3b0524d3f368
UVM-2852,picea-pungens,44.472338,-73.197345,"Mapped in UVM's ArcGIS tree layer, 2023–24",athletic,,,,55aa9d8b-b11f-452d-87a5-a91e53992330
UVM-1684,picea-abies,44.472279,-73.197412,"Mapped in UVM's ArcGIS tree layer, 2023–24",athletic,,,,aa5f2277-9285-4f08-84fe-8812ac4b703e
UVM-1687,picea-abies,44.472303,-73.197291,"Mapped in UVM's ArcGIS tree layer, 2023–24",athletic,,,,8ae01e01-0366-418f-b051-37f9fa1d8b4f
UVM-2851,picea-abies,44.472224,-73.197492,"Mapped in UVM's ArcGIS tree layer, 2023–24",athletic,,,,42cd7bcb-f738-4360-9996-92f2db6c002d
UVM-4325,picea-abies,44.472166,-73.197468,"Mapped in UVM's ArcGIS tree layer, 2023–24",athletic,,,,6e338b05-3c5c-4ea8-b783-45c93876d8b0
UVM-4326,picea-abies,44.472107,-73.197466,"Mapped in UVM's ArcGIS tree layer, 2023–24",athletic,,,,59b6a865-86d5-48e9-b71f-08e25aa7e3f6
UVM-1682,picea-abies,44.472161,-73.197556,"Mapped in UVM's ArcGIS tree layer, 2023–24",athletic,,,,ae3f2e73-de94-4c12-841d-ce6858d7f4be
UVM-2850,picea-abies,44.472115,-73.197541,"Mapped in UVM's ArcGIS tree layer, 2023–24",athletic,,,,cce0bf99-3d41-412b-a4a5-90aa71bdcefe
UVM-3849,picea-abies,44.472057,-73.197544,"Mapped in UVM's ArcGIS tree layer, 2023–24",athletic,,,,34e0e289-bcb0-4057-b371-f77cfb9b78ee
UVM-1679,picea-pungens,44.472020,-73.197640,"Mapped in UVM's ArcGIS tree layer, 2023–24",athletic,,,,7a53b01e-c041-464e-8d30-e23986b6403c
UVM-4327,cornus-kousa,44.471977,-73.197638,"Mapped in UVM's ArcGIS tree layer, 2023–24",redstone,,,,7ba41a4f-8df2-4252-af5e-e21850b53ea9
UVM-4328,clethra-alnifolia,44.472002,-73.197731,"Mapped in UVM's ArcGIS tree layer, 2023–24",athletic,,,,28cc87bc-cdee-4d25-9382-a3dfad4701dd
UVM-4329,hamamelis-virginiana,44.471950,-73.197722,"Mapped in UVM's ArcGIS tree layer, 2023–24",redstone,,,,51a9d6a9-8afd-46cc-b5ac-4a7df00c870b
UVM-1678,acer-platanoides,44.471876,-73.197697,"Mapped in UVM's ArcGIS tree layer, 2023–24",redstone,,,,bec1977d-aea6-44c7-835f-56891277b2da
UVM-4330,clethra-alnifolia,44.471838,-73.197771,"Mapped in UVM's ArcGIS tree layer, 2023–24",redstone,,,,a7cafce2-f011-4aea-87ac-c166f03fb2d1
UVM-1743,quercus-bicolor,44.472372,-73.196751,"Mapped in UVM's ArcGIS tree layer, 2023–24",athletic,,,,e50ae829-8211-4cff-8365-1ca220c81b95
UVM-1742,quercus-bicolor,44.472451,-73.196750,"Mapped in UVM's ArcGIS tree layer, 2023–24",athletic,,,,ee639b0f-c07d-4858-b810-d6244894d4df
UVM-1744,quercus-bicolor,44.472441,-73.196897,"Mapped in UVM's ArcGIS tree layer, 2023–24",athletic,,,,dd1c2984-ea21-4f50-ada8-4a09419af88a
UVM-1745,juglans-nigra,44.472566,-73.196897,"Mapped in UVM's ArcGIS tree layer, 2023–24",athletic,,,,31f05421-74cd-4934-8f7d-c610e2de48ac
UVM-1741,quercus-rubra,44.472569,-73.196727,"Mapped in UVM's ArcGIS tree layer, 2023–24",athletic,,,,f2b5c173-76ac-4cd3-b8fd-be2ad53f183e
UVM-2872,quercus-bicolor,44.472635,-73.196705,"Mapped in UVM's ArcGIS tree layer, 2023–24",athletic,,,,b87d9d0c-6887-49ba-b6a7-81839be11bfa
UVM-1739,acer-rubrum,44.472679,-73.196790,"Mapped in UVM's ArcGIS tree layer, 2023–24",athletic,,,,4a602e64-f1f1-4b59-bf02-9f386996e54e
UVM-1738,acer-rubrum,44.472712,-73.196722,"Mapped in UVM's ArcGIS tree layer, 2023–24",athletic,,,,6e8527cc-d225-4edf-be81-6c61f48d7d80
UVM-1737,acer-rubrum,44.472720,-73.196783,"Mapped in UVM's ArcGIS tree layer, 2023–24",athletic,,,,12c8e9ee-ade8-4d79-8bd5-3c2a17f239cc
UVM-2874,quercus-bicolor,44.472562,-73.197017,"Mapped in UVM's ArcGIS tree layer, 2023–24",athletic,,,,70477290-5c30-48e7-991b-ced5cad3eae1
UVM-2873,quercus-bicolor,44.472617,-73.197002,"Mapped in UVM's ArcGIS tree layer, 2023–24",athletic,,,,94f3dd89-cd04-43db-aee5-06b0ea9ffb77
UVM-1746,pinus-strobus,44.472689,-73.197030,"Mapped in UVM's ArcGIS tree layer, 2023–24",athletic,,,,9a7465be-aedd-49f1-9649-7a6dc1a087d6
UVM-1735,acer-rubrum,44.472826,-73.196792,"Mapped in UVM's ArcGIS tree layer, 2023–24",athletic,,,,b47203f9-1a7f-4abd-ad0a-49d1e34f34a5
UVM-4331,acer-rubrum,44.472819,-73.196733,"Mapped in UVM's ArcGIS tree layer, 2023–24",athletic,,,,e88af355-9ab9-4224-8ce8-d04230202628
UVM-1733,acer-rubrum,44.472956,-73.196686,"Mapped in UVM's ArcGIS tree layer, 2023–24",athletic,,,,d0afab5f-7878-4a2a-b917-55c9f66994c5
UVM-1732,quercus-rubra,44.473002,-73.196623,"Mapped in UVM's ArcGIS tree layer, 2023–24",athletic,,,,e6629e5d-4177-4d25-9f63-d5441dfbfcd4
UVM-1731,quercus-rubra,44.473046,-73.196601,"Mapped in UVM's ArcGIS tree layer, 2023–24",athletic,,,,f042249a-0c6e-4373-bfd2-db385a950124
UVM-1730,quercus-rubra,44.473105,-73.196574,"Mapped in UVM's ArcGIS tree layer, 2023–24",athletic,,,,461070bc-dbe8-4133-b86c-57e12fbb9a75
UVM-4332,tilia-americana,44.473358,-73.196515,"Mapped in UVM's ArcGIS tree layer, 2023–24",athletic,,,,e48c1bc0-2ff5-457e-b504-2d24cbae4b93
UVM-4333,quercus-rubra,44.473355,-73.196411,"Mapped in UVM's ArcGIS tree layer, 2023–24",athletic,,,,d18771e5-c9ef-4e35-9b5f-2213f10feda8
UVM-1727,quercus-rubra,44.473421,-73.196353,"Mapped in UVM's ArcGIS tree layer, 2023–24",athletic,,,,2ac0db29-8fcd-485f-bf75-27b7adb9cd24
UVM-1726,quercus-bicolor,44.473474,-73.196381,"Mapped in UVM's ArcGIS tree layer, 2023–24",athletic,,,,3ad6e0b0-590e-43fd-bd30-377a43428983
UVM-1736,acer-rubrum,44.473534,-73.196579,"Mapped in UVM's ArcGIS tree layer, 2023–24",athletic,,,,48e25bde-dc85-4636-8452-8ed07b508f8a
UVM-4334,acer-rubrum,44.473614,-73.196511,"Mapped in UVM's ArcGIS tree layer, 2023–24",athletic,,,,2e45d598-4596-41cd-b827-24078d7079c0
UVM-1725,quercus-rubra,44.473525,-73.196327,"Mapped in UVM's ArcGIS tree layer, 2023–24",athletic,,,,9fc508cd-944d-44f7-be73-fba617cfaeba
UVM-1724,quercus-bicolor,44.473503,-73.196275,"Mapped in UVM's ArcGIS tree layer, 2023–24",athletic,,,,2f014822-16dd-4949-baae-184cc07bf0ce
UVM-1723,quercus-bicolor,44.473658,-73.196141,"Mapped in UVM's ArcGIS tree layer, 2023–24",athletic,,,,d903864a-3d81-4eca-9ee0-ffb413f8b340
UVM-2871,quercus-bicolor,44.473794,-73.196029,"Mapped in UVM's ArcGIS tree layer, 2023–24",athletic,,,,7822dd25-a837-4b5e-8963-5ac1271dfd95
UVM-2870,quercus-bicolor,44.473842,-73.195987,"Mapped in UVM's ArcGIS tree layer, 2023–24",athletic,,,,5fc5e77a-6517-43f8-90bd-79b11aec471f
UVM-1720,quercus-macrocarpa,44.473958,-73.195894,"Mapped in UVM's ArcGIS tree layer, 2023–24",athletic,,,,0df4d9b7-9602-4116-8ca3-6af5c869e0b6
UVM-1719,liquidambar-styraciflua,44.473993,-73.195912,"Mapped in UVM's ArcGIS tree layer, 2023–24",athletic,,,,1315ebbd-df8d-42e5-b7f8-056303d0e7c4
UVM-4335,thuja-green-giant,44.473988,-73.196273,"Mapped in UVM's ArcGIS tree layer, 2023–24",athletic,,,,11aeffac-00e0-42c4-b0f2-e04339d85d7d
UVM-4336,castanea-dentata,44.474072,-73.196278,"Mapped in UVM's ArcGIS tree layer, 2023–24",athletic,,,,d376f134-e701-4d11-b027-8ea960eafa36
UVM-4337,thuja-green-giant,44.474116,-73.196219,"Mapped in UVM's ArcGIS tree layer, 2023–24",athletic,,,,cc9d5708-f7da-4a8a-95fd-bd74eb77c084
UVM-4338,castanea-dentata,44.474148,-73.196290,"Mapped in UVM's ArcGIS tree layer, 2023–24",athletic,,,,73df1bf3-d30e-4016-ae57-a9b582d9651c
UVM-4339,thuja-green-giant,44.474217,-73.196172,"Mapped in UVM's ArcGIS tree layer, 2023–24",athletic,,,,c2723eef-1cfb-46e0-9224-4f02120b3447
UVM-4340,castanea-dentata,44.474261,-73.196235,"Mapped in UVM's ArcGIS tree layer, 2023–24",athletic,,,,f9959cd0-2e1c-4cc6-82d9-a549f6737ff8
UVM-4341,thuja-green-giant,44.474295,-73.196167,"Mapped in UVM's ArcGIS tree layer, 2023–24",athletic,,,,8be48660-a94a-48dd-8602-40b700d0c544
UVM-4342,quercus-ellipsoidalis,44.474324,-73.196181,"Mapped in UVM's ArcGIS tree layer, 2023–24",athletic,,,,6873dbbb-89c9-4691-9a42-2b8e6dea90c4
UVM-1401,pinus-nigra,44.474463,-73.194998,"Mapped in UVM's ArcGIS tree layer, 2023–24",athletic,,,,d643b94a-b186-4d5f-ba56-e8eec558e1c3
UVM-3302,aesculus-hippocastanum,44.474383,-73.194898,"Mapped in UVM's ArcGIS tree layer, 2023–24",athletic,,,,119fceca-fcc2-407a-a0fc-9045eb397362
UVM-1406,betula-papyrifera,44.474373,-73.194849,"Mapped in UVM's ArcGIS tree layer, 2023–24",athletic,,,,757bffc5-0edd-4122-b153-d176476fa78d
UVM-1407,betula-papyrifera,44.474350,-73.194826,"Mapped in UVM's ArcGIS tree layer, 2023–24",athletic,,,,3221e871-6430-4116-88cc-c3927438d87f
UVM-1412,malus-sp,44.474322,-73.194864,"Mapped in UVM's ArcGIS tree layer, 2023–24",athletic,,,,9dc12651-14fb-4f6c-969e-af254c51af10
UVM-1411,malus-sp,44.474283,-73.194858,"Mapped in UVM's ArcGIS tree layer, 2023–24",athletic,,,,411dbdd5-6357-4cb3-a181-40a9e4bfdae8
UVM-1408,betula-papyrifera,44.474332,-73.194793,"Mapped in UVM's ArcGIS tree layer, 2023–24",athletic,,,,4bc23b15-97d1-4a39-8b13-89be9fe6b0e0
UVM-1409,betula-papyrifera,44.474310,-73.194776,"Mapped in UVM's ArcGIS tree layer, 2023–24",athletic,,,,4c9106ce-fe2e-4e1c-bc40-86cb0a46b0cb
UVM-4343,betula-papyrifera,44.474287,-73.194769,"Mapped in UVM's ArcGIS tree layer, 2023–24",athletic,,,,174ce2a2-c4a5-426f-8ee3-5c3bb74f258e
UVM-3301,tilia-tomentosa,44.474487,-73.194841,"Mapped in UVM's ArcGIS tree layer, 2023–24",athletic,,,,53ebd483-8cc2-4c54-9a8a-cc7aa91c5572
UVM-1413,syringa-reticulata,44.473946,-73.194933,"Mapped in UVM's ArcGIS tree layer, 2023–24",athletic,,,,5d7a7b2d-2ac2-48ea-a57a-fcecd6723c01
UVM-2166,malus-sp,44.473769,-73.194042,"Mapped in UVM's ArcGIS tree layer, 2023–24",athletic,,,,e30d72ab-0016-426a-bd07-83a161985070
UVM-2167,malus-sp,44.473794,-73.194005,"Mapped in UVM's ArcGIS tree layer, 2023–24",athletic,,,,b2d08713-c8ed-4909-92d5-04a4f714f37b
UVM-2168,aesculus-hippocastanum,44.473850,-73.193994,"Mapped in UVM's ArcGIS tree layer, 2023–24",athletic,,,,6a6d88fe-e745-466e-bb47-7a63283c5a2d
UVM-2169,pinus-nigra,44.474095,-73.194084,"Mapped in UVM's ArcGIS tree layer, 2023–24",athletic,,,,1931fd98-3756-4663-ae37-6ceab514f1fe
UVM-2170,aesculus-hippocastanum,44.474099,-73.194159,"Mapped in UVM's ArcGIS tree layer, 2023–24",athletic,,,,ece10785-f692-4ba3-adb6-b7aff1b93599
UVM-2171,pinus-nigra,44.474203,-73.194320,"Mapped in UVM's ArcGIS tree layer, 2023–24",athletic,,,,7da4d296-9eb0-4ab9-a4f6-cac2f83e109a
UVM-2172,pinus-nigra,44.474173,-73.194327,"Mapped in UVM's ArcGIS tree layer, 2023–24",athletic,,,,f275e47a-232c-4102-9e03-da628a78c584
UVM-2173,aesculus-hippocastanum,44.474159,-73.194448,"Mapped in UVM's ArcGIS tree layer, 2023–24",athletic,,,,adee7d1c-93fa-42bb-8a95-ebe6b0b1878c
UVM-2174,aesculus-hippocastanum,44.474162,-73.194611,"Mapped in UVM's ArcGIS tree layer, 2023–24",athletic,,,,b151f01d-e271-49aa-a541-493c0927e03f
UVM-2182,pinus-nigra,44.474274,-73.194565,"Mapped in UVM's ArcGIS tree layer, 2023–24",athletic,,,,685990ff-af11-4bd5-9bc6-9463f342250f
UVM-2181,pinus-nigra,44.474314,-73.194549,"Mapped in UVM's ArcGIS tree layer, 2023–24",athletic,,,,e5f0cc1c-c243-4817-a2f2-ed75ffb97381
UVM-2179,pinus-nigra,44.474315,-73.194499,"Mapped in UVM's ArcGIS tree layer, 2023–24",athletic,,,,ce8d83f3-ac71-41b3-9da3-73628f612634
UVM-2180,pinus-nigra,44.474277,-73.194522,"Mapped in UVM's ArcGIS tree layer, 2023–24",athletic,,,,097b745b-8be7-4013-b088-e62f001ae708
UVM-2178,pinus-nigra,44.474277,-73.194479,"Mapped in UVM's ArcGIS tree layer, 2023–24",athletic,,,,af362716-1d63-4af4-aed3-c621a76363e3
UVM-2175,pinus-nigra,44.474204,-73.194463,"Mapped in UVM's ArcGIS tree layer, 2023–24",athletic,,,,05bee684-1792-4644-a24e-ee9c77bf7317
UVM-2176,pinus-nigra,44.474227,-73.194429,"Mapped in UVM's ArcGIS tree layer, 2023–24",athletic,,,,94753b79-c4ba-4bca-ade0-49be3a3d8230
UVM-2177,pinus-nigra,44.474246,-73.194371,"Mapped in UVM's ArcGIS tree layer, 2023–24",athletic,,,,9bcbdc71-8f5e-4f43-843a-96543e8b991f
UVM-1414,quercus-rubra,44.473170,-73.194165,"Mapped in UVM's ArcGIS tree layer, 2023–24",athletic,,,,25a76642-4e90-40e5-bae8-82f9676e85ff
UVM-4344,acer-saccharum,44.472881,-73.194070,"Mapped in UVM's ArcGIS tree layer, 2023–24",athletic,,,,80b9bf08-a139-4415-adfc-c2fe3e8e3040
UVM-1416,tilia-cordata,44.472932,-73.194193,"Mapped in UVM's ArcGIS tree layer, 2023–24",athletic,,,,1eead4fb-0f97-4dfe-b154-f46bb6804d7c
UVM-1415,quercus-palustris,44.473049,-73.194294,"Mapped in UVM's ArcGIS tree layer, 2023–24",athletic,,,,ee7faa8c-6ee4-41a2-b919-0c6066945889
UVM-3320,malus-sp,44.472842,-73.194248,"Mapped in UVM's ArcGIS tree layer, 2023–24",athletic,,,,655d1e38-2f71-4f38-b799-680774085e9b
UVM-1418,malus-sp,44.472813,-73.194258,"Mapped in UVM's ArcGIS tree layer, 2023–24",athletic,,,,a3227412-0962-4f06-99c3-665f22c9d3cc
UVM-4345,gleditsia-triacanthos,44.472776,-73.194435,"Mapped in UVM's ArcGIS tree layer, 2023–24",athletic,,,,fe007a82-b7bd-4202-a2e3-a9f939da952f
UVM-1421,crataegus-sp,44.472929,-73.194518,"Mapped in UVM's ArcGIS tree layer, 2023–24",athletic,,,,6594d5e3-ab70-4c7e-9246-dd26e59deebf
UVM-1422,crataegus-sp,44.472954,-73.194487,"Mapped in UVM's ArcGIS tree layer, 2023–24",athletic,,,,1b5e0683-dda5-41b1-8ad2-365dd8115912
UVM-3321,fraxinus-sp,44.472839,-73.194654,"Mapped in UVM's ArcGIS tree layer, 2023–24",athletic,,,,1eefa193-6e00-4dd1-9fc0-7bb8af0f2526
UVM-3322,fraxinus-sp,44.472836,-73.194701,"Mapped in UVM's ArcGIS tree layer, 2023–24",athletic,,,,3fc8d67f-3b4f-476a-8005-d8f08b61150b
UVM-1425,fraxinus-sp,44.472875,-73.194915,"Mapped in UVM's ArcGIS tree layer, 2023–24",athletic,,,,2050e889-6097-4999-bfb9-63fcdf6414bd
UVM-1426,fraxinus-sp,44.472860,-73.195044,"Mapped in UVM's ArcGIS tree layer, 2023–24",athletic,,,,021b6f4e-eb34-4795-86bd-568da952749e
UVM-1427,fraxinus-sp,44.472876,-73.195099,"Mapped in UVM's ArcGIS tree layer, 2023–24",athletic,,,,15b7a64d-96a5-49de-8fa8-1c309737d6f3
UVM-3337,crataegus-sp,44.473193,-73.194990,"Mapped in UVM's ArcGIS tree layer, 2023–24",athletic,,,,5131285f-64e8-4472-99a7-5d452d4a1e3a
UVM-1432,betula-populifolia,44.473459,-73.195018,"Mapped in UVM's ArcGIS tree layer, 2023–24",athletic,,,,56360bd9-1037-497d-93ec-732ffdc84a40
UVM-1433,crataegus-sp,44.473345,-73.195422,"Mapped in UVM's ArcGIS tree layer, 2023–24",athletic,,,,b3b12302-e5f4-4c4d-b13a-c94db2ab6a89
UVM-1436,betula-papyrifera,44.473683,-73.195022,"Mapped in UVM's ArcGIS tree layer, 2023–24",athletic,,,,7d8129dd-4b46-44b0-b899-98a8ea53010c
UVM-1435,betula-populifolia,44.473808,-73.195254,"Mapped in UVM's ArcGIS tree layer, 2023–24",athletic,,,,906792ed-6df8-4971-b819-b3acd647af8c
UVM-1434,tilia-cordata,44.473793,-73.195484,"Mapped in UVM's ArcGIS tree layer, 2023–24",athletic,,,,34b1b84e-6dd7-4dd4-8e4b-16003d7ac440
UVM-1440,prunus-sargentii,44.473969,-73.195365,"Mapped in UVM's ArcGIS tree layer, 2023–24",athletic,,,,5641553f-c045-4f4c-ad52-a39e9bae4840
UVM-4346,prunus-sp,44.473973,-73.195558,"Mapped in UVM's ArcGIS tree layer, 2023–24",athletic,,,,d4e29983-b870-4cb6-a259-55552b0d5464
UVM-4347,prunus-sp,44.473997,-73.195542,"Mapped in UVM's ArcGIS tree layer, 2023–24",athletic,,,,3be77081-2916-433d-b9e0-3d7c60075dd7
UVM-1445,pinus-strobus,44.474042,-73.195413,"Mapped in UVM's ArcGIS tree layer, 2023–24",athletic,,,,825a7d51-b045-45a5-ac2a-ce0a01c5b6da
UVM-3336,pinus-strobus,44.474062,-73.195454,"Mapped in UVM's ArcGIS tree layer, 2023–24",athletic,,,,9a577e5c-5d79-4775-824f-721df8807f34
UVM-1446,pinus-strobus,44.474146,-73.195420,"Mapped in UVM's ArcGIS tree layer, 2023–24",athletic,,,,84bd8349-c5e2-4d5e-a4c7-f628645a8016
UVM-1447,pinus-strobus,44.474158,-73.195367,"Mapped in UVM's ArcGIS tree layer, 2023–24",athletic,,,,13b2b614-f0ca-463f-84dc-d50740e9a98b
UVM-1448,pinus-strobus,44.474200,-73.195377,"Mapped in UVM's ArcGIS tree layer, 2023–24",athletic,,,,e3ee1c5e-fffa-4521-be14-2560d1005d88
UVM-4348,malus-domestica,44.474220,-73.195303,"Mapped in UVM's ArcGIS tree layer, 2023–24",athletic,,,,be99a9e8-1886-4d6b-b48a-b4fcff9cbe36
UVM-4349,malus-domestica,44.474242,-73.195283,"Mapped in UVM's ArcGIS tree layer, 2023–24",athletic,,,,ed03fdec-6df1-45c4-a43e-abe81eb17372
UVM-1449,buxus-sempervirens,44.474309,-73.195264,"Mapped in UVM's ArcGIS tree layer, 2023–24",athletic,,,,db941d15-b36b-4607-810a-1c085117d466
UVM-4350,syringa-vulgaris,44.474377,-73.195202,"Mapped in UVM's ArcGIS tree layer, 2023–24",athletic,,,,9083aa95-4c44-476b-9e11-d37c30756421
UVM-1403,pinus-strobus,44.474368,-73.195106,"Mapped in UVM's ArcGIS tree layer, 2023–24",athletic,,,,d360f008-f944-4ea8-8a0e-f6376162ed01
UVM-1404,aesculus-hippocastanum,44.474359,-73.194998,"Mapped in UVM's ArcGIS tree layer, 2023–24",athletic,,,,dcfac63a-3787-4a27-a362-de545abe0573
UVM-4351,gleditsia-triacanthos,44.473840,-73.195674,"Mapped in UVM's ArcGIS tree layer, 2023–24",athletic,,,,1b00fe26-05d6-442f-a438-992cd1886216
UVM-3356,quercus-bicolor,44.473699,-73.195850,"Mapped in UVM's ArcGIS tree layer, 2023–24",athletic,,,,cfd03894-f83a-46f9-9660-d2159b9de7fb
UVM-3355,quercus-macrocarpa,44.473660,-73.195881,"Mapped in UVM's ArcGIS tree layer, 2023–24",athletic,,,,190f6e8f-966f-4f49-b3c0-f01d5c676cb2
UVM-3354,quercus-macrocarpa,44.473617,-73.195918,"Mapped in UVM's ArcGIS tree layer, 2023–24",athletic,,,,8dbc883c-b053-4aad-9ebb-5a558139cf8d
UVM-1496,fraxinus-sp,44.473037,-73.195274,"Mapped in UVM's ArcGIS tree layer, 2023–24",athletic,,,,2311f3c3-6dca-4a45-94d6-13a1582df2d9
UVM-1497,fraxinus-sp,44.472985,-73.195329,"Mapped in UVM's ArcGIS tree layer, 2023–24",athletic,,,,a1920175-88ea-45ac-a6bf-2ad93cdc25c0
UVM-1498,fraxinus-sp,44.473005,-73.195389,"Mapped in UVM's ArcGIS tree layer, 2023–24",athletic,,,,d8341201-3301-4235-a604-394db8da4e70
UVM-4352,quercus-rubra,44.473105,-73.195603,"Mapped in UVM's ArcGIS tree layer, 2023–24",athletic,,,,40418ecb-0d1f-4e72-b472-4d7ce40b31ce
UVM-2302,acer-saccharinum,44.473081,-73.195787,"Mapped in UVM's ArcGIS tree layer, 2023–24",athletic,,,,27541964-b395-4455-84f9-0b548fd4f4b9
UVM-2303,fraxinus-sp,44.473202,-73.195799,"Mapped in UVM's ArcGIS tree layer, 2023–24",athletic,,,,277503ab-0bdd-46a9-8f68-197950e5b401
UVM-2211,ginkgo-biloba,44.470927,-73.193503,"Mapped in UVM's ArcGIS tree layer, 2023–24",athletic,,,,3e4b8487-884d-4dbe-8dd5-be401923d39b
UVM-2210,ginkgo-biloba,44.470930,-73.193458,"Mapped in UVM's ArcGIS tree layer, 2023–24",athletic,,,,c6ce80c6-b425-454d-a86a-b83325f153e6
UVM-2209,ginkgo-biloba,44.470935,-73.193397,"Mapped in UVM's ArcGIS tree layer, 2023–24",athletic,,,,9669339b-7f4a-46a2-bb11-9fb318186133
UVM-2208,ginkgo-biloba,44.470947,-73.193305,"Mapped in UVM's ArcGIS tree layer, 2023–24",athletic,,,,b59dae90-6310-47e3-ba23-ae500de7d363
UVM-2207,ginkgo-biloba,44.470988,-73.193060,"Mapped in UVM's ArcGIS tree layer, 2023–24",athletic,,,,2a0cf95e-ace3-4ef0-9788-cffc46b837fb
UVM-2206,ginkgo-biloba,44.470991,-73.192977,"Mapped in UVM's ArcGIS tree layer, 2023–24",athletic,,,,480565a9-7cab-4ea0-b978-ebc0f514cd4c
UVM-2205,ginkgo-biloba,44.471002,-73.192911,"Mapped in UVM's ArcGIS tree layer, 2023–24",athletic,,,,6bad1431-8b91-4f4c-ace7-c6321fe03e87
UVM-2204,ginkgo-biloba,44.471010,-73.192840,"Mapped in UVM's ArcGIS tree layer, 2023–24",athletic,,,,2f755ee3-c52c-4271-a5b4-b6066840dadc
UVM-2203,ginkgo-biloba,44.471022,-73.192778,"Mapped in UVM's ArcGIS tree layer, 2023–24",athletic,,,,1f4a2608-8d77-4f94-8a7d-a2d98509c22d
UVM-2202,ginkgo-biloba,44.471027,-73.192723,"Mapped in UVM's ArcGIS tree layer, 2023–24",athletic,,,,80c64e87-6106-4fa6-91bd-a2ee08c8bd09
UVM-2201,ginkgo-biloba,44.471026,-73.192681,"Mapped in UVM's ArcGIS tree layer, 2023–24",athletic,,,,d79d1360-edaa-4ee3-88ca-218f8b33a890
UVM-2200,larix-sp,44.471186,-73.192787,"Mapped in UVM's ArcGIS tree layer, 2023–24",athletic,,,,9f631791-52d2-4822-836e-df1721c806f5
UVM-2199,larix-sp,44.471234,-73.192784,"Mapped in UVM's ArcGIS tree layer, 2023–24",athletic,,,,488ce3de-64d1-440c-acea-031302aeb77b
UVM-2198,larix-sp,44.471273,-73.192793,"Mapped in UVM's ArcGIS tree layer, 2023–24",athletic,,,,941ff6e7-2793-4c2a-8038-29c5030a91ed
UVM-2297,larix-sp,44.471251,-73.192819,"Mapped in UVM's ArcGIS tree layer, 2023–24",athletic,,,,9e6c916f-c384-4208-80a2-ae982c36e570
UVM-2296,larix-sp,44.471283,-73.192832,"Mapped in UVM's ArcGIS tree layer, 2023–24",athletic,,,,2f9fd76c-57ec-47da-a720-cf870a0aac39
UVM-2195,larix-sp,44.471287,-73.192882,"Mapped in UVM's ArcGIS tree layer, 2023–24",athletic,,,,f255514f-6e45-44c1-861c-77b0a730f9bb
UVM-2428,larix-sp,44.471343,-73.193241,"Mapped in UVM's ArcGIS tree layer, 2023–24",athletic,,,,62f29253-7eaa-4e42-95a9-e9a0a0fc9674
UVM-2429,gleditsia-triacanthos,44.471273,-73.193469,"Mapped in UVM's ArcGIS tree layer, 2023–24",athletic,,,,3627bd91-8adb-46e6-ac3b-2ac3692962df
UVM-2426,larix-sp,44.471383,-73.193303,"Mapped in UVM's ArcGIS tree layer, 2023–24",athletic,,,,fbe734c4-46c1-4f9c-9936-bf1866a72b90
UVM-4353,larix-sp,44.471389,-73.193235,"Mapped in UVM's ArcGIS tree layer, 2023–24",athletic,,,,fc9c12df-74c1-439a-a686-492b34f332b5
UVM-2191,gleditsia-triacanthos,44.471484,-73.193085,"Mapped in UVM's ArcGIS tree layer, 2023–24",athletic,,,,3ddfca97-a023-4cad-a4a7-73f34a719cf8
UVM-2192,gleditsia-triacanthos,44.471415,-73.192956,"Mapped in UVM's ArcGIS tree layer, 2023–24",athletic,,,,c17d7e6b-ed22-49c7-a180-dc940b71417b
UVM-2193,gleditsia-triacanthos,44.471416,-73.192885,"Mapped in UVM's ArcGIS tree layer, 2023–24",athletic,,,,cce098df-2756-491c-b619-eb85483ef772
UVM-2194,gleditsia-triacanthos,44.471417,-73.192807,"Mapped in UVM's ArcGIS tree layer, 2023–24",athletic,,,,c6a3f54c-780c-4ba3-95aa-a0711e735ed3
UVM-2131,syringa-reticulata,44.471320,-73.192593,"Mapped in UVM's ArcGIS tree layer, 2023–24",athletic,,,,8337d4f1-85af-4c6f-bdef-a7b1bdeed7b4
UVM-2130,syringa-reticulata,44.471265,-73.192571,"Mapped in UVM's ArcGIS tree layer, 2023–24",athletic,,,,747b83ea-1bb2-48ec-830b-34d7f0714cae
UVM-2129,syringa-reticulata,44.471195,-73.192567,"Mapped in UVM's ArcGIS tree layer, 2023–24",athletic,,,,563a447e-0626-4ff9-a822-526b5a9e9362
UVM-3312,malus-sp,44.471508,-73.193514,"Mapped in UVM's ArcGIS tree layer, 2023–24",athletic,,,,846c888f-ba52-4543-9c5f-d6fbd4c962b2
UVM-3313,malus-sp,44.471574,-73.193470,"Mapped in UVM's ArcGIS tree layer, 2023–24",athletic,,,,f64b2d7b-1260-4f7f-be6f-9bc53a1aa5a6
UVM-2190,pinus-sylvestris,44.472192,-73.193396,"Mapped in UVM's ArcGIS tree layer, 2023–24",athletic,,,,bddc95fc-6bcd-49ed-bdc6-e4dc543698c6
UVM-2189,pinus-sylvestris,44.472257,-73.193425,"Mapped in UVM's ArcGIS tree layer, 2023–24",athletic,,,,622599cc-c352-4365-8f8d-01f12d4c90a1
UVM-2188,gleditsia-triacanthos,44.472089,-73.193247,"Mapped in UVM's ArcGIS tree layer, 2023–24",athletic,,,,71c6b722-29ad-4c63-996e-bbb828dac0ad
UVM-2187,gleditsia-triacanthos,44.472128,-73.193187,"Mapped in UVM's ArcGIS tree layer, 2023–24",athletic,,,,abd58e65-1094-4845-ba57-090374e411dc
UVM-2186,gleditsia-triacanthos,44.472212,-73.193103,"Mapped in UVM's ArcGIS tree layer, 2023–24",athletic,,,,39617b65-edeb-4368-8385-ab2560f9936d
UVM-2185,gleditsia-triacanthos,44.472220,-73.193032,"Mapped in UVM's ArcGIS tree layer, 2023–24",athletic,,,,59040819-13c4-4110-89e9-0e3f26766c09
UVM-2184,gleditsia-triacanthos,44.472231,-73.192957,"Mapped in UVM's ArcGIS tree layer, 2023–24",athletic,,,,d844cd5e-8df0-4b01-9bf3-2911cdb67a74
UVM-2132,quercus-rubra,44.471805,-73.192529,"Mapped in UVM's ArcGIS tree layer, 2023–24",athletic,,,,df1fc79e-b5eb-40f0-bc83-8b16332e3ab0
UVM-3311,quercus-rubra,44.471904,-73.192517,"Mapped in UVM's ArcGIS tree layer, 2023–24",athletic,,,,6ba8171c-acfa-4951-9960-7554f955e5ad
UVM-2134,quercus-rubra,44.471988,-73.192496,"Mapped in UVM's ArcGIS tree layer, 2023–24",athletic,,,,e9390e3f-84f3-417c-83df-36c0438f91ad
UVM-2135,quercus-rubra,44.472059,-73.192440,"Mapped in UVM's ArcGIS tree layer, 2023–24",athletic,,,,e59df10f-ebaf-4f70-a70c-dd3b52da71fd
UVM-3310,quercus-rubra,44.472238,-73.192311,"Mapped in UVM's ArcGIS tree layer, 2023–24",athletic,,,,e14b2c2f-469c-4afb-b054-34bfa0f32f00
UVM-2141,tilia-americana,44.472574,-73.192718,"Mapped in UVM's ArcGIS tree layer, 2023–24",athletic,,,,7d95e187-d236-49e6-93f5-eba45fa9d87d
UVM-2142,phellodendron-amurense,44.472780,-73.192804,"Mapped in UVM's ArcGIS tree layer, 2023–24",athletic,,,,c88ea937-8c72-4348-a0fd-e07da9135f8f
UVM-4354,picea-glauca,44.472959,-73.192723,"Mapped in UVM's ArcGIS tree layer, 2023–24",athletic,,,,133bea5d-4f7d-4550-82c8-285c67d8fcc3
UVM-4355,picea-glauca,44.473024,-73.192687,"Mapped in UVM's ArcGIS tree layer, 2023–24",athletic,,,,b6b386b8-44f9-4062-96a7-85af093f14b6
UVM-4356,acer-x-freemanii,44.473090,-73.192651,"Mapped in UVM's ArcGIS tree layer, 2023–24",athletic,,,,b34c797e-876c-4cd2-ae81-49e79b3fefdd
UVM-4357,acer-saccharum,44.473120,-73.192710,"Mapped in UVM's ArcGIS tree layer, 2023–24",athletic,,,,0edf41e6-70b7-4740-bd3b-8ae593b8cb55
UVM-4358,picea-glauca,44.473146,-73.192638,"Mapped in UVM's ArcGIS tree layer, 2023–24",athletic,,,,7f1cfdd2-8edf-48b0-893e-748d759caccf
UVM-4359,picea-glauca,44.473209,-73.192623,"Mapped in UVM's ArcGIS tree layer, 2023–24",athletic,,,,9b1ff18f-5951-4f1c-8660-6bee40907c29
UVM-4360,pinus-strobus,44.473198,-73.192723,"Mapped in UVM's ArcGIS tree layer, 2023–24",athletic,,,,08453e09-8863-4424-a06e-0cee6b281812
UVM-4361,picea-glauca,44.473263,-73.192624,"Mapped in UVM's ArcGIS tree layer, 2023–24",athletic,,,,5895c3e5-1386-4578-af81-7c57f633042b
UVM-4362,pinus-strobus,44.473254,-73.192748,"Mapped in UVM's ArcGIS tree layer, 2023–24",athletic,,,,849421d2-bfc1-4c13-b4d8-55bdf4b63cea
UVM-4363,picea-glauca,44.473304,-73.192651,"Mapped in UVM's ArcGIS tree layer, 2023–24",athletic,,,,c9fa636e-fb8c-4705-87db-0e78f2b68a7b
UVM-4364,pinus-strobus,44.473317,-73.192731,"Mapped in UVM's ArcGIS tree layer, 2023–24",athletic,,,,6f146287-8b8d-4661-9378-b7414907d52c
UVM-4365,picea-glauca,44.473360,-73.192665,"Mapped in UVM's ArcGIS tree layer, 2023–24",athletic,,,,ec817d1c-2344-4619-9925-fb915dde36e6
UVM-2140,celtis-occidentalis,44.473100,-73.191884,"Mapped in UVM's ArcGIS tree layer, 2023–24",athletic,,,,eb2feaf5-0e23-4748-8b4a-f267aaadd5b8
UVM-3308,quercus-rubra,44.473059,-73.191799,"Mapped in UVM's ArcGIS tree layer, 2023–24",athletic,,,,bd6a09c8-153d-4a93-854e-18575666d2e4
UVM-2138,quercus-rubra,44.473020,-73.191712,"Mapped in UVM's ArcGIS tree layer, 2023–24",athletic,,,,2275ad24-e157-440d-bcd5-421cc40588b2
UVM-2137,quercus-rubra,44.472949,-73.191665,"Mapped in UVM's ArcGIS tree layer, 2023–24",athletic,,,,442822e4-c982-45a5-94a4-e9f08ab9fecf
UVM-3309,quercus-rubra,44.472700,-73.191785,"Mapped in UVM's ArcGIS tree layer, 2023–24",athletic,,,,ba389f71-52ae-442d-82e6-30b6677bb440
UVM-4366,acer-x-freemanii,44.473369,-73.192755,"Mapped in UVM's ArcGIS tree layer, 2023–24",athletic,,,,637df8e2-bd27-49df-8c6a-47053a47278a
UVM-4367,acer-x-freemanii,44.473409,-73.192710,"Mapped in UVM's ArcGIS tree layer, 2023–24",athletic,,,,cb035208-3aae-478a-b0f7-677a3fe731da
UVM-4368,betula-nigra,44.473413,-73.192788,"Mapped in UVM's ArcGIS tree layer, 2023–24",athletic,,,,1b0fb2eb-5ce7-4d38-9713-fc645157cf1c
UVM-4369,picea-pungens,44.473452,-73.192727,"Mapped in UVM's ArcGIS tree layer, 2023–24",athletic,,,,2582fcb8-9acb-4c42-b883-4b43111a156f
UVM-4370,betula-nigra,44.473458,-73.192779,"Mapped in UVM's ArcGIS tree layer, 2023–24",athletic,,,,130d2cfe-c6c7-44da-a546-7cd287ea89d4
UVM-4371,picea-glauca,44.473502,-73.192761,"Mapped in UVM's ArcGIS tree layer, 2023–24",athletic,,,,251909f7-7da4-437b-abfa-a8da0a202e3f
UVM-3307,betula-nigra,44.473476,-73.192807,"Mapped in UVM's ArcGIS tree layer, 2023–24",athletic,,,,b9dc33f7-4084-4df0-acbf-2684f9871d0b
UVM-4372,picea-glauca,44.473517,-73.192814,"Mapped in UVM's ArcGIS tree layer, 2023–24",athletic,,,,79d13a23-41ca-4f3b-9335-acb988eb81c5
UVM-4373,picea-glauca,44.473524,-73.192851,"Mapped in UVM's ArcGIS tree layer, 2023–24",athletic,,,,39b55789-fc96-4eba-868b-58dfe2bb5633
UVM-2144,malus-sp,44.473509,-73.192938,"Mapped in UVM's ArcGIS tree layer, 2023–24",athletic,,,,87de59fe-778a-47d9-9644-30d12a0a2264
UVM-2145,malus-sp,44.473509,-73.192999,"Mapped in UVM's ArcGIS tree layer, 2023–24",athletic,,,,f187e26f-a1ac-4a5d-9e08-f33e7f4c3c9c
UVM-2146,malus-sp,44.473506,-73.193040,"Mapped in UVM's ArcGIS tree layer, 2023–24",athletic,,,,f760a66d-1f7c-4639-a3b3-52f60465e0bf
UVM-2147,malus-sp,44.473505,-73.193080,"Mapped in UVM's ArcGIS tree layer, 2023–24",athletic,,,,050b04d0-ad67-4c3b-bd2f-98522465bfce
UVM-2148,malus-sp,44.473500,-73.193129,"Mapped in UVM's ArcGIS tree layer, 2023–24",athletic,,,,687e6f2b-d6f0-4d48-8e45-8758f669fb3c
UVM-2149,malus-sp,44.473496,-73.193174,"Mapped in UVM's ArcGIS tree layer, 2023–24",athletic,,,,585f394d-e167-4054-9507-6512776e51e3
UVM-2150,malus-sp,44.473494,-73.193217,"Mapped in UVM's ArcGIS tree layer, 2023–24",athletic,,,,22c75b01-38ee-4069-81c7-31b5bcae174c
UVM-2164,betula-papyrifera,44.473443,-73.193612,"Mapped in UVM's ArcGIS tree layer, 2023–24",athletic,,,,537616f5-20e3-4fb2-a70f-99373113c8db
UVM-2155,pinus-nigra,44.473591,-73.193596,"Mapped in UVM's ArcGIS tree layer, 2023–24",athletic,,,,7502f811-d264-4b61-ba4d-ee54a2a81ab5
UVM-2153,pinus-nigra,44.473561,-73.193524,"Mapped in UVM's ArcGIS tree layer, 2023–24",athletic,,,,ab3f6d38-90e1-4db6-ad40-59857b73036a
UVM-2154,pinus-nigra,44.473604,-73.193511,"Mapped in UVM's ArcGIS tree layer, 2023–24",athletic,,,,0b5867c6-fe8c-413b-94dc-43b2490fc70a
UVM-2151,pinus-nigra,44.473583,-73.193409,"Mapped in UVM's ArcGIS tree layer, 2023–24",athletic,,,,72432d5f-e45b-4063-af54-4f5ef49817db
UVM-2152,pinus-nigra,44.473547,-73.193449,"Mapped in UVM's ArcGIS tree layer, 2023–24",athletic,,,,87822dd9-35a0-4b19-aaa3-0a755c8ef74e
UVM-2157,pinus-nigra,44.473825,-73.193640,"Mapped in UVM's ArcGIS tree layer, 2023–24",athletic,,,,40f55fc3-0699-4dd3-a156-ed06528486ff
UVM-3306,pinus-nigra,44.473868,-73.193711,"Mapped in UVM's ArcGIS tree layer, 2023–24",athletic,,,,065afead-3cd9-42b1-87fe-5b005081c764
UVM-3305,pinus-nigra,44.473952,-73.193854,"Mapped in UVM's ArcGIS tree layer, 2023–24",athletic,,,,bd05d711-a779-4c3a-b535-c9603351d1b9
UVM-3304,pinus-nigra,44.473995,-73.193897,"Mapped in UVM's ArcGIS tree layer, 2023–24",athletic,,,,286643e2-a3a1-4d3d-9b09-3da19cf41f88
UVM-3303,pinus-nigra,44.473973,-73.193936,"Mapped in UVM's ArcGIS tree layer, 2023–24",athletic,,,,80f183a6-765f-45c1-8dc7-b65fab04edf7
UVM-2161,pinus-nigra,44.473916,-73.193910,"Mapped in UVM's ArcGIS tree layer, 2023–24",athletic,,,,920a462b-dea5-4aed-8df3-c2fda3041a93
UVM-4374,gleditsia-triacanthos,44.472777,-73.194522,"Mapped in UVM's ArcGIS tree layer, 2023–24",athletic,,,,a7af20e4-bad0-42ff-8eab-d3a271b9727c
UVM-4375,gleditsia-triacanthos,44.472681,-73.194561,"Mapped in UVM's ArcGIS tree layer, 2023–24",athletic,,,,eb6492fb-acc1-4eec-a44c-15e8c4110924
UVM-3318,gleditsia-triacanthos,44.472615,-73.194504,"Mapped in UVM's ArcGIS tree layer, 2023–24",athletic,,,,fa849044-2c32-4ac8-946b-2f4053b9f46a
UVM-3319,gleditsia-triacanthos,44.472617,-73.194423,"Mapped in UVM's ArcGIS tree layer, 2023–24",athletic,,,,079520a5-e491-4870-9c15-d246ef672626
UVM-2410,gleditsia-triacanthos,44.472660,-73.194410,"Mapped in UVM's ArcGIS tree layer, 2023–24",athletic,,,,71c7229f-f002-48ae-9edc-58f03869e2b0
UVM-2413,carpinus-caroliniana,44.472620,-73.194234,"Mapped in UVM's ArcGIS tree layer, 2023–24",athletic,,,,f1306267-2e43-49cb-b94c-69dadf805253
UVM-4376,juglans-nigra,44.472577,-73.194237,"Mapped in UVM's ArcGIS tree layer, 2023–24",athletic,,,,45821318-7377-4d6f-aa44-53f4988aa5db
UVM-4377,amelanchier-sp,44.472572,-73.194177,"Mapped in UVM's ArcGIS tree layer, 2023–24",athletic,,,,8f799ac6-a92b-44fe-8dbe-d24c94a241ce
UVM-2414,juglans-nigra,44.472615,-73.194140,"Mapped in UVM's ArcGIS tree layer, 2023–24",athletic,,,,e5a10201-927d-44a7-b40c-7324eb24d06e
UVM-4378,amelanchier-sp,44.472554,-73.194120,"Mapped in UVM's ArcGIS tree layer, 2023–24",athletic,,,,2e660104-b074-49e6-ae1c-cd51982c6d45
UVM-2415,carpinus-caroliniana,44.472609,-73.194082,"Mapped in UVM's ArcGIS tree layer, 2023–24",athletic,,,,06258d35-5ee6-4978-bd68-835b984f4d55
UVM-4379,amelanchier-sp,44.472522,-73.194113,"Mapped in UVM's ArcGIS tree layer, 2023–24",athletic,,,,e79d46de-44ff-4bc9-bf41-625629f485d3
UVM-2416,juglans-nigra,44.472522,-73.194060,"Mapped in UVM's ArcGIS tree layer, 2023–24",athletic,,,,64507173-19a4-4499-b35b-ea0070468553
UVM-4380,amelanchier-sp,44.472547,-73.194020,"Mapped in UVM's ArcGIS tree layer, 2023–24",athletic,,,,b79c6f7e-19e5-4612-92c5-4bf8bb43fd48
UVM-4381,amelanchier-sp,44.472605,-73.194009,"Mapped in UVM's ArcGIS tree layer, 2023–24",athletic,,,,58783a4c-c684-4740-86ee-bf7eabd4ecc0
UVM-4382,platanus-occidentalis,44.472605,-73.193969,"Mapped in UVM's ArcGIS tree layer, 2023–24",athletic,,,,73ec5890-8139-47c2-a2d9-af1c29c5e8e2
UVM-2418,platanus-occidentalis,44.472546,-73.193964,"Mapped in UVM's ArcGIS tree layer, 2023–24",athletic,,,,27de1343-1eb5-48cc-bb7c-27d877dcbf7e
UVM-4383,amelanchier-sp,44.472505,-73.193987,"Mapped in UVM's ArcGIS tree layer, 2023–24",athletic,,,,a16a9e37-022b-41ec-92ad-eb63fce296f5
UVM-2419,platanus-occidentalis,44.472506,-73.193863,"Mapped in UVM's ArcGIS tree layer, 2023–24",athletic,,,,b58588cf-5dc5-4daf-87e5-50e91f7cfba7
UVM-4384,amelanchier-sp,44.472481,-73.193833,"Mapped in UVM's ArcGIS tree layer, 2023–24",athletic,,,,6bb5fb3a-a170-4b54-824c-5c98eceb8613
UVM-4385,amelanchier-sp,44.472466,-73.193799,"Mapped in UVM's ArcGIS tree layer, 2023–24",athletic,,,,bbdfbd18-becc-4dba-82ea-c2832dffc7a3
UVM-4386,taxodium-distichum,44.472453,-73.193838,"Mapped in UVM's ArcGIS tree layer, 2023–24",athletic,,,,38afbf31-2f93-403b-9e0c-7d9e5932fe06
UVM-4387,spiraea-sp,44.472449,-73.193767,"Mapped in UVM's ArcGIS tree layer, 2023–24",athletic,,,,6b8deeb1-28c3-481a-8cdf-bb1cc47073a1
UVM-4388,spiraea-sp,44.472451,-73.193742,"Mapped in UVM's ArcGIS tree layer, 2023–24",athletic,,,,71dc8af0-6837-4e4f-9a1e-2408bada55c7
UVM-4389,platanus-occidentalis,44.472424,-73.193715,"Mapped in UVM's ArcGIS tree layer, 2023–24",athletic,,,,60b4d433-cf31-499a-91d8-d8ba33f21751
UVM-4390,amelanchier-sp,44.472377,-73.193678,"Mapped in UVM's ArcGIS tree layer, 2023–24",athletic,,,,1ca237da-108a-4b21-9674-bb3f56fc2f93
UVM-4391,amelanchier-sp,44.472363,-73.193721,"Mapped in UVM's ArcGIS tree layer, 2023–24",athletic,,,,c978e5b4-1295-4309-83e4-8eb21f285cde
UVM-4392,salix-matsudana-tortuosa,44.472361,-73.193776,"Mapped in UVM's ArcGIS tree layer, 2023–24",athletic,,,,7fdd4cef-0dd9-4f15-8455-74e30998d356
UVM-4393,taxodium-distichum,44.472349,-73.193878,"Mapped in UVM's ArcGIS tree layer, 2023–24",athletic,,,,334ae386-ff1c-4e8c-95fa-e24c5145ea0e
UVM-4394,amelanchier-sp,44.472345,-73.193945,"Mapped in UVM's ArcGIS tree layer, 2023–24",athletic,,,,fd004ff8-54ea-4333-847f-caf1d6199442
UVM-4395,amelanchier-sp,44.472375,-73.193969,"Mapped in UVM's ArcGIS tree layer, 2023–24",athletic,,,,25888888-7a98-4fe3-bdf0-854bb7654d51
UVM-4396,amelanchier-sp,44.472348,-73.193991,"Mapped in UVM's ArcGIS tree layer, 2023–24",athletic,,,,a014c1f1-f3eb-4098-ad01-24c10d827ee4
UVM-4397,amelanchier-sp,44.472378,-73.194020,"Mapped in UVM's ArcGIS tree layer, 2023–24",athletic,,,,2fc93d46-e320-4273-82be-a06de6913d8c
UVM-4398,amelanchier-sp,44.472356,-73.194057,"Mapped in UVM's ArcGIS tree layer, 2023–24",athletic,,,,45bb45cc-3445-429f-9623-f719d9724721
UVM-4399,amelanchier-sp,44.472372,-73.194094,"Mapped in UVM's ArcGIS tree layer, 2023–24",athletic,,,,45708e80-4f40-4983-a7a5-fb1ad00ad141
UVM-4400,amelanchier-sp,44.472508,-73.194151,"Mapped in UVM's ArcGIS tree layer, 2023–24",athletic,,,,d4ef7153-1e7f-4f68-8f60-c40a489acbff
UVM-2407,liquidambar-styraciflua,44.472483,-73.194250,"Mapped in UVM's ArcGIS tree layer, 2023–24",athletic,,,,9a4a48b3-8fb3-4a85-bfcf-45113738e183
UVM-4401,crataegus-sp,44.472448,-73.194222,"Mapped in UVM's ArcGIS tree layer, 2023–24",athletic,,,,dee9129c-73d3-4954-a231-339ecaa12dca
UVM-2399,liquidambar-styraciflua,44.472364,-73.194229,"Mapped in UVM's ArcGIS tree layer, 2023–24",athletic,,,,83e9cdd3-e4bc-4e7b-88c3-e843de7b421e
UVM-2400,carpinus-caroliniana,44.472331,-73.194274,"Mapped in UVM's ArcGIS tree layer, 2023–24",athletic,,,,edeb4472-a33b-4064-96b2-3029c2a3a571
UVM-4402,buxus-sempervirens,44.472280,-73.194184,"Mapped in UVM's ArcGIS tree layer, 2023–24",athletic,,,,cb80fffe-dd7c-40e1-97d3-f33d3a2f5226
UVM-2398,quercus-bicolor,44.472273,-73.194107,"Mapped in UVM's ArcGIS tree layer, 2023–24",athletic,,,,93a91b65-4f15-4055-834b-096925a6584e
UVM-2406,quercus-bicolor,44.472567,-73.194429,"Mapped in UVM's ArcGIS tree layer, 2023–24",athletic,,,,380769af-5354-450c-9bae-1e708d8f58c2
UVM-3317,quercus-bicolor,44.472519,-73.194495,"Mapped in UVM's ArcGIS tree layer, 2023–24",athletic,,,,26e38834-fdda-49fa-93c4-a177a9676a10
UVM-2404,quercus-bicolor,44.472448,-73.194554,"Mapped in UVM's ArcGIS tree layer, 2023–24",athletic,,,,e52cb36e-aa6d-4c6f-9830-f0b5080f775f
UVM-4403,malus-sp,44.472431,-73.194511,"Mapped in UVM's ArcGIS tree layer, 2023–24",athletic,,,,edfd94ea-8873-4977-8105-e889a8e4faaa
UVM-4404,malus-sp,44.472390,-73.194501,"Mapped in UVM's ArcGIS tree layer, 2023–24",athletic,,,,dfaea182-db39-45ad-b6f8-7284e0c066f5
UVM-2403,quercus-bicolor,44.472355,-73.194542,"Mapped in UVM's ArcGIS tree layer, 2023–24",athletic,,,,5a7a03f9-5362-4284-82bb-06fd879a7b62
UVM-3316,quercus-bicolor,44.472294,-73.194466,"Mapped in UVM's ArcGIS tree layer, 2023–24",athletic,,,,1af6d22a-4a28-4a7b-9fcf-6e21094b1b25
UVM-2401,quercus-bicolor,44.472295,-73.194406,"Mapped in UVM's ArcGIS tree layer, 2023–24",athletic,,,,e24c413a-441f-49e9-82c2-98bfd57335c9
UVM-2397,syringa-reticulata,44.472216,-73.194459,"Mapped in UVM's ArcGIS tree layer, 2023–24",athletic,,,,4139eddc-c1f8-4644-a868-0f0e276bdf29
UVM-2396,acer-platanoides,44.471973,-73.194032,"Mapped in UVM's ArcGIS tree layer, 2023–24",athletic,,,,df1ec146-f02a-4fe5-b4ef-0f63ca8592c6
UVM-4405,betula-nigra,44.471893,-73.194189,"Mapped in UVM's ArcGIS tree layer, 2023–24",athletic,,,,3079cb2c-5754-4551-a886-65a9c7b4807a
UVM-4406,quercus-bicolor,44.471637,-73.194273,"Mapped in UVM's ArcGIS tree layer, 2023–24",athletic,,,,60f728cf-000b-470f-acf3-237565fed7c9
UVM-4407,quercus-bicolor,44.471696,-73.194285,"Mapped in UVM's ArcGIS tree layer, 2023–24",athletic,,,,c0ef50a5-43ed-40a2-89ef-617825595412
UVM-4408,quercus-bicolor,44.471755,-73.194297,"Mapped in UVM's ArcGIS tree layer, 2023–24",athletic,,,,2886b353-a517-4006-9b6f-1de025c9c9dd
UVM-2394,malus-sp,44.471744,-73.194203,"Mapped in UVM's ArcGIS tree layer, 2023–24",athletic,,,,5949ab77-deff-44ab-8562-721ade89ee94
UVM-2393,malus-sp,44.471672,-73.194198,"Mapped in UVM's ArcGIS tree layer, 2023–24",athletic,,,,d74c2ceb-c9c2-4ec6-8183-83f6eb54e1c8
UVM-4409,betula-nigra,44.471526,-73.194140,"Mapped in UVM's ArcGIS tree layer, 2023–24",athletic,,,,de2b7f9b-1503-4d39-b625-7d77d418d254
UVM-2435,malus-sp,44.471090,-73.194133,"Mapped in UVM's ArcGIS tree layer, 2023–24",athletic,,,,5204e3ce-8734-4e36-9eea-46d04189b6a7
UVM-2434,malus-sp,44.471035,-73.194138,"Mapped in UVM's ArcGIS tree layer, 2023–24",athletic,,,,fa7c8a70-d0ea-4da6-bf3c-0c6b2bf77cf2
UVM-2433,malus-sp,44.471041,-73.194046,"Mapped in UVM's ArcGIS tree layer, 2023–24",athletic,,,,201080d3-81af-4b11-b965-6dcc4227286f
UVM-4410,malus-sp,44.471239,-73.193942,"Mapped in UVM's ArcGIS tree layer, 2023–24",athletic,,,,bbce150d-d7c5-463f-b5b5-c235c0e5c6b4
UVM-4411,malus-sp,44.471254,-73.193894,"Mapped in UVM's ArcGIS tree layer, 2023–24",athletic,,,,01fe2cca-86c6-43d0-ad17-cb474b973793
UVM-4412,malus-sp,44.471218,-73.193889,"Mapped in UVM's ArcGIS tree layer, 2023–24",athletic,,,,187a2f1f-ae6c-488d-bea6-ed979a5a1523
UVM-3314,platanus-occidentalis,44.471201,-73.193788,"Mapped in UVM's ArcGIS tree layer, 2023–24",athletic,,,,7beec098-76db-4569-aca6-7d676a1e4498
UVM-2431,carpinus-caroliniana,44.471181,-73.193726,"Mapped in UVM's ArcGIS tree layer, 2023–24",athletic,,,,ddcc2eaa-a09a-4435-98ef-6248db6c9b47
UVM-2430,carpinus-caroliniana,44.471234,-73.193725,"Mapped in UVM's ArcGIS tree layer, 2023–24",athletic,,,,904de0c7-3800-43c5-9981-904ea6588549
UVM-2375,fraxinus-sp,44.471334,-73.194513,"Mapped in UVM's ArcGIS tree layer, 2023–24",athletic,,,,ac3a8835-fe44-4a62-b8d5-a53a11c5ef2e
UVM-4413,fraxinus-sp,44.471395,-73.194490,"Mapped in UVM's ArcGIS tree layer, 2023–24",athletic,,,,ff9d729a-bb29-4552-8451-195cb2d5b720
UVM-2370,fraxinus-sp,44.471820,-73.194587,"Mapped in UVM's ArcGIS tree layer, 2023–24",athletic,,,,f5a1ef22-a725-4b7c-93f6-73f13b72bd50
UVM-2371,fraxinus-sp,44.471780,-73.194575,"Mapped in UVM's ArcGIS tree layer, 2023–24",athletic,,,,499423f2-89a7-41b7-97fe-fb6db2d8a1f9
UVM-2372,fraxinus-sp,44.471729,-73.194567,"Mapped in UVM's ArcGIS tree layer, 2023–24",athletic,,,,98b7a0f5-dc5a-4df6-b736-324b1a6eacb0
UVM-3330,fraxinus-sp,44.471510,-73.194504,"Mapped in UVM's ArcGIS tree layer, 2023–24",athletic,,,,ff968521-0bfa-4d42-b0a2-3062697aa497
UVM-2381,fraxinus-sp,44.471543,-73.194821,"Mapped in UVM's ArcGIS tree layer, 2023–24",athletic,,,,07574092-9bd9-4e79-ac24-9db520407368
UVM-2382,fraxinus-sp,44.471594,-73.194836,"Mapped in UVM's ArcGIS tree layer, 2023–24",athletic,,,,4f45063b-382e-45ff-8eb8-2424bf6c0382
UVM-3331,fraxinus-sp,44.471797,-73.194885,"Mapped in UVM's ArcGIS tree layer, 2023–24",athletic,,,,3d770132-41f9-43b2-b7b2-ee171ccb3e46
UVM-3329,fraxinus-sp,44.472064,-73.194620,"Mapped in UVM's ArcGIS tree layer, 2023–24",athletic,,,,2e92eff2-94ef-4fdf-99be-75e78ea3b8bd
UVM-3328,fraxinus-sp,44.472329,-73.194674,"Mapped in UVM's ArcGIS tree layer, 2023–24",athletic,,,,097dddbe-46d8-4599-af83-c4d80a251708
UVM-4414,salix-matsudana-tortuosa,44.472311,-73.194955,"Mapped in UVM's ArcGIS tree layer, 2023–24",athletic,,,,4d9f519b-a472-4bd2-a609-832b06064482
UVM-3327,fraxinus-sp,44.472436,-73.194697,"Mapped in UVM's ArcGIS tree layer, 2023–24",athletic,,,,c6a43192-ab17-40eb-a468-8a2bdfef2ac9
UVM-2365,fraxinus-sp,44.472478,-73.194695,"Mapped in UVM's ArcGIS tree layer, 2023–24",athletic,,,,7a16ead2-c33b-4f36-b0b5-281f2fc8ed4a
UVM-3326,fraxinus-sp,44.472604,-73.194714,"Mapped in UVM's ArcGIS tree layer, 2023–24",athletic,,,,0d8d2952-bb8a-4a5e-88da-f929b772f054
UVM-3325,fraxinus-sp,44.472678,-73.194757,"Mapped in UVM's ArcGIS tree layer, 2023–24",athletic,,,,9ba2a420-cf8e-41bd-b6e2-49709b19de29
UVM-3324,fraxinus-sp,44.472739,-73.194820,"Mapped in UVM's ArcGIS tree layer, 2023–24",athletic,,,,855cfacf-e926-415a-84bd-17a1017189e4
UVM-3323,fraxinus-sp,44.472737,-73.194908,"Mapped in UVM's ArcGIS tree layer, 2023–24",athletic,,,,deb5f10f-2535-4066-8c71-186a367f38d2
UVM-3335,fraxinus-sp,44.472713,-73.194982,"Mapped in UVM's ArcGIS tree layer, 2023–24",athletic,,,,311006f3-5727-4ed4-8b7f-6a4238eacd7d
UVM-3338,fraxinus-sp,44.472712,-73.195185,"Mapped in UVM's ArcGIS tree layer, 2023–24",athletic,,,,9c9c118e-21cc-4f8f-beaa-1065de4d010c
UVM-1493,liriodendron-tulipifera,44.472694,-73.195218,"Mapped in UVM's ArcGIS tree layer, 2023–24",athletic,,,,ec86e395-3342-4295-8f26-8e5ce8cd322e
UVM-1492,carpinus-caroliniana,44.472738,-73.195303,"Mapped in UVM's ArcGIS tree layer, 2023–24",athletic,,,,fe993196-0cb0-4e33-b3ac-1280bc301a78
UVM-1491,carpinus-caroliniana,44.472732,-73.195328,"Mapped in UVM's ArcGIS tree layer, 2023–24",athletic,,,,07420d9d-175e-432b-82bc-db11e3b84f1c
UVM-1490,carpinus-caroliniana,44.472719,-73.195408,"Mapped in UVM's ArcGIS tree layer, 2023–24",athletic,,,,4016e4df-5b32-4b2e-acc3-7ea99d5a106f
UVM-1495,carpinus-caroliniana,44.472667,-73.195320,"Mapped in UVM's ArcGIS tree layer, 2023–24",athletic,,,,0eedac58-038a-4d7a-8f72-17f63e40fb6d
UVM-1489,carpinus-caroliniana,44.472668,-73.195400,"Mapped in UVM's ArcGIS tree layer, 2023–24",athletic,,,,fe3ac2ce-4a85-4870-9e85-e37c94244d8d
UVM-4415,cornus-alternifolia,44.472654,-73.195444,"Mapped in UVM's ArcGIS tree layer, 2023–24",athletic,,,,79b7f9b4-62dc-49f1-b014-3e88a4558a11
UVM-1488,carpinus-caroliniana,44.472623,-73.195302,"Mapped in UVM's ArcGIS tree layer, 2023–24",athletic,,,,492e3c3d-bc21-49e2-ae26-bc9c311eb5cd
UVM-2359,fraxinus-sp,44.472674,-73.195022,"Mapped in UVM's ArcGIS tree layer, 2023–24",athletic,,,,793b3472-7097-4234-a9f6-b84e7fbeb63e
UVM-3334,fraxinus-sp,44.472571,-73.195028,"Mapped in UVM's ArcGIS tree layer, 2023–24",athletic,,,,62ba0dae-e5ac-4ce9-8cca-aff11d754dde
UVM-2357,fraxinus-sp,44.472511,-73.195022,"Mapped in UVM's ArcGIS tree layer, 2023–24",athletic,,,,48c7cb91-e13f-4597-9ca2-01b6a7a16e62
UVM-1487,fraxinus-sp,44.472501,-73.195158,"Mapped in UVM's ArcGIS tree layer, 2023–24",athletic,,,,6ebe34d0-63e5-4592-a595-683cbf8d0c39
UVM-1486,fraxinus-sp,44.472444,-73.195143,"Mapped in UVM's ArcGIS tree layer, 2023–24",athletic,,,,58966d73-8fea-49ba-9395-0cd7ce4070d9
UVM-1485,betula-papyrifera,44.472397,-73.195183,"Mapped in UVM's ArcGIS tree layer, 2023–24",athletic,,,,63824202-621d-49c8-84ec-bcec0515de52
UVM-4416,amelanchier-sp,44.472384,-73.195219,"Mapped in UVM's ArcGIS tree layer, 2023–24",athletic,,,,715636f0-b9d2-4637-a537-685514ed2fc2
UVM-1484,betula-papyrifera,44.472392,-73.195241,"Mapped in UVM's ArcGIS tree layer, 2023–24",athletic,,,,9a4bc704-38ab-4651-9c7d-4e439467d60e
UVM-4417,amelanchier-sp,44.472397,-73.195280,"Mapped in UVM's ArcGIS tree layer, 2023–24",athletic,,,,9b905b80-5fe2-4fea-8580-c8e1064b2e6a
UVM-1483,betula-papyrifera,44.472380,-73.195315,"Mapped in UVM's ArcGIS tree layer, 2023–24",athletic,,,,4cb2157b-c8ac-458d-92c6-3828cf402c68
UVM-4418,amelanchier-sp,44.472387,-73.195357,"Mapped in UVM's ArcGIS tree layer, 2023–24",athletic,,,,f3df20af-f3ac-45aa-9628-fcffc99107b7
UVM-4419,amelanchier-sp,44.472365,-73.195361,"Mapped in UVM's ArcGIS tree layer, 2023–24",athletic,,,,cba9ec4c-2ceb-41d0-9fb8-d19984fa2976
UVM-4420,amelanchier-sp,44.472353,-73.195381,"Mapped in UVM's ArcGIS tree layer, 2023–24",athletic,,,,d1cd869a-de6d-4061-b1c1-a4d6561dee6e
UVM-1482,betula-papyrifera,44.472359,-73.195544,"Mapped in UVM's ArcGIS tree layer, 2023–24",athletic,,,,bc4a6df6-4645-43df-8594-c318c13767e3
UVM-1481,betula-papyrifera,44.472331,-73.195580,"Mapped in UVM's ArcGIS tree layer, 2023–24",athletic,,,,d8e28e10-a37e-472f-8c30-73826efcb412
UVM-4421,amelanchier-sp,44.472306,-73.195615,"Mapped in UVM's ArcGIS tree layer, 2023–24",athletic,,,,bdf569cd-1d2b-4f6a-9c04-47112817e573
UVM-1480,betula-papyrifera,44.472327,-73.195660,"Mapped in UVM's ArcGIS tree layer, 2023–24",athletic,,,,1bf80754-49a2-43d1-a488-1f6aba9a0db2
UVM-1479,betula-papyrifera,44.472304,-73.195925,"Mapped in UVM's ArcGIS tree layer, 2023–24",athletic,,,,25e144ae-f2b4-4fd3-a178-5aabb61a7f8c
UVM-4422,amelanchier-sp,44.472275,-73.195918,"Mapped in UVM's ArcGIS tree layer, 2023–24",athletic,,,,93c4ff35-4848-49d1-9601-c52f5846d10b
UVM-4423,betula-papyrifera,44.472320,-73.195966,"Mapped in UVM's ArcGIS tree layer, 2023–24",athletic,,,,7864d6ed-1db8-4dda-85ea-4db2d7bd3c71
UVM-1477,betula-papyrifera,44.472310,-73.196001,"Mapped in UVM's ArcGIS tree layer, 2023–24",athletic,,,,4dd55aab-1352-4654-8621-b3ce9b596870
UVM-4424,amelanchier-sp,44.472291,-73.196043,"Mapped in UVM's ArcGIS tree layer, 2023–24",athletic,,,,7cd277fb-4660-420f-881f-a9a4454cd2bb
UVM-4425,amelanchier-sp,44.472308,-73.196059,"Mapped in UVM's ArcGIS tree layer, 2023–24",athletic,,,,7f61ec6c-e8a3-4212-8f1e-ab51480364ea
UVM-4426,amelanchier-sp,44.472346,-73.196004,"Mapped in UVM's ArcGIS tree layer, 2023–24",athletic,,,,2ec8b63f-7465-4ec3-b769-944a7202f9cd
UVM-4427,juglans-nigra,44.472354,-73.195946,"Mapped in UVM's ArcGIS tree layer, 2023–24",athletic,,,,24e535d8-432b-41a2-9db3-e7445e15df10
UVM-3351,betula-nigra,44.472291,-73.196155,"Mapped in UVM's ArcGIS tree layer, 2023–24",athletic,,,,7608d6e1-7f14-4298-ade7-2326623ecf8b
UVM-4428,amelanchier-sp,44.472279,-73.196207,"Mapped in UVM's ArcGIS tree layer, 2023–24",athletic,,,,51a53724-c2bc-47cd-9591-61727f160bf8
UVM-4429,amelanchier-sp,44.472274,-73.196237,"Mapped in UVM's ArcGIS tree layer, 2023–24",athletic,,,,a071b7b5-bfbb-424f-a518-8c5b3df6876a
UVM-4430,amelanchier-sp,44.472272,-73.196269,"Mapped in UVM's ArcGIS tree layer, 2023–24",athletic,,,,d3d3f788-fdb4-48a3-9f3a-2a1ce39147c8
UVM-4431,amelanchier-sp,44.472253,-73.196250,"Mapped in UVM's ArcGIS tree layer, 2023–24",athletic,,,,51662852-1b3c-41f2-bda6-667559d2a8b4
UVM-4432,chionanthus-virginicus,44.472256,-73.196297,"Mapped in UVM's ArcGIS tree layer, 2023–24",athletic,,,,37233b45-30af-4d50-8ef0-28393c40e577
UVM-3350,picea-abies,44.472352,-73.196356,"Mapped in UVM's ArcGIS tree layer, 2023–24",athletic,,,,bd92f922-df08-4422-a4e2-10532b1a42c7
UVM-4433,carpinus-betulus,44.472297,-73.196440,"Mapped in UVM's ArcGIS tree layer, 2023–24",athletic,,,,4147bf4f-642c-45b6-a0b7-8bc3fd9b2eff
UVM-3352,quercus-rubra,44.472363,-73.196516,"Mapped in UVM's ArcGIS tree layer, 2023–24",athletic,,,,2992ef01-3773-4f3f-b06e-5304d6b107f2
UVM-1471,quercus-rubra,44.472421,-73.196519,"Mapped in UVM's ArcGIS tree layer, 2023–24",athletic,,,,350ffb29-0f11-41ff-a50a-a3ab7b672493
UVM-4434,quercus-rubra,44.472474,-73.196513,"Mapped in UVM's ArcGIS tree layer, 2023–24",athletic,,,,62506dc7-f727-40c1-b456-a18dd2a19e88
UVM-1469,quercus-rubra,44.472515,-73.196522,"Mapped in UVM's ArcGIS tree layer, 2023–24",athletic,,,,a5c12070-5349-4b99-92d5-baf83f6bdcf6
UVM-4435,amelanchier-sp,44.472427,-73.196243,"Mapped in UVM's ArcGIS tree layer, 2023–24",athletic,,,,7b13cb60-3234-46ce-827c-5a743f879eac
UVM-4436,amelanchier-sp,44.472446,-73.196193,"Mapped in UVM's ArcGIS tree layer, 2023–24",athletic,,,,674e9074-9d9f-487c-9748-a5fec3a240d4
UVM-1474,acer-x-freemanii,44.472407,-73.196169,"Mapped in UVM's ArcGIS tree layer, 2023–24",athletic,,,,14362ebc-dc07-4a6e-93d0-f24725b0157d
UVM-1475,acer-x-freemanii,44.472408,-73.196120,"Mapped in UVM's ArcGIS tree layer, 2023–24",athletic,,,,ca6c1b97-1595-4d6a-b059-61bb5a021534
UVM-4437,amelanchier-sp,44.472655,-73.196447,"Mapped in UVM's ArcGIS tree layer, 2023–24",athletic,,,,2b63e1e6-d7d5-4157-bba5-4660bf75f5a0
UVM-4438,amelanchier-sp,44.472696,-73.196418,"Mapped in UVM's ArcGIS tree layer, 2023–24",athletic,,,,c03da7f2-509e-485b-bea1-d64c2b540146
UVM-1468,taxodium-distichum,44.472813,-73.196308,"Mapped in UVM's ArcGIS tree layer, 2023–24",athletic,,,,f4e97fc6-c9a0-49a8-b880-1104bcb16697
UVM-1467,taxodium-distichum,44.472841,-73.196288,"Mapped in UVM's ArcGIS tree layer, 2023–24",athletic,,,,7002532f-21bb-4e22-8efd-9389da0dd7f0
UVM-3353,taxodium-distichum,44.472805,-73.196433,"Mapped in UVM's ArcGIS tree layer, 2023–24",athletic,,,,80a6664f-de96-45c5-98c4-77b7fcffcf60
UVM-4439,pinus-strobus,44.472774,-73.196452,"Mapped in UVM's ArcGIS tree layer, 2023–24",athletic,,,,469c9b76-5895-4ddb-b49d-4f58176d4816
UVM-1465,quercus-rubra,44.472728,-73.196486,"Mapped in UVM's ArcGIS tree layer, 2023–24",athletic,,,,e5533fc1-740b-4c57-af76-5b4dea64b5b5
UVM-1466,quercus-bicolor,44.472671,-73.196504,"Mapped in UVM's ArcGIS tree layer, 2023–24",athletic,,,,0c02e176-95cf-4c8e-af28-3609a89a20e3
UVM-1461,quercus-macrocarpa,44.472854,-73.196447,"Mapped in UVM's ArcGIS tree layer, 2023–24",athletic,,,,23c9d2c4-a949-422f-9dca-324ad566a14d
UVM-1460,quercus-rubra,44.472917,-73.196431,"Mapped in UVM's ArcGIS tree layer, 2023–24",athletic,,,,7d6bb60e-f2e1-4563-8acc-b861d61aae50
UVM-4440,quercus-rubra,44.472966,-73.196414,"Mapped in UVM's ArcGIS tree layer, 2023–24",athletic,,,,c45d75f6-986e-4439-a127-321a76595ca6
UVM-1458,quercus-bicolor,44.473026,-73.196369,"Mapped in UVM's ArcGIS tree layer, 2023–24",athletic,,,,e27b305e-4620-49a8-ae9f-959fd54eba10
UVM-1456,quercus-macrocarpa,44.473082,-73.196341,"Mapped in UVM's ArcGIS tree layer, 2023–24",athletic,,,,8eb0287b-998a-464e-b9ca-290865a7debb
UVM-1455,quercus-rubra,44.473298,-73.196175,"Mapped in UVM's ArcGIS tree layer, 2023–24",athletic,,,,2a8c372f-1590-42fa-9b25-35a3873e9a9c
UVM-1454,quercus-rubra,44.473347,-73.196136,"Mapped in UVM's ArcGIS tree layer, 2023–24",athletic,,,,5e9625b2-7277-469d-8b23-8b730343a018
UVM-1453,quercus-rubra,44.473413,-73.196072,"Mapped in UVM's ArcGIS tree layer, 2023–24",athletic,,,,20376b8b-5bf4-445c-8c1a-60d405fc57b4
UVM-2304,fraxinus-sp,44.473300,-73.196019,"Mapped in UVM's ArcGIS tree layer, 2023–24",athletic,,,,7ce16c26-c853-46bc-a645-0a21a9659a11
UVM-2305,fraxinus-sp,44.473316,-73.195863,"Mapped in UVM's ArcGIS tree layer, 2023–24",athletic,,,,2469e1cd-be31-40ec-90a7-fd1e887197b8
UVM-2313,quercus-bicolor,44.472085,-73.196471,"Mapped in UVM's ArcGIS tree layer, 2023–24",athletic,,,,cc415ec8-e6a6-4406-92b6-db2be1256d75
UVM-2314,quercus-macrocarpa,44.472014,-73.196453,"Mapped in UVM's ArcGIS tree layer, 2023–24",athletic,,,,af87f4b7-9dff-4f95-ba1a-f5dddfe30e43
UVM-2315,quercus-rubra,44.471972,-73.196451,"Mapped in UVM's ArcGIS tree layer, 2023–24",athletic,,,,cbe41635-b795-4ff9-8d88-4af3f8fa8f36
UVM-2316,quercus-rubra,44.471915,-73.196420,"Mapped in UVM's ArcGIS tree layer, 2023–24",athletic,,,,5b8c56f4-0d8d-4db3-b79d-7cccc1d46e12
UVM-2310,quercus-macrocarpa,44.472023,-73.196320,"Mapped in UVM's ArcGIS tree layer, 2023–24",athletic,,,,56cef254-0c3f-4817-986e-2ac399955583
UVM-2311,quercus-macrocarpa,44.472049,-73.196363,"Mapped in UVM's ArcGIS tree layer, 2023–24",athletic,,,,96f786d5-22c9-48be-a11e-fd127b593c0f
UVM-2312,quercus-bicolor,44.472081,-73.196365,"Mapped in UVM's ArcGIS tree layer, 2023–24",athletic,,,,dfce01a1-66d6-4589-a16f-f1908954170b
UVM-4441,amelanchier-sp,44.472091,-73.196318,"Mapped in UVM's ArcGIS tree layer, 2023–24",athletic,,,,b5797a6f-4d58-4480-a276-9cbd2d67c48f
UVM-4442,amelanchier-sp,44.472119,-73.196276,"Mapped in UVM's ArcGIS tree layer, 2023–24",athletic,,,,1b7df9ff-278e-492f-8dd5-c39d5d9e08c6
UVM-4443,amelanchier-sp,44.472106,-73.196227,"Mapped in UVM's ArcGIS tree layer, 2023–24",athletic,,,,52173fcb-aa67-467d-bb75-78ab952930f6
UVM-4444,amelanchier-sp,44.472110,-73.196150,"Mapped in UVM's ArcGIS tree layer, 2023–24",athletic,,,,ea8c5e53-b9f5-467a-831e-8fe9ec5a4f98
UVM-4445,amelanchier-sp,44.472113,-73.196128,"Mapped in UVM's ArcGIS tree layer, 2023–24",athletic,,,,d6796da4-3959-404e-8182-50f1191c90bf
UVM-4446,amelanchier-sp,44.472158,-73.196062,"Mapped in UVM's ArcGIS tree layer, 2023–24",athletic,,,,a210b48a-2746-431c-a41d-db27eec426d8
UVM-4447,amelanchier-sp,44.472112,-73.196058,"Mapped in UVM's ArcGIS tree layer, 2023–24",athletic,,,,041002e4-4ba0-48f0-a2fe-dc2e46a9c8a7
UVM-4448,amelanchier-sp,44.472113,-73.196009,"Mapped in UVM's ArcGIS tree layer, 2023–24",athletic,,,,2c08d89b-6661-40c3-a512-23dc806a72cc
UVM-2309,betula-papyrifera,44.472149,-73.195997,"Mapped in UVM's ArcGIS tree layer, 2023–24",athletic,,,,8404f4f1-a2a8-49cc-8d13-a256166120fd
UVM-4449,amelanchier-sp,44.472148,-73.195928,"Mapped in UVM's ArcGIS tree layer, 2023–24",athletic,,,,c6686fe4-c134-4e21-abef-611caaadfd85
UVM-4450,amelanchier-sp,44.472166,-73.195887,"Mapped in UVM's ArcGIS tree layer, 2023–24",athletic,,,,bbba1643-64bb-41e8-85dd-2f21ba8d23b7
UVM-3339,fraxinus-sp,44.472125,-73.195075,"Mapped in UVM's ArcGIS tree layer, 2023–24",athletic,,,,34be26c5-b61b-47d4-9431-ac3cafd03a7a
UVM-2386,fraxinus-sp,44.472137,-73.194952,"Mapped in UVM's ArcGIS tree layer, 2023–24",athletic,,,,947fac9b-44ac-4b08-8299-142c8d7b632e
UVM-2385,fraxinus-sp,44.472081,-73.194937,"Mapped in UVM's ArcGIS tree layer, 2023–24",athletic,,,,730d3057-6e85-40b2-aa97-7c7ff2ac38be
UVM-2384,fraxinus-sp,44.472006,-73.194924,"Mapped in UVM's ArcGIS tree layer, 2023–24",athletic,,,,e0aa24be-eef2-4d85-9e46-55fc9d36288c
UVM-3340,fraxinus-sp,44.472069,-73.195073,"Mapped in UVM's ArcGIS tree layer, 2023–24",athletic,,,,10d1820f-0a06-4133-b8a6-8900742910dd
UVM-3341,fraxinus-sp,44.472002,-73.195071,"Mapped in UVM's ArcGIS tree layer, 2023–24",athletic,,,,141f9ab2-86bb-448f-b688-13234a5a7e64
UVM-4451,hamamelis-virginiana,44.472017,-73.195251,"Mapped in UVM's ArcGIS tree layer, 2023–24",athletic,,,,044b2414-76c5-417b-98ff-073a75a463a5
UVM-4452,hamamelis-virginiana,44.472041,-73.195214,"Mapped in UVM's ArcGIS tree layer, 2023–24",athletic,,,,41dfa8f5-c189-4193-b34e-02cf62e6bca8
UVM-4453,cercis-canadensis,44.472041,-73.195302,"Mapped in UVM's ArcGIS tree layer, 2023–24",athletic,,,,4dc364a0-cf47-4cfe-8fa7-30bd328ed57f
UVM-4454,juglans-nigra,44.472005,-73.195289,"Mapped in UVM's ArcGIS tree layer, 2023–24",athletic,,,,3913e979-cbcf-4157-ac09-078562d770c6
UVM-4455,cercis-canadensis,44.471984,-73.195258,"Mapped in UVM's ArcGIS tree layer, 2023–24",athletic,,,,8a778bfd-a51d-4109-88ca-681223692596
UVM-4456,cercis-canadensis,44.471948,-73.195251,"Mapped in UVM's ArcGIS tree layer, 2023–24",athletic,,,,f25c887e-e935-4756-a894-9c8b9bbc2218
UVM-4457,cercis-canadensis,44.471925,-73.195247,"Mapped in UVM's ArcGIS tree layer, 2023–24",athletic,,,,b21ca981-3a64-485d-8b15-e9f29e6d41e7
UVM-4458,cercis-canadensis,44.471942,-73.195217,"Mapped in UVM's ArcGIS tree layer, 2023–24",athletic,,,,1673b4e5-28f0-48b5-8842-54719c168a09
UVM-4459,cercis-canadensis,44.471928,-73.195187,"Mapped in UVM's ArcGIS tree layer, 2023–24",athletic,,,,2d2372fd-814d-41da-bf19-6797cb675565
UVM-2352,carpinus-caroliniana,44.471957,-73.195194,"Mapped in UVM's ArcGIS tree layer, 2023–24",athletic,,,,24c1704e-9c75-4357-95a8-ace48b861dbf
UVM-2353,ginkgo-biloba,44.471982,-73.195199,"Mapped in UVM's ArcGIS tree layer, 2023–24",athletic,,,,e662a728-d932-416e-80ad-fbd9d84691e2
UVM-2351,ginkgo-biloba,44.471950,-73.195168,"Mapped in UVM's ArcGIS tree layer, 2023–24",athletic,,,,bb5f2ad8-a92b-4354-b830-b6a83345b7e4
UVM-3332,fraxinus-sp,44.471427,-73.194807,"Mapped in UVM's ArcGIS tree layer, 2023–24",athletic,,,,b94a3501-c056-439a-a3e7-fbff737d5e5f
UVM-2379,fraxinus-sp,44.471325,-73.194771,"Mapped in UVM's ArcGIS tree layer, 2023–24",athletic,,,,4b4f1bcf-6de2-45bd-b706-cf7b916f1bca
UVM-3333,fraxinus-sp,44.471285,-73.194703,"Mapped in UVM's ArcGIS tree layer, 2023–24",athletic,,,,96300614-ef08-444e-9f02-45874e39c186
UVM-2377,fraxinus-sp,44.471275,-73.194640,"Mapped in UVM's ArcGIS tree layer, 2023–24",athletic,,,,a28d18f3-00fd-48d5-91e3-1a2bfb71cb84
UVM-2376,fraxinus-sp,44.471306,-73.194554,"Mapped in UVM's ArcGIS tree layer, 2023–24",athletic,,,,ce573a85-79bf-439e-8837-b66ec3c831ad
UVM-2320,quercus-rubra,44.471617,-73.196219,"Mapped in UVM's ArcGIS tree layer, 2023–24",athletic,,,,8fe0bd7f-ea01-4e9d-a443-29c75fe2cfbd
UVM-2321,quercus-rubra,44.471553,-73.196166,"Mapped in UVM's ArcGIS tree layer, 2023–24",athletic,,,,b39217da-c0bc-4e55-af8d-56376784ed39
UVM-2322,quercus-macrocarpa,44.471465,-73.196109,"Mapped in UVM's ArcGIS tree layer, 2023–24",athletic,,,,6a11acd6-8b32-4b85-a0a6-34a447eea4c8
UVM-1294,fagus-grandifolia,44.471782,-73.195837,"Mapped in UVM's ArcGIS tree layer, 2023–24",athletic,,,,c579e5c0-673c-49bf-825f-4420cd8ec470
UVM-1293,corylus-colurna,44.471779,-73.195768,"Mapped in UVM's ArcGIS tree layer, 2023–24",athletic,,,,5ef9a770-5caa-488e-9a7b-85ca00a3093f
UVM-4460,fagus-grandifolia,44.471922,-73.195777,"Mapped in UVM's ArcGIS tree layer, 2023–24",athletic,,,,fbc8db42-84bf-455b-8b7b-7e3db3f25ca9
UVM-1300,betula-nigra,44.471985,-73.195536,"Mapped in UVM's ArcGIS tree layer, 2023–24",athletic,,,,26cf7e8f-8b2d-4846-9d03-b2289779aa6f
UVM-2387,betula-nigra,44.471940,-73.195544,"Mapped in UVM's ArcGIS tree layer, 2023–24",athletic,,,,325104cc-af1b-49d7-b9ec-a7070a2e5348
UVM-2388,betula-nigra,44.471914,-73.195525,"Mapped in UVM's ArcGIS tree layer, 2023–24",athletic,,,,2a15c2ca-ef62-4d20-8b94-f11b7ca0be19
UVM-2323,quercus-macrocarpa,44.471234,-73.195980,"Mapped in UVM's ArcGIS tree layer, 2023–24",athletic,,,,d5d13ba9-ba9b-43cb-9f05-a50a18b31631
UVM-2324,quercus-macrocarpa,44.471192,-73.195960,"Mapped in UVM's ArcGIS tree layer, 2023–24",athletic,,,,b07d1fdf-1ff1-4c31-b686-aaafcadd28d0
UVM-2325,quercus-rubra,44.471137,-73.195935,"Mapped in UVM's ArcGIS tree layer, 2023–24",athletic,,,,0c0e5b6b-c4c3-4582-ac7f-3a75162677e6
UVM-2326,quercus-rubra,44.471078,-73.195913,"Mapped in UVM's ArcGIS tree layer, 2023–24",athletic,,,,ab128765-a977-47b4-87d5-c9769fe88e2a
UVM-4461,malus-sp,44.471090,-73.195807,"Mapped in UVM's ArcGIS tree layer, 2023–24",athletic,,,,1b71935d-3817-45f2-ace9-4aa41bcf0615
UVM-2327,quercus-rubra,44.470985,-73.195849,"Mapped in UVM's ArcGIS tree layer, 2023–24",athletic,,,,3126c87a-6e6b-49da-8ae3-3211f7ec5c06
UVM-2328,acer-saccharum,44.471016,-73.195647,"Mapped in UVM's ArcGIS tree layer, 2023–24",athletic,,,,2c45d2ca-778c-495d-95b5-802784072006
UVM-2329,acer-saccharum,44.471015,-73.195581,"Mapped in UVM's ArcGIS tree layer, 2023–24",athletic,,,,1ddeacd9-cd15-4620-9567-1d344fbfa07d
UVM-4462,amelanchier-sp,44.471061,-73.195569,"Mapped in UVM's ArcGIS tree layer, 2023–24",athletic,,,,03aa33f1-d6d6-4eab-909c-e3e0568f869d
UVM-2331,acer-saccharum,44.471106,-73.195622,"Mapped in UVM's ArcGIS tree layer, 2023–24",athletic,,,,8739570d-7c08-4d48-9137-cbe18231b305
UVM-2330,acer-saccharum,44.471124,-73.195590,"Mapped in UVM's ArcGIS tree layer, 2023–24",athletic,,,,ddb827ff-8514-4c5f-aa7b-5d3b8d5713e6
UVM-2335,fagus-grandifolia,44.471414,-73.195745,"Mapped in UVM's ArcGIS tree layer, 2023–24",athletic,,,,61ebe2b6-d30c-4f6d-bf4e-ec4729eeca72
UVM-4463,acer-saccharum,44.471434,-73.195632,"Mapped in UVM's ArcGIS tree layer, 2023–24",athletic,,,,0960a995-4554-497b-8c00-ca6a7c010169
UVM-4464,acer-saccharum,44.471355,-73.195600,"Mapped in UVM's ArcGIS tree layer, 2023–24",athletic,,,,b03bf8fe-22fd-4a2a-b94d-df56767b858b
UVM-3349,acer-saccharum,44.471410,-73.195525,"Mapped in UVM's ArcGIS tree layer, 2023–24",athletic,,,,3ceef083-6c52-4a9d-948d-0670f0bde47a
UVM-3348,tilia-americana,44.471478,-73.195473,"Mapped in UVM's ArcGIS tree layer, 2023–24",athletic,,,,961b92f8-705b-48ea-aaa6-104c78fa2670
UVM-2338,tilia-americana,44.471512,-73.195468,"Mapped in UVM's ArcGIS tree layer, 2023–24",athletic,,,,f39450ff-9c76-4871-a981-6b21a76693d7
UVM-4465,amelanchier-sp,44.471543,-73.195436,"Mapped in UVM's ArcGIS tree layer, 2023–24",athletic,,,,2d19117a-8f3d-469b-af06-5ff6cf093588
UVM-4466,amelanchier-sp,44.471538,-73.195394,"Mapped in UVM's ArcGIS tree layer, 2023–24",athletic,,,,5dae69c5-9214-47dd-879e-38e0663bd25e
UVM-3347,quercus-bicolor,44.471477,-73.195270,"Mapped in UVM's ArcGIS tree layer, 2023–24",athletic,,,,c92504f4-85c5-464a-a9fb-51254c3eec0d
UVM-3345,betula-nigra,44.471590,-73.195330,"Mapped in UVM's ArcGIS tree layer, 2023–24",athletic,,,,9c67ef33-a149-4232-84c6-2d59cb80a98d
UVM-2340,betula-nigra,44.471609,-73.195298,"Mapped in UVM's ArcGIS tree layer, 2023–24",athletic,,,,899d46b0-9992-45e7-8fdc-83423d3a8bba
UVM-3346,betula-nigra,44.471652,-73.195240,"Mapped in UVM's ArcGIS tree layer, 2023–24",athletic,,,,9ed9d088-509b-4c57-b01a-92b17d206c56
UVM-2342,quercus-bicolor,44.471571,-73.195117,"Mapped in UVM's ArcGIS tree layer, 2023–24",athletic,,,,941e4891-7bf0-45d9-85b9-0ad56b432755
UVM-4467,amelanchier-sp,44.471608,-73.195081,"Mapped in UVM's ArcGIS tree layer, 2023–24",athletic,,,,eb7ce995-61ad-420b-9b26-ad20f6e2dd2b
UVM-2343,quercus-bicolor,44.471557,-73.195036,"Mapped in UVM's ArcGIS tree layer, 2023–24",athletic,,,,b5900759-1c39-40b5-9a1f-cb6a01c2e46a
UVM-4468,amelanchier-sp,44.471571,-73.194989,"Mapped in UVM's ArcGIS tree layer, 2023–24",athletic,,,,fcc7f6f9-d969-4a0d-8f3d-e560cc79f9c9
UVM-2344,fraxinus-sp,44.471464,-73.194970,"Mapped in UVM's ArcGIS tree layer, 2023–24",athletic,,,,3f792c73-b6e9-4a6d-9fc3-8fe8ca38e49f
UVM-3342,fraxinus-sp,44.471423,-73.194963,"Mapped in UVM's ArcGIS tree layer, 2023–24",athletic,,,,d78ddcf4-ac8e-4743-af3f-2d91ee465700
UVM-3343,betula-nigra,44.471341,-73.194955,"Mapped in UVM's ArcGIS tree layer, 2023–24",athletic,,,,e429d587-87a9-4a43-b0d7-5410d2e3f377
UVM-3344,betula-nigra,44.471287,-73.194963,"Mapped in UVM's ArcGIS tree layer, 2023–24",athletic,,,,8879db6c-016b-4f90-ad29-242a0b66f2b3
UVM-2349,betula-nigra,44.471243,-73.194988,"Mapped in UVM's ArcGIS tree layer, 2023–24",athletic,,,,d3f5bee2-4764-4a9c-91d8-c688b3167645
UVM-2350,betula-nigra,44.471105,-73.194958,"Mapped in UVM's ArcGIS tree layer, 2023–24",athletic,,,,eeca9156-5ecf-4d6e-b53f-9cdb9472ac8d
UVM-2391,betula-nigra,44.471139,-73.194834,"Mapped in UVM's ArcGIS tree layer, 2023–24",athletic,,,,2b779ef5-b82e-444d-b662-df212a5f9130
UVM-2390,betula-nigra,44.471172,-73.194836,"Mapped in UVM's ArcGIS tree layer, 2023–24",athletic,,,,cd934b0a-3001-4933-be1a-37c96f40e153
UVM-2389,betula-nigra,44.471208,-73.194830,"Mapped in UVM's ArcGIS tree layer, 2023–24",athletic,,,,8fbffcd6-b673-4a97-b985-c3643aad0637
UVM-2230,acer-saccharum,44.470905,-73.194646,"Mapped in UVM's ArcGIS tree layer, 2023–24",athletic,,,,fef8ad0e-999b-4f37-a616-aea11a80b7c7
UVM-2237,quercus-bicolor,44.470766,-73.195923,"Mapped in UVM's ArcGIS tree layer, 2023–24",athletic,,,,801c8276-87e5-48e4-8dd8-27d062688b48
UVM-2258,quercus-macrocarpa,44.470728,-73.195921,"Mapped in UVM's ArcGIS tree layer, 2023–24",athletic,,,,697820e9-4264-41a0-81db-067a91d58c8d
UVM-1800,quercus-bicolor,44.470927,-73.196145,"Mapped in UVM's ArcGIS tree layer, 2023–24",redstone,,,,d4320d88-9398-4a7a-a440-0827189977e4
UVM-1799,quercus-rubra,44.470969,-73.196125,"Mapped in UVM's ArcGIS tree layer, 2023–24",redstone,,,,46ed5721-ae1d-4b53-8fd0-06409c72dc21
UVM-4469,quercus-bicolor,44.471023,-73.196139,"Mapped in UVM's ArcGIS tree layer, 2023–24",redstone,,,,26ff1791-d9d2-4d09-9769-d70325e0209a
UVM-1797,quercus-bicolor,44.471086,-73.196137,"Mapped in UVM's ArcGIS tree layer, 2023–24",athletic,,,,b3f6c962-9ca6-4578-bae8-a30c2f417adb
UVM-1798,ulmus-glabra-camperdownii,44.471087,-73.196191,"Mapped in UVM's ArcGIS tree layer, 2023–24",redstone,,,,bf6e3d15-11db-49b5-8213-4d97a885ec67
UVM-4470,quercus-bicolor,44.471074,-73.196242,"Mapped in UVM's ArcGIS tree layer, 2023–24",redstone,,,,7de4d53d-1dd9-41c6-932d-6f45574e26bb
UVM-4471,amelanchier-sp,44.471126,-73.196152,"Mapped in UVM's ArcGIS tree layer, 2023–24",athletic,,,,ce038a0a-2c08-4658-a711-ce5c027efbe2
UVM-1793,amelanchier-sp,44.471173,-73.196176,"Mapped in UVM's ArcGIS tree layer, 2023–24",athletic,,,,0c9727f8-e368-4f7d-a0a2-ff7f5faba0ce
UVM-1791,quercus-bicolor,44.471216,-73.196205,"Mapped in UVM's ArcGIS tree layer, 2023–24",redstone,,,,ceaa54a9-f82f-4bfc-b461-edaa80bd2738
UVM-1792,quercus-bicolor,44.471181,-73.196227,"Mapped in UVM's ArcGIS tree layer, 2023–24",redstone,,,,cf897b01-d803-4841-914a-be8a1cb65373
UVM-1790,quercus-macrocarpa,44.471265,-73.196220,"Mapped in UVM's ArcGIS tree layer, 2023–24",redstone,,,,54649aac-55f5-4e28-8e93-2436851aeb41
UVM-1789,quercus-rubra,44.471305,-73.196245,"Mapped in UVM's ArcGIS tree layer, 2023–24",redstone,,,,aa0fc228-c26d-496d-8744-587a7a029779
UVM-4472,quercus-rubra,44.471354,-73.196270,"Mapped in UVM's ArcGIS tree layer, 2023–24",redstone,,,,e508bb85-f8a9-409f-93dc-d0c5b4572a65
UVM-4473,amelanchier-sp,44.471337,-73.196304,"Mapped in UVM's ArcGIS tree layer, 2023–24",redstone,,,,fbb0d870-a9b5-4c72-a7d5-3acf52132713
UVM-1786,liquidambar-styraciflua,44.471379,-73.196311,"Mapped in UVM's ArcGIS tree layer, 2023–24",redstone,,,,8091b95b-967d-42ca-a99e-b41f4836767a
UVM-4474,amelanchier-sp,44.471453,-73.196350,"Mapped in UVM's ArcGIS tree layer, 2023–24",redstone,,,,25eb4634-ea15-4052-8e3a-09a91ea36510
UVM-4475,amelanchier-sp,44.471491,-73.196384,"Mapped in UVM's ArcGIS tree layer, 2023–24",redstone,,,,f2af8d8b-f33e-4cfb-a2e0-9c25e10e7db9
UVM-4476,quercus-rubra,44.471550,-73.196384,"Mapped in UVM's ArcGIS tree layer, 2023–24",athletic,,,,1214cc0d-8a82-47c1-b6e4-975de86330d0
UVM-1784,quercus-rubra,44.471616,-73.196427,"Mapped in UVM's ArcGIS tree layer, 2023–24",athletic,,,,2a2a6420-8ac0-48fe-8a7b-eac8abf1ea13
UVM-1783,quercus-rubra,44.471823,-73.196604,"Mapped in UVM's ArcGIS tree layer, 2023–24",redstone,,,,4079f180-7313-4cec-8fe2-2823c0179578
UVM-1782,quercus-rubra,44.471872,-73.196631,"Mapped in UVM's ArcGIS tree layer, 2023–24",redstone,,,,508d8741-cda4-4de9-bab2-773fd488a10b
UVM-1781,quercus-rubra,44.471923,-73.196650,"Mapped in UVM's ArcGIS tree layer, 2023–24",redstone,,,,23bc0a76-41b6-4cbc-8c72-a44082f79346
UVM-1780,quercus-bicolor,44.471979,-73.196663,"Mapped in UVM's ArcGIS tree layer, 2023–24",redstone,,,,69204ba6-91de-468b-8d81-ff395822fad5
UVM-1756,quercus-bicolor,44.472086,-73.196730,"Mapped in UVM's ArcGIS tree layer, 2023–24",redstone,,,,26ca90cf-151e-46b0-8551-60c4a559bda6
UVM-1755,quercus-bicolor,44.472112,-73.196759,"Mapped in UVM's ArcGIS tree layer, 2023–24",redstone,,,,4b33a2b0-38aa-464c-a850-32808928585e
UVM-2879,quercus-bicolor,44.472146,-73.196789,"Mapped in UVM's ArcGIS tree layer, 2023–24",redstone,,,,9524da1d-d680-4785-b24f-82bd79b9929f
UVM-4477,chionanthus-virginicus,44.472172,-73.196747,"Mapped in UVM's ArcGIS tree layer, 2023–24",redstone,,,,5812066b-b247-4042-a1fd-c3e289c36b7a
UVM-1753,quercus-bicolor,44.472183,-73.196804,"Mapped in UVM's ArcGIS tree layer, 2023–24",redstone,,,,c6318d50-1893-410b-aa3a-5d979ab87b34
UVM-2878,quercus-bicolor,44.472218,-73.196823,"Mapped in UVM's ArcGIS tree layer, 2023–24",redstone,,,,87c38de5-8dfb-4416-9941-32b9310c11ad
UVM-1752,quercus-bicolor,44.472219,-73.196761,"Mapped in UVM's ArcGIS tree layer, 2023–24",redstone,,,,b98c8d25-b56a-44d3-9826-aa3fb9bd99f4
UVM-4478,chionanthus-virginicus,44.472247,-73.196813,"Mapped in UVM's ArcGIS tree layer, 2023–24",redstone,,,,5b12f45f-9a7a-4b48-b1bb-cc10c9744758
UVM-2877,fraxinus-sp,44.472263,-73.196927,"Mapped in UVM's ArcGIS tree layer, 2023–24",redstone,,,,ad77d829-bf34-49d4-af87-0758fe921563
UVM-2876,fraxinus-sp,44.472297,-73.196925,"Mapped in UVM's ArcGIS tree layer, 2023–24",redstone,,,,3336bf9d-bf82-4417-b29b-e153e2e2892a
UVM-2875,fraxinus-sp,44.472341,-73.196981,"Mapped in UVM's ArcGIS tree layer, 2023–24",redstone,,,,6062430f-3228-4a97-9487-3e7d8e44a425
UVM-2225,acer-rubrum,44.470834,-73.193754,"Mapped in UVM's ArcGIS tree layer, 2023–24",athletic,,,,80cab443-d945-422a-84de-d408655c18df
UVM-2226,malus-sp,44.470715,-73.193833,"Mapped in UVM's ArcGIS tree layer, 2023–24",athletic,,,,892619a9-3324-49ff-87d7-af637dc48461
UVM-2227,malus-sp,44.470709,-73.193957,"Mapped in UVM's ArcGIS tree layer, 2023–24",athletic,,,,ff6fb405-293e-49fb-9f1a-b96f27d24813
UVM-3315,quercus-palustris,44.470802,-73.194116,"Mapped in UVM's ArcGIS tree layer, 2023–24",athletic,,,,abce21f2-1ffd-480b-83aa-087565f72e05
UVM-2232,malus-sp,44.470597,-73.195000,"Mapped in UVM's ArcGIS tree layer, 2023–24",athletic,,,,81743633-b05e-47db-b8cf-8d18118d677d
UVM-2235,quercus-palustris,44.470632,-73.195423,"Mapped in UVM's ArcGIS tree layer, 2023–24",athletic,,,,e5eb5f9c-eb41-46bc-baea-e0e1d2d5fc9e
UVM-2236,malus-sp,44.470599,-73.195696,"Mapped in UVM's ArcGIS tree layer, 2023–24",athletic,,,,b882d39e-58f0-45cb-8446-1e4c8a27c2bd
UVM-4479,ostrya-virginiana,44.470678,-73.196206,"Mapped in UVM's ArcGIS tree layer, 2023–24",redstone,,,,9967648e-cb64-4f4b-8a3f-51fc281b12de
UVM-4480,ostrya-virginiana,44.470635,-73.196205,"Mapped in UVM's ArcGIS tree layer, 2023–24",redstone,,,,dd0741e0-f11f-4e29-a93c-ac5f35908e9f
UVM-1843,ostrya-virginiana,44.470609,-73.196252,"Mapped in UVM's ArcGIS tree layer, 2023–24",redstone,,,,88c84314-7f91-45a1-96c8-85830d751bbc
UVM-1815,acer-platanoides,44.470752,-73.196287,"Mapped in UVM's ArcGIS tree layer, 2023–24",redstone,,,,8639553c-b853-4ba7-83ef-230ed8bd64a9
UVM-1803,acer-x-freemanii,44.470865,-73.196181,"Mapped in UVM's ArcGIS tree layer, 2023–24",redstone,,,,77ac704c-252e-4b5f-a898-5a8b7ec0f9e3
UVM-1804,ostrya-virginiana,44.470861,-73.196289,"Mapped in UVM's ArcGIS tree layer, 2023–24",redstone,,,,1440af69-ba7e-4fc4-b3a4-6b136b69fda3
UVM-1805,tilia-americana,44.470849,-73.196431,"Mapped in UVM's ArcGIS tree layer, 2023–24",redstone,,,,1ec2baa4-78e1-47e8-a801-3a2b8e80e49d
UVM-1807,acer-x-freemanii,44.470836,-73.196574,"Mapped in UVM's ArcGIS tree layer, 2023–24",redstone,,,,6b689e4f-9771-408f-9a80-6363aba12ef3
UVM-1808,quercus-palustris,44.470828,-73.196708,"Mapped in UVM's ArcGIS tree layer, 2023–24",redstone,,,,1306ccd8-b5a1-4fa4-9a45-2e27535073fe
UVM-4481,gleditsia-triacanthos,44.470749,-73.196708,"Mapped in UVM's ArcGIS tree layer, 2023–24",redstone,,,,25c0efc8-4303-41dc-a311-73b70598f52d
UVM-4482,gleditsia-triacanthos,44.470742,-73.196792,"Mapped in UVM's ArcGIS tree layer, 2023–24",redstone,,,,13ed4a23-7663-46a2-a56f-5fdd154ab448
UVM-1809,acer-x-freemanii,44.470820,-73.196801,"Mapped in UVM's ArcGIS tree layer, 2023–24",redstone,,,,71f51104-e883-4d63-a704-02f6ea05dcb5
UVM-1810,acer-platanoides,44.470812,-73.196881,"Mapped in UVM's ArcGIS tree layer, 2023–24",redstone,,,,a1a79a17-edde-4ba7-8755-75fa860d44b7
UVM-4483,acer-platanoides,44.470740,-73.196884,"Mapped in UVM's ArcGIS tree layer, 2023–24",redstone,,,,c66608d5-6521-4955-9bb3-11c65112a032
UVM-1762,malus-sp,44.471561,-73.196805,"Mapped in UVM's ArcGIS tree layer, 2023–24",redstone,,,,d5f25037-84de-43cc-ad07-d3271c0b44aa
UVM-1767,pinus-strobus,44.471606,-73.196899,"Mapped in UVM's ArcGIS tree layer, 2023–24",redstone,,,,0b84bbdc-22d0-4681-bfb0-427d37e6cfe0
UVM-2884,quercus-bicolor,44.471654,-73.196913,"Mapped in UVM's ArcGIS tree layer, 2023–24",redstone,,,,c99b56f4-126b-48f5-a85f-8fb7e8cc408f
UVM-2885,quercus-bicolor,44.471656,-73.196831,"Mapped in UVM's ArcGIS tree layer, 2023–24",redstone,,,,4a3d3cda-181d-4d6d-a354-bce7077763d4
UVM-4484,pinus-strobus,44.471761,-73.196854,"Mapped in UVM's ArcGIS tree layer, 2023–24",redstone,,,,3d66168a-5770-47c3-9592-7a315313835d
UVM-1761,malus-sp,44.471815,-73.196836,"Mapped in UVM's ArcGIS tree layer, 2023–24",redstone,,,,da5b6efe-ed4b-478c-b848-a264b2a85099
UVM-1776,malus-sp,44.471853,-73.196797,"Mapped in UVM's ArcGIS tree layer, 2023–24",redstone,,,,303efdfc-9035-46cf-8a0a-e62e58e753ad
UVM-1768,quercus-bicolor,44.471740,-73.196922,"Mapped in UVM's ArcGIS tree layer, 2023–24",redstone,,,,94076590-69c4-48e7-ac0c-702f2ed54839
UVM-1769,quercus-bicolor,44.471774,-73.196896,"Mapped in UVM's ArcGIS tree layer, 2023–24",redstone,,,,06419f7a-0938-41f4-b83d-20fd972f1d67
UVM-1770,quercus-bicolor,44.471812,-73.196887,"Mapped in UVM's ArcGIS tree layer, 2023–24",redstone,,,,9b619757-f8d7-47b0-b37f-2cc77803cc0b
UVM-2883,pinus-strobus,44.471854,-73.196854,"Mapped in UVM's ArcGIS tree layer, 2023–24",redstone,,,,dc17dd18-11f5-4a95-9998-dea198c037e3
UVM-1777,malus-sp,44.471888,-73.196809,"Mapped in UVM's ArcGIS tree layer, 2023–24",redstone,,,,4d896284-76cf-43f2-af85-7057bcee11cc
UVM-2882,quercus-bicolor,44.471938,-73.196772,"Mapped in UVM's ArcGIS tree layer, 2023–24",redstone,,,,249ad850-ca72-414b-a6e8-6c318056a49b
UVM-1779,quercus-bicolor,44.471965,-73.196735,"Mapped in UVM's ArcGIS tree layer, 2023–24",redstone,,,,2f2102bb-c2b3-44c7-8646-6d527b0bc9c0
UVM-2881,quercus-bicolor,44.471922,-73.196944,"Mapped in UVM's ArcGIS tree layer, 2023–24",redstone,,,,7c3be454-534f-4035-b78f-f86822267e00
UVM-1759,pinus-strobus,44.471979,-73.196940,"Mapped in UVM's ArcGIS tree layer, 2023–24",redstone,,,,80a173ba-93d6-4cae-b7bd-a813f75b1dcc
UVM-2880,quercus-bicolor,44.471992,-73.196869,"Mapped in UVM's ArcGIS tree layer, 2023–24",redstone,,,,59ab59f5-9189-4724-818c-07c73bb7ea8f
UVM-4485,chionanthus-virginicus,44.472021,-73.196884,"Mapped in UVM's ArcGIS tree layer, 2023–24",redstone,,,,010ec337-d6e3-41f0-9095-065528e79c7b
UVM-4486,acer-triflorum,44.471275,-73.197595,"Mapped in UVM's ArcGIS tree layer, 2023–24",redstone,,,,758af880-6b04-41ae-b80b-fa28a2e2ec38
UVM-1932,betula-papyrifera,44.471072,-73.197389,"Mapped in UVM's ArcGIS tree layer, 2023–24",redstone,,,,7866cfab-d3c6-420f-999b-67a719ae49b4
UVM-1933,acer-saccharum,44.471117,-73.197278,"Mapped in UVM's ArcGIS tree layer, 2023–24",redstone,,,,d37e0b0a-c373-4816-9ab6-f9d2afa3c28c
UVM-1931,acer-saccharum,44.471215,-73.197294,"Mapped in UVM's ArcGIS tree layer, 2023–24",redstone,,,,cfc9c68a-8788-47b9-afb8-ea33ab478733
UVM-4487,acer-x-freemanii,44.470934,-73.197676,"Mapped in UVM's ArcGIS tree layer, 2023–24",redstone,,,,58e20e02-c747-4e2b-ad3b-522acd8bb0bd
UVM-4488,acer-triflorum,44.470998,-73.197539,"Mapped in UVM's ArcGIS tree layer, 2023–24",redstone,,,,bfe8be47-c6e7-411b-8e6f-eacbd284ed74
UVM-4489,acer-x-freemanii,44.471026,-73.197684,"Mapped in UVM's ArcGIS tree layer, 2023–24",redstone,,,,78034099-38c0-407f-89c6-1c94afb347e6
UVM-4490,picea-glauca,44.471150,-73.197516,"Mapped in UVM's ArcGIS tree layer, 2023–24",redstone,,,,75567d4b-c0cc-460a-804d-12fbb1b1cae3
UVM-4491,acer-triflorum,44.471184,-73.197551,"Mapped in UVM's ArcGIS tree layer, 2023–24",redstone,,,,addceb7b-5e7f-4c15-ac38-c98af59d53fe
UVM-4492,acer-x-freemanii,44.471170,-73.197664,"Mapped in UVM's ArcGIS tree layer, 2023–24",redstone,,,,c61b544e-8e4b-4e05-bc4e-84d5fed3d48a
UVM-1918,thuja-sp,44.470613,-73.197391,"Mapped in UVM's ArcGIS tree layer, 2023–24",redstone,,,,465f3990-da9c-46d0-97ee-aad7fce27944
UVM-1919,thuja-sp,44.470606,-73.197454,"Mapped in UVM's ArcGIS tree layer, 2023–24",redstone,,,,8d796dd9-886f-466b-8b80-40a2e9d97627
UVM-1920,thuja-sp,44.470597,-73.197502,"Mapped in UVM's ArcGIS tree layer, 2023–24",redstone,,,,5566378d-71bd-4d39-9f97-27cf863e85d1
UVM-1921,thuja-sp,44.470593,-73.197564,"Mapped in UVM's ArcGIS tree layer, 2023–24",redstone,,,,f627519a-e938-48d9-a6f9-2d38b16ecba8
UVM-4493,zelkova-serrata,44.470348,-73.197951,"Mapped in UVM's ArcGIS tree layer, 2023–24",redstone,,,,a2a6ea19-7825-4bee-bf9b-0f3bbfa4e618
UVM-1936,pinus-nigra,44.470264,-73.198029,"Mapped in UVM's ArcGIS tree layer, 2023–24",redstone,,,,ca924ed9-a082-405f-ab17-0c596b0bf222
UVM-4494,betula-nigra,44.469961,-73.197756,"Mapped in UVM's ArcGIS tree layer, 2023–24",redstone,,,,58f10ed5-dbd3-4138-8de8-71c8cc86d429
UVM-4495,betula-nigra,44.469984,-73.197695,"Mapped in UVM's ArcGIS tree layer, 2023–24",redstone,,,,685a8228-9404-48cc-b18c-48df227b677d
UVM-4496,betula-nigra,44.469911,-73.197681,"Mapped in UVM's ArcGIS tree layer, 2023–24",redstone,,,,a9b649af-a0d6-4fa4-abeb-bd61af2ebc08
UVM-4497,betula-nigra,44.469858,-73.197841,"Mapped in UVM's ArcGIS tree layer, 2023–24",redstone,,,,a253c1e4-e4cb-4947-a9c7-d20864539c0e
UVM-4498,betula-nigra,44.469830,-73.197743,"Mapped in UVM's ArcGIS tree layer, 2023–24",redstone,,,,f6eb8e4b-971c-460d-9d67-ace7d63e5ef7
UVM-4499,betula-nigra,44.469808,-73.197805,"Mapped in UVM's ArcGIS tree layer, 2023–24",redstone,,,,f3d8c545-3d09-4261-ac41-b337842fc03a
UVM-1903,quercus-rubra,44.469843,-73.197955,"Mapped in UVM's ArcGIS tree layer, 2023–24",redstone,,,,ee1d559b-a5ec-4dd2-a53c-8d22ef3009c4
UVM-1902,quercus-rubra,44.469821,-73.198064,"Mapped in UVM's ArcGIS tree layer, 2023–24",redstone,,,,9aab3557-94a4-4ada-94f9-290992ce9292
UVM-4500,taxus-x-media,44.469985,-73.198049,"Mapped in UVM's ArcGIS tree layer, 2023–24",redstone,,,,f9d58134-f211-44aa-801d-cec00baaa92b
UVM-4501,taxus-x-media,44.470045,-73.198056,"Mapped in UVM's ArcGIS tree layer, 2023–24",redstone,,,,340bac74-043e-4dea-8605-3904117ee710
UVM-4502,zelkova-serrata,44.470288,-73.198294,"Mapped in UVM's ArcGIS tree layer, 2023–24",redstone,,,,764c0d08-89b8-4be0-a9ac-f6f9881b937f
UVM-4503,zelkova-serrata,44.470417,-73.198332,"Mapped in UVM's ArcGIS tree layer, 2023–24",redstone,,,,a8ace63c-f35f-4f1b-8200-39bc082514fa
UVM-4504,zelkova-serrata,44.470493,-73.198654,"Mapped in UVM's ArcGIS tree layer, 2023–24",redstone,,,,5497ce01-6969-434b-983c-ea28443f289d
UVM-4505,zelkova-serrata,44.470552,-73.198833,"Mapped in UVM's ArcGIS tree layer, 2023–24",redstone,,,,fcdb74da-3766-4abe-83b6-92587dea04b0
UVM-4506,zelkova-serrata,44.470576,-73.198917,"Mapped in UVM's ArcGIS tree layer, 2023–24",redstone,,,,a0dbdbd3-922f-4658-bf88-b76cfaa7004d
UVM-4507,zelkova-serrata,44.470602,-73.199003,"Mapped in UVM's ArcGIS tree layer, 2023–24",redstone,,,,ee50211a-6667-441f-9aa7-fa25fdcf81aa
UVM-4508,zelkova-serrata,44.470637,-73.199078,"Mapped in UVM's ArcGIS tree layer, 2023–24",redstone,,,,c44d2f92-f428-4163-8279-0f7f68c339b8
UVM-4509,zelkova-serrata,44.470672,-73.199155,"Mapped in UVM's ArcGIS tree layer, 2023–24",redstone,,,,a062ac04-041f-446f-9855-6f032855628d
UVM-4510,acer-rubrum,44.470676,-73.199272,"Mapped in UVM's ArcGIS tree layer, 2023–24",redstone,,,,53ff49a1-66dd-4007-928d-4e263d681524
UVM-2002,acer-rubrum,44.470635,-73.199384,"Mapped in UVM's ArcGIS tree layer, 2023–24",redstone,,,,3bb024d0-4086-4f34-a218-c9294391f285
UVM-2003,acer-rubrum,44.470600,-73.199478,"Mapped in UVM's ArcGIS tree layer, 2023–24",redstone,,,,312df2ed-3b29-420a-b488-729e9279d9b7
UVM-2004,acer-rubrum,44.470568,-73.199559,"Mapped in UVM's ArcGIS tree layer, 2023–24",redstone,,,,2923693b-8e8f-4f08-9eea-e4e52f4390a3
UVM-4511,zelkova-serrata,44.470542,-73.199765,"Mapped in UVM's ArcGIS tree layer, 2023–24",redstone,,,,00745918-4666-431a-9fdd-f46113e9fb91
UVM-4512,zelkova-serrata,44.470523,-73.199856,"Mapped in UVM's ArcGIS tree layer, 2023–24",redstone,,,,24401ae4-80f8-4254-bda4-0b320c37b9b6
UVM-4513,zelkova-serrata,44.470522,-73.200008,"Mapped in UVM's ArcGIS tree layer, 2023–24",redstone,,,,e471d0b5-6631-42df-9751-56e03c0fd3cc
UVM-2005,picea-abies,44.470456,-73.200253,"Mapped in UVM's ArcGIS tree layer, 2023–24",redstone,,,,452116c1-5b4b-44c1-9471-bc85a8293b6e
UVM-2006,acer-platanoides,44.470377,-73.200244,"Mapped in UVM's ArcGIS tree layer, 2023–24",redstone,,,,055d48e1-e493-4487-92f9-dd639ecc3fa0
UVM-2008,acer-saccharum,44.470137,-73.200229,"Mapped in UVM's ArcGIS tree layer, 2023–24",redstone,,,,1634d8c4-4765-45dd-90e2-c155912281f8
UVM-2009,acer-saccharum,44.469944,-73.200216,"Mapped in UVM's ArcGIS tree layer, 2023–24",redstone,,,,901f651d-6096-4c4b-85fd-161141b1eefa
UVM-4514,rhamnus-sp,44.469859,-73.200248,"Mapped in UVM's ArcGIS tree layer, 2023–24",redstone,,,,d933b287-c853-4e7f-b6ff-338a333274a0
UVM-4515,morus-sp,44.469692,-73.200246,"Mapped in UVM's ArcGIS tree layer, 2023–24",redstone,,,,664c3359-406b-4f8e-9d64-eec442a2b3f5
UVM-2011,acer-saccharum,44.469570,-73.200223,"Mapped in UVM's ArcGIS tree layer, 2023–24",redstone,,,,1f1c2f57-9165-4f59-99f3-ceb3b1178c36
UVM-4516,elaeagnus-angustifolia,44.469487,-73.200254,"Mapped in UVM's ArcGIS tree layer, 2023–24",redstone,,,,2b29addb-52df-4637-a750-67261aca2d2f
UVM-4517,zelkova-serrata,44.469316,-73.200188,"Mapped in UVM's ArcGIS tree layer, 2023–24",redstone,,,,d4e2aa83-a112-4686-891d-1508b6867b1a
UVM-4518,zelkova-serrata,44.469332,-73.200008,"Mapped in UVM's ArcGIS tree layer, 2023–24",redstone,,,,7c9766b8-cd9c-4de6-a37c-060f82e93d26
UVM-4519,zelkova-serrata,44.469356,-73.199806,"Mapped in UVM's ArcGIS tree layer, 2023–24",redstone,,,,c0a84b46-ce9d-4f36-b700-eca8adbe950b
UVM-4520,zelkova-serrata,44.469376,-73.199605,"Mapped in UVM's ArcGIS tree layer, 2023–24",redstone,,,,95eb3002-03d0-4485-8eab-19b3cea0a025
UVM-4521,zelkova-serrata,44.469395,-73.199432,"Mapped in UVM's ArcGIS tree layer, 2023–24",redstone,,,,a3a49323-6ffd-4356-a030-6751938a772f
UVM-4522,zelkova-serrata,44.469405,-73.199256,"Mapped in UVM's ArcGIS tree layer, 2023–24",redstone,,,,07b9d911-3d9e-4608-abe8-a370fb25914c
UVM-4523,zelkova-serrata,44.469418,-73.199114,"Mapped in UVM's ArcGIS tree layer, 2023–24",redstone,,,,4f1d8bbe-f34b-4628-b073-cb1e28a6af5d
UVM-2016,acer-platanoides,44.469553,-73.199109,"Mapped in UVM's ArcGIS tree layer, 2023–24",redstone,,,,3fdaabd4-48ee-4171-974c-b202ba34ecad
UVM-2034,picea-glauca,44.469842,-73.199033,"Mapped in UVM's ArcGIS tree layer, 2023–24",redstone,,,,26c459ff-72da-4fc2-aeb9-57e65d772058
UVM-2033,picea-glauca,44.469922,-73.199031,"Mapped in UVM's ArcGIS tree layer, 2023–24",redstone,,,,bdbfe112-74e0-4a8a-a098-8d27aa569262
UVM-2018,picea-glauca,44.470035,-73.199228,"Mapped in UVM's ArcGIS tree layer, 2023–24",redstone,,,,823e9390-d405-428b-8d3a-bcdc8f1080d8
UVM-4524,picea-glauca,44.470051,-73.199218,"Mapped in UVM's ArcGIS tree layer, 2023–24",redstone,,,,0f40de75-bec1-4857-b8e6-b41eb8e34d6e
UVM-4525,picea-glauca,44.470071,-73.199177,"Mapped in UVM's ArcGIS tree layer, 2023–24",redstone,,,,726c220e-38e2-476b-8179-5ead72cb8f5b
UVM-2021,picea-glauca,44.470088,-73.199152,"Mapped in UVM's ArcGIS tree layer, 2023–24",redstone,,,,6a11324d-bb27-4fc6-bf7e-14f7b434889f
UVM-2022,picea-glauca,44.470077,-73.199125,"Mapped in UVM's ArcGIS tree layer, 2023–24",redstone,,,,eae30f43-2958-4b97-aea9-97aad919b797
UVM-2023,acer-platanoides,44.469966,-73.198699,"Mapped in UVM's ArcGIS tree layer, 2023–24",redstone,,,,6be71f30-c3ac-4fb1-8d66-1febe0bb330a
UVM-4526,zelkova-serrata,44.469405,-73.198763,"Mapped in UVM's ArcGIS tree layer, 2023–24",redstone,,,,92b4e075-34d6-42e0-bffe-7a94e7bcdf51
UVM-4527,tilia-americana,44.469403,-73.198438,"Mapped in UVM's ArcGIS tree layer, 2023–24",redstone,,,,f4972737-2a65-40d8-b693-908ffd20a77d
UVM-4528,tilia-americana,44.469421,-73.198344,"Mapped in UVM's ArcGIS tree layer, 2023–24",redstone,,,,f067fbc0-302b-4230-894a-3ffd9c001d9f
UVM-4529,tilia-americana,44.469549,-73.198263,"Mapped in UVM's ArcGIS tree layer, 2023–24",redstone,,,,b0368c89-2789-4dd5-a072-c65c1bb0ad43
UVM-4530,tilia-americana,44.469661,-73.198258,"Mapped in UVM's ArcGIS tree layer, 2023–24",redstone,,,,a066ab77-a845-4846-abdd-5938fa667dd9
UVM-4531,tilia-americana,44.469886,-73.198250,"Mapped in UVM's ArcGIS tree layer, 2023–24",redstone,,,,a7c1a4a6-b552-4466-9732-9b2a21bd22aa
UVM-4532,tilia-americana,44.469915,-73.198358,"Mapped in UVM's ArcGIS tree layer, 2023–24",redstone,,,,f132c4f3-2023-49a6-b82f-d5546f728955
UVM-4533,tilia-americana,44.469823,-73.198283,"Mapped in UVM's ArcGIS tree layer, 2023–24",redstone,,,,f6641304-6c0f-4d28-ab3f-f200eb42233b
UVM-4534,tilia-americana,44.469848,-73.198377,"Mapped in UVM's ArcGIS tree layer, 2023–24",redstone,,,,ced583d2-bb68-4c96-9206-f3fc2b6c6597
UVM-4535,tilia-americana,44.469763,-73.198316,"Mapped in UVM's ArcGIS tree layer, 2023–24",redstone,,,,083f9d2f-3547-459f-a577-e8c9b64cb64e
UVM-4536,tilia-americana,44.469714,-73.198334,"Mapped in UVM's ArcGIS tree layer, 2023–24",redstone,,,,fdece0cb-c129-47c4-8f05-d4b5f7569feb
UVM-4537,tilia-americana,44.469738,-73.198423,"Mapped in UVM's ArcGIS tree layer, 2023–24",redstone,,,,df2df91d-db98-4df3-911f-c9b625b10cba
UVM-4538,tilia-americana,44.469670,-73.198354,"Mapped in UVM's ArcGIS tree layer, 2023–24",redstone,,,,9aee09a1-0067-45c4-bfe3-ca3278aec77c
UVM-4539,tilia-americana,44.469662,-73.198468,"Mapped in UVM's ArcGIS tree layer, 2023–24",redstone,,,,20d7deec-62d2-40ef-a170-c32db950b83e
UVM-4540,tilia-americana,44.469598,-73.198376,"Mapped in UVM's ArcGIS tree layer, 2023–24",redstone,,,,eb79ad16-8053-43d0-b517-91505f8a59be
UVM-1899,syringa-vulgaris,44.469431,-73.198019,"Mapped in UVM's ArcGIS tree layer, 2023–24",redstone,,,,7a98e3ca-ea71-4a58-adcd-32871a2168da
UVM-1898,malus-sp,44.469315,-73.198075,"Mapped in UVM's ArcGIS tree layer, 2023–24",redstone,,,,d2269054-b503-40dd-bc05-f230e2a2527b
UVM-1896,betula-papyrifera,44.469177,-73.198381,"Mapped in UVM's ArcGIS tree layer, 2023–24",redstone,,,,58658923-7c5e-4f00-999e-fa6aea3bf927
UVM-1895,betula-papyrifera,44.469196,-73.198423,"Mapped in UVM's ArcGIS tree layer, 2023–24",redstone,,,,ef14d161-869c-4cef-9843-006b3f3d7ee7
UVM-1893,catalpa-speciosa,44.469049,-73.198394,"Mapped in UVM's ArcGIS tree layer, 2023–24",redstone,,,,1d74ff1a-a77a-4bc3-a335-bb00595bf94b
UVM-4541,gleditsia-triacanthos,44.469019,-73.198333,"Mapped in UVM's ArcGIS tree layer, 2023–24",redstone,,,,5b24b9c7-9ac1-404d-8bf4-5e69696c9748
UVM-4542,crataegus-laevigata-crimson-cloud,44.474081,-73.196141,"Mapped in UVM's ArcGIS tree layer, 2023–24",athletic,,,,1e0b512a-67c4-467b-86df-d75e573e6f82
UVM-2242,acer-saccharum,44.468706,-73.195383,"Mapped in UVM's ArcGIS tree layer, 2023–24",athletic,,,,d7b5fce8-8482-4ccc-95e6-c34825c795e2
UVM-2243,acer-saccharum,44.468576,-73.195249,"Mapped in UVM's ArcGIS tree layer, 2023–24",athletic,,,,8859fe16-9491-4fc1-8f52-aacf3cd83c7c
UVM-4543,acer-x-freemanii,44.469168,-73.195650,"Mapped in UVM's ArcGIS tree layer, 2023–24",athletic,,,,e8d0193c-f61a-4c28-b276-8c385c23eecc
UVM-4544,acer-x-freemanii,44.469308,-73.195667,"Mapped in UVM's ArcGIS tree layer, 2023–24",athletic,,,,0450377c-eef5-425f-abb6-d4f81cb3b95c
UVM-4545,quercus-palustris,44.470215,-73.195928,"Mapped in UVM's ArcGIS tree layer, 2023–24",athletic,,,,954cfc00-768c-4c07-8803-5da1dea2c37b
UVM-4546,gleditsia-triacanthos,44.470159,-73.196065,"Mapped in UVM's ArcGIS tree layer, 2023–24",athletic,,,,18847056-151f-4ba2-be6c-337a66fbda91
UVM-4547,gleditsia-triacanthos,44.470043,-73.196257,"Mapped in UVM's ArcGIS tree layer, 2023–24",athletic,,,,4c2fa32f-9eff-4f71-886a-645dc90c0e7f
UVM-4548,gleditsia-triacanthos,44.469971,-73.196439,"Mapped in UVM's ArcGIS tree layer, 2023–24",athletic,,,,6fc44963-c370-4ec7-9b67-2be18f9164d1
UVM-4549,acer-x-freemanii,44.470201,-73.196268,"Mapped in UVM's ArcGIS tree layer, 2023–24",athletic,,,,94937d8c-a05f-4974-8553-3e40165dde9d
UVM-4550,acer-x-freemanii,44.470308,-73.196148,"Mapped in UVM's ArcGIS tree layer, 2023–24",athletic,,,,1e6d210b-fab7-4dd1-a433-1743c16f4b10
UVM-2239,acer-rubrum,44.470418,-73.196054,"Mapped in UVM's ArcGIS tree layer, 2023–24",athletic,,,,d95e6fce-dbbf-412e-9445-e0f22d7f4982
UVM-4551,pinus-strobus,44.470394,-73.196387,"Mapped in UVM's ArcGIS tree layer, 2023–24",redstone,,,,d9887d9c-e968-40d6-8b73-7833ded654ca
UVM-4552,pinus-nigra,44.470328,-73.196422,"Mapped in UVM's ArcGIS tree layer, 2023–24",redstone,,,,8e77d51d-d053-42e5-b851-651677b0f12f
UVM-1826,pinus-nigra,44.470632,-73.196783,"Mapped in UVM's ArcGIS tree layer, 2023–24",redstone,,,,e3d47cb1-0f71-4612-a570-5f8a6d25f499
UVM-4553,pinus-strobus,44.470514,-73.196881,"Mapped in UVM's ArcGIS tree layer, 2023–24",redstone,,,,75a09cb0-5dd1-4e8b-986c-4a314f5f47db
UVM-1828,pinus-strobus,44.470450,-73.196925,"Mapped in UVM's ArcGIS tree layer, 2023–24",redstone,,,,cc3c4002-5cf8-49f3-8f4d-0bdb31f93f2b
UVM-1838,thuja-occidentalis,44.470453,-73.196999,"Mapped in UVM's ArcGIS tree layer, 2023–24",redstone,,,,92cc0940-9d31-4ccf-a9fc-e11d1de3cdda
UVM-4554,thuja-occidentalis,44.470490,-73.196963,"Mapped in UVM's ArcGIS tree layer, 2023–24",redstone,,,,2eefd8c2-b9db-4e1b-be2d-403ad7531d26
UVM-1927,thuja-occidentalis,44.470513,-73.196975,"Mapped in UVM's ArcGIS tree layer, 2023–24",redstone,,,,f833388e-ce90-4ecf-8514-322f5a0639cd
UVM-1926,pinus-strobus,44.470538,-73.196973,"Mapped in UVM's ArcGIS tree layer, 2023–24",redstone,,,,51ac1f45-ae15-465b-8718-cde7a3b925c7
UVM-1835,thuja-occidentalis,44.470580,-73.196941,"Mapped in UVM's ArcGIS tree layer, 2023–24",redstone,,,,9bcba0b1-4bbb-459f-9bdd-032847090435
UVM-4555,pinus-strobus,44.470590,-73.196997,"Mapped in UVM's ArcGIS tree layer, 2023–24",redstone,,,,56011a2a-149b-42dd-8e63-7e690f8cfa01
UVM-4556,pinus-strobus,44.470538,-73.197006,"Mapped in UVM's ArcGIS tree layer, 2023–24",redstone,,,,bc10676d-5cd9-464c-a648-1422121617cb
UVM-1831,pinus-strobus,44.470541,-73.197037,"Mapped in UVM's ArcGIS tree layer, 2023–24",redstone,,,,38efba71-f947-48c1-92a9-69d4ea81904a
UVM-4557,pinus-strobus,44.470460,-73.197069,"Mapped in UVM's ArcGIS tree layer, 2023–24",redstone,,,,ec56cf97-b7dc-4067-90a3-3cd670d56bd4
UVM-1829,pinus-strobus,44.470414,-73.197048,"Mapped in UVM's ArcGIS tree layer, 2023–24",redstone,,,,39af2cd7-4183-449e-b67e-c238b033ed1e
UVM-1839,thuja-occidentalis,44.470409,-73.197162,"Mapped in UVM's ArcGIS tree layer, 2023–24",redstone,,,,2f70821d-99ec-43c6-8f00-ce6deaec0d3a
UVM-1851,thuja-occidentalis,44.470617,-73.197055,"Mapped in UVM's ArcGIS tree layer, 2023–24",redstone,,,,dd0efc55-b613-4ac3-b2aa-f2bb2538282b
UVM-4558,pinus-strobus,44.470633,-73.197121,"Mapped in UVM's ArcGIS tree layer, 2023–24",redstone,,,,36e6fdff-21d7-41d4-80d4-3890c795818f
UVM-1854,pinus-strobus,44.470603,-73.197147,"Mapped in UVM's ArcGIS tree layer, 2023–24",redstone,,,,d49797c7-b338-4be8-b88d-15991e853b42
UVM-1856,pinus-strobus,44.470608,-73.197185,"Mapped in UVM's ArcGIS tree layer, 2023–24",redstone,,,,80239cb7-876c-43c8-a688-81a6e6623968
UVM-1855,pinus-strobus,44.470629,-73.197173,"Mapped in UVM's ArcGIS tree layer, 2023–24",redstone,,,,f25d1804-57ab-4815-afe2-04e24349b398
UVM-4559,acer-x-freemanii,44.470477,-73.197328,"Mapped in UVM's ArcGIS tree layer, 2023–24",redstone,,,,238fecb8-8391-498b-b792-b6c577a5a94a
UVM-4560,acer-x-freemanii,44.470392,-73.197316,"Mapped in UVM's ArcGIS tree layer, 2023–24",redstone,,,,c574e7b1-2b7d-4e2e-a4dc-325ac5022c15
UVM-1850,pinus-strobus,44.470435,-73.197265,"Mapped in UVM's ArcGIS tree layer, 2023–24",redstone,,,,41268854-aabd-4519-b766-8aca05b608a4
UVM-1849,pinus-strobus,44.470417,-73.197274,"Mapped in UVM's ArcGIS tree layer, 2023–24",redstone,,,,b7f9b0af-5b66-4ffb-b66b-dcd48ebc9ba9
UVM-1848,pinus-strobus,44.470410,-73.197261,"Mapped in UVM's ArcGIS tree layer, 2023–24",redstone,,,,3ca36cc6-7d30-41aa-9886-59e1dbdb0f1e
UVM-1847,pinus-strobus,44.470403,-73.197251,"Mapped in UVM's ArcGIS tree layer, 2023–24",redstone,,,,1632dcb9-4cfb-4a0a-82c4-22ae44d585e6
UVM-1846,pinus-strobus,44.470401,-73.197236,"Mapped in UVM's ArcGIS tree layer, 2023–24",redstone,,,,35100e3d-c08a-4e3e-bda4-93c2d83ff6a0
UVM-1845,pinus-strobus,44.470414,-73.197228,"Mapped in UVM's ArcGIS tree layer, 2023–24",redstone,,,,b85c191b-91f8-496b-89b8-3018a5d80774
UVM-1844,pinus-strobus,44.470402,-73.197216,"Mapped in UVM's ArcGIS tree layer, 2023–24",redstone,,,,64c30c1d-2ec6-479e-bddf-2e62b47965f1
UVM-1840,thuja-occidentalis,44.470360,-73.197236,"Mapped in UVM's ArcGIS tree layer, 2023–24",redstone,,,,37fb26c9-9207-4214-ac28-6a948da602e2
UVM-4561,acer-x-freemanii,44.470330,-73.197300,"Mapped in UVM's ArcGIS tree layer, 2023–24",redstone,,,,2d0631cd-9dc6-4308-9f78-ab00cf845b07
UVM-1825,acer-platanoides,44.470391,-73.196758,"Mapped in UVM's ArcGIS tree layer, 2023–24",redstone,,,,536aa0c4-e47f-4c66-9e7a-8ac59b22319b
UVM-4562,malus-sp,44.470415,-73.196722,"Mapped in UVM's ArcGIS tree layer, 2023–24",redstone,,,,c014df1c-49ec-4378-9bcf-ec539833c1a3
UVM-4563,acer-rubrum,44.470070,-73.196645,"Mapped in UVM's ArcGIS tree layer, 2023–24",redstone,,,,1b24d6ea-4e7c-4ceb-972c-e2d0323b1102
UVM-4564,acer-rubrum,44.470050,-73.196781,"Mapped in UVM's ArcGIS tree layer, 2023–24",redstone,,,,638e9591-e64e-4fce-9e84-cc057d727503
UVM-4565,acer-rubrum,44.469978,-73.196692,"Mapped in UVM's ArcGIS tree layer, 2023–24",redstone,,,,7d26859b-9825-4014-801e-934a30ef7725
UVM-4566,acer-rubrum,44.469966,-73.196832,"Mapped in UVM's ArcGIS tree layer, 2023–24",redstone,,,,046ef5e7-75c9-40c4-8cf6-e7092a27a95b
UVM-4567,acer-rubrum,44.469900,-73.196761,"Mapped in UVM's ArcGIS tree layer, 2023–24",redstone,,,,55c9a321-cd7d-43f0-86c1-0bf75ee18659
UVM-1860,pinus-strobus,44.469840,-73.196880,"Mapped in UVM's ArcGIS tree layer, 2023–24",redstone,,,,baa890ed-b377-4610-ba57-310d678e3f48
UVM-1861,pinus-strobus,44.469777,-73.196879,"Mapped in UVM's ArcGIS tree layer, 2023–24",redstone,,,,6b63cbdf-7a61-4397-bf2c-2aec046b8746
UVM-1859,pinus-strobus,44.469820,-73.196930,"Mapped in UVM's ArcGIS tree layer, 2023–24",redstone,,,,91c98409-6ab6-4d3c-8282-b326fbddad2e
UVM-1857,pinus-strobus,44.469837,-73.197015,"Mapped in UVM's ArcGIS tree layer, 2023–24",redstone,,,,ef3091a1-2b9f-427f-a395-fb1a997029e9
UVM-1868,pinus-strobus,44.469798,-73.197007,"Mapped in UVM's ArcGIS tree layer, 2023–24",redstone,,,,e9b7516f-c929-4835-b067-dea8a46d04a4
UVM-4568,pinus-strobus,44.469808,-73.197063,"Mapped in UVM's ArcGIS tree layer, 2023–24",redstone,,,,24def65d-0ff0-4611-b614-3bc36daef2db
UVM-1870,pinus-strobus,44.469764,-73.197037,"Mapped in UVM's ArcGIS tree layer, 2023–24",redstone,,,,bcc81078-e202-402c-8d9a-aec6a68fe7c5
UVM-1871,pinus-strobus,44.469772,-73.197087,"Mapped in UVM's ArcGIS tree layer, 2023–24",redstone,,,,6c004af3-9b79-4147-a124-1702dd50ec45
UVM-4569,pinus-strobus,44.469737,-73.197117,"Mapped in UVM's ArcGIS tree layer, 2023–24",redstone,,,,174e9e7a-e5ad-44d2-ac4b-8fe4c665bf46
UVM-1881,pinus-strobus,44.469694,-73.197130,"Mapped in UVM's ArcGIS tree layer, 2023–24",redstone,,,,813f03cd-2f23-4b9a-82d0-995991e28db0
UVM-4570,pinus-strobus,44.469736,-73.197071,"Mapped in UVM's ArcGIS tree layer, 2023–24",redstone,,,,9d043e1e-9d8c-45a5-8f44-67132136c708
UVM-1878,pinus-strobus,44.469715,-73.197047,"Mapped in UVM's ArcGIS tree layer, 2023–24",redstone,,,,d901d1a8-fd8f-4e42-b3fd-7455a17488ae
UVM-1882,pinus-strobus,44.469700,-73.197081,"Mapped in UVM's ArcGIS tree layer, 2023–24",redstone,,,,3837393d-cced-44dc-a7e8-467df3814bf0
UVM-1887,pinus-strobus,44.469674,-73.197096,"Mapped in UVM's ArcGIS tree layer, 2023–24",redstone,,,,abef284f-6fa8-4172-9aff-c2e3aa6c2973
UVM-1886,pinus-strobus,44.469659,-73.197055,"Mapped in UVM's ArcGIS tree layer, 2023–24",redstone,,,,e2345cbf-fcb0-4435-8f15-4a8be7351082
UVM-1883,pinus-strobus,44.469685,-73.197037,"Mapped in UVM's ArcGIS tree layer, 2023–24",redstone,,,,56159886-00d8-4428-a0eb-67ddd66ca26b
UVM-1884,pinus-strobus,44.469673,-73.197003,"Mapped in UVM's ArcGIS tree layer, 2023–24",redstone,,,,098e7339-53c9-4892-86f2-82e9d4584a56
UVM-1877,pinus-strobus,44.469663,-73.196970,"Mapped in UVM's ArcGIS tree layer, 2023–24",redstone,,,,f0220a00-415a-4c35-a8e6-96f870d642f2
UVM-1874,pinus-strobus,44.469703,-73.196944,"Mapped in UVM's ArcGIS tree layer, 2023–24",redstone,,,,6c89792c-b38b-4778-9b6e-39e4633020e9
UVM-1872,pinus-strobus,44.469738,-73.196918,"Mapped in UVM's ArcGIS tree layer, 2023–24",redstone,,,,3cc91174-7c47-4a1a-ae4e-d1214e5fdee9
UVM-4571,pinus-strobus,44.469640,-73.197105,"Mapped in UVM's ArcGIS tree layer, 2023–24",redstone,,,,47cb3215-99fd-42a9-8e09-a9e09ad0f672
UVM-1889,pinus-strobus,44.469614,-73.197114,"Mapped in UVM's ArcGIS tree layer, 2023–24",redstone,,,,996602b6-97a2-4fdc-8e91-2ac0dbd20b73
UVM-1890,pinus-strobus,44.469600,-73.197144,"Mapped in UVM's ArcGIS tree layer, 2023–24",redstone,,,,3b2f3070-5fca-4cbe-ad7b-2edc69f088d0
UVM-4572,ulmus-sp,44.469463,-73.197048,"Mapped in UVM's ArcGIS tree layer, 2023–24",redstone,,,,f3c109ea-33fe-4e75-a155-36a07243f4df
UVM-4573,ulmus-sp,44.469394,-73.197077,"Mapped in UVM's ArcGIS tree layer, 2023–24",redstone,,,,ddb996ce-3a15-4cd0-bd9e-ab87e3fa04cd
UVM-4574,pinus-strobus,44.469481,-73.197122,"Mapped in UVM's ArcGIS tree layer, 2023–24",redstone,,,,867882ae-0a77-46ee-9107-a2e8a438d3fe
UVM-4575,pinus-strobus,44.469467,-73.197174,"Mapped in UVM's ArcGIS tree layer, 2023–24",redstone,,,,b1a9771f-9590-4343-9338-614143ce14a0
UVM-4576,pinus-strobus,44.469439,-73.197200,"Mapped in UVM's ArcGIS tree layer, 2023–24",redstone,,,,d26c1263-dec2-46a1-b496-3e13e6eff7ad
UVM-4577,ulmus-sp,44.469393,-73.197234,"Mapped in UVM's ArcGIS tree layer, 2023–24",redstone,,,,2042590f-9030-4079-bdaf-c149a288c424
UVM-4578,pinus-strobus,44.469443,-73.197264,"Mapped in UVM's ArcGIS tree layer, 2023–24",redstone,,,,8356e3ec-6559-4ce8-af21-a225cf3a336c
UVM-4579,magnolia-sp,44.468827,-73.198159,"Mapped in UVM's ArcGIS tree layer, 2023–24",redstone,,,,acbc9708-07f9-41dc-a0b7-37c306439b74
UVM-4580,ulmus-sp,44.468823,-73.198280,"Mapped in UVM's ArcGIS tree layer, 2023–24",redstone,,,,8a58d442-69bf-419f-b032-91fa94e2e25a
UVM-0758,amelanchier-sp,44.476175,-73.195363,"Mapped in UVM's ArcGIS tree layer, 2023–24",central,,,,dffacccb-519e-4ea3-ac16-8ea280cb43f3
UVM-2612,thuja-occidentalis,44.483238,-73.192723,"Mapped in UVM's ArcGIS tree layer, 2023–24",trinity,,,,226f09f9-b696-4ba6-8c72-4363652bfa66
UVM-4581,gleditsia-triacanthos,44.468735,-73.197954,"Mapped in UVM's ArcGIS tree layer, 2023–24",redstone,,,,30211680-df07-4c4a-89b1-f5d9c4ed7359
UVM-2261,acer-saccharum,44.468431,-73.197836,"Mapped in UVM's ArcGIS tree layer, 2023–24",redstone,,,,048c1fc4-0a75-43e0-ac99-bc8a976d442a
UVM-2800,betula-alleghaniensis,44.468319,-73.197761,"Mapped in UVM's ArcGIS tree layer, 2023–24",redstone,,,,ecbf92bb-74cf-4d2e-ad50-81b7bb161a52
UVM-2263,gleditsia-triacanthos,44.468281,-73.197565,"Mapped in UVM's ArcGIS tree layer, 2023–24",redstone,,,,e29f0c02-deef-4157-9947-1540d6231f0d
UVM-2264,gleditsia-triacanthos,44.467928,-73.197495,"Mapped in UVM's ArcGIS tree layer, 2023–24",redstone,,,,a74d92fa-0f27-47d2-a1fc-76fecbb9509d
UVM-2268,acer-saccharum,44.467542,-73.198058,"Mapped in UVM's ArcGIS tree layer, 2023–24",redstone,,,,f8645c18-c9fc-4fb0-92bc-957fb0ba3028
UVM-2799,acer-rubrum,44.467474,-73.197839,"Mapped in UVM's ArcGIS tree layer, 2023–24",redstone,,,,a91c1ff6-11d1-403f-abcd-0d83abe5c380
UVM-2285,thuja-occidentalis,44.467253,-73.198004,"Mapped in UVM's ArcGIS tree layer, 2023–24",redstone,,,,1d71ac36-848c-44ae-82b7-9535da6ab504
UVM-2798,thuja-occidentalis,44.467256,-73.197965,"Mapped in UVM's ArcGIS tree layer, 2023–24",redstone,,,,6f464560-431a-4efb-969b-1dc0761765e0
UVM-2286,gleditsia-triacanthos,44.467090,-73.198098,"Mapped in UVM's ArcGIS tree layer, 2023–24",redstone,,,,a4d47589-42e5-49e6-b5d9-dcf357e96a93
UVM-2287,gleditsia-triacanthos,44.467038,-73.198052,"Mapped in UVM's ArcGIS tree layer, 2023–24",redstone,,,,6aa4dbb5-8abd-44a0-85db-85a3508a9d09
UVM-4582,acer-rubrum,44.466864,-73.198112,"Mapped in UVM's ArcGIS tree layer, 2023–24",redstone,,,,e572de44-39a5-4d8a-9a2a-688493096847
UVM-4583,acer-rubrum,44.466758,-73.198206,"Mapped in UVM's ArcGIS tree layer, 2023–24",redstone,,,,c093b9a2-0fba-4c38-b451-f644d9761f7e
UVM-2294,syringa-reticulata,44.466633,-73.198586,"Mapped in UVM's ArcGIS tree layer, 2023–24",redstone,,,,dc128873-d7e5-43aa-9db9-4744e1b96673
UVM-2293,syringa-reticulata,44.466692,-73.198633,"Mapped in UVM's ArcGIS tree layer, 2023–24",redstone,,,,add32198-884d-499c-ac0a-d4fab9d9f25f
UVM-2299,syringa-reticulata,44.466673,-73.198683,"Mapped in UVM's ArcGIS tree layer, 2023–24",redstone,,,,4e8614de-cd39-40ab-b1d0-5bc015a2ddfe
UVM-2298,syringa-reticulata,44.466637,-73.198719,"Mapped in UVM's ArcGIS tree layer, 2023–24",redstone,,,,e58992ab-4ae4-4252-a271-1734ebc48b1a
UVM-4584,syringa-reticulata,44.466610,-73.198725,"Mapped in UVM's ArcGIS tree layer, 2023–24",redstone,,,,87bad0fd-0f4b-4339-963c-ced84dbee70d
UVM-4585,syringa-reticulata,44.466573,-73.198719,"Mapped in UVM's ArcGIS tree layer, 2023–24",redstone,,,,404a465b-50b7-4c84-82c6-f6030a088f1c
UVM-2295,syringa-reticulata,44.466567,-73.198658,"Mapped in UVM's ArcGIS tree layer, 2023–24",redstone,,,,2e7c11d3-b31e-4f40-ac08-745e03c27398
UVM-2300,ulmus-sp,44.466672,-73.198817,"Mapped in UVM's ArcGIS tree layer, 2023–24",redstone,,,,3b0a392c-ad19-43e4-aba9-a6321abb6b9f
UVM-2503,syringa-reticulata,44.466688,-73.198866,"Mapped in UVM's ArcGIS tree layer, 2023–24",redstone,,,,1c127674-5d0a-411b-9cba-d7ca0b44cf73
UVM-4586,syringa-reticulata,44.466659,-73.198905,"Mapped in UVM's ArcGIS tree layer, 2023–24",redstone,,,,b721e977-193d-4a0e-9d2a-41012a5c430f
UVM-2501,syringa-reticulata,44.466601,-73.198870,"Mapped in UVM's ArcGIS tree layer, 2023–24",redstone,,,,ec99b45a-107b-45df-a26e-05f1bd62b6d6
UVM-2504,quercus-palustris,44.466706,-73.199028,"Mapped in UVM's ArcGIS tree layer, 2023–24",redstone,,,,a1627b15-9cff-4ad4-94e3-01bc8dd602ad
UVM-4587,acer-platanoides,44.466713,-73.199229,"Mapped in UVM's ArcGIS tree layer, 2023–24",redstone,,,,62db8c20-eb6a-4625-8dc9-841c6a562dde
UVM-4588,acer-rubrum,44.466746,-73.199310,"Mapped in UVM's ArcGIS tree layer, 2023–24",redstone,,,,c3be6d6a-be35-4939-9bc2-8b2c4f1c3a5e
UVM-4589,acer-rubrum,44.466764,-73.199381,"Mapped in UVM's ArcGIS tree layer, 2023–24",redstone,,,,de5b78b6-28f3-4927-87c1-b9ed058692b3
UVM-4590,acer-rubrum,44.466794,-73.199474,"Mapped in UVM's ArcGIS tree layer, 2023–24",redstone,,,,968341b2-4b50-4352-b471-dfc70dc09c36
UVM-2466,acer-platanoides,44.467985,-73.199999,"Mapped in UVM's ArcGIS tree layer, 2023–24",redstone,,,,315dad29-962b-469e-846c-c83b4aefd3cc
UVM-2467,malus-sp,44.467987,-73.200086,"Mapped in UVM's ArcGIS tree layer, 2023–24",redstone,,,,f3c4f57a-c38d-4c8c-a3b1-a6950a7281e0
UVM-2468,pinus-strobus,44.467979,-73.200161,"Mapped in UVM's ArcGIS tree layer, 2023–24",redstone,,,,78b6660c-669b-4260-ac23-1f5e554fa9c2
UVM-2797,tilia-americana,44.468028,-73.200432,"Mapped in UVM's ArcGIS tree layer, 2023–24",redstone,,,,628a8dfe-c4db-482d-8f41-640c0c466fe1
UVM-2483,malus-sp,44.468102,-73.200420,"Mapped in UVM's ArcGIS tree layer, 2023–24",redstone,,,,b940af4c-1269-420c-8fbd-ddff9dee9bd7
UVM-2470,malus-sp,44.468281,-73.200058,"Mapped in UVM's ArcGIS tree layer, 2023–24",redstone,,,,5494e70e-e4ea-45a5-ac0e-659ba220d189
UVM-2469,malus-sp,44.468307,-73.199997,"Mapped in UVM's ArcGIS tree layer, 2023–24",redstone,,,,c51d34b3-9d5a-488b-8805-31e02a957c2c
UVM-2100,malus-sp,44.468343,-73.200070,"Mapped in UVM's ArcGIS tree layer, 2023–24",redstone,,,,2a5e0674-0d08-4b71-bf94-ae3628a0a67e
UVM-2796,malus-domestica,44.468250,-73.200258,"Mapped in UVM's ArcGIS tree layer, 2023–24",redstone,,,,dfa2c9f8-e1fe-4ef6-bf24-5c48296d1321
UVM-2096,betula-lenta,44.468311,-73.200263,"Mapped in UVM's ArcGIS tree layer, 2023–24",redstone,,,,bb8505a5-bd70-40f5-b916-7d74fdce9cc7
UVM-2097,malus-sp,44.468354,-73.200220,"Mapped in UVM's ArcGIS tree layer, 2023–24",redstone,,,,65b7b930-dab8-477c-bfeb-a581ba470bda
UVM-2795,malus-sp,44.468460,-73.200093,"Mapped in UVM's ArcGIS tree layer, 2023–24",redstone,,,,4d849096-dc30-4cc2-b179-5367191e3607
UVM-2079,catalpa-speciosa,44.468432,-73.199771,"Mapped in UVM's ArcGIS tree layer, 2023–24",redstone,,,,77daa4d3-f47d-497e-8fd8-5414769078c9
UVM-2078,catalpa-speciosa,44.468430,-73.199687,"Mapped in UVM's ArcGIS tree layer, 2023–24",redstone,,,,d6be07e7-36dd-40fd-8cef-5d2e7d301254
UVM-2076,catalpa-speciosa,44.468476,-73.199740,"Mapped in UVM's ArcGIS tree layer, 2023–24",redstone,,,,34705bfb-87c8-439c-9272-2d1d5798387f
UVM-2077,catalpa-speciosa,44.468488,-73.199668,"Mapped in UVM's ArcGIS tree layer, 2023–24",redstone,,,,c755e76d-04ad-4124-bc42-01365605d1c8
UVM-2074,catalpa-speciosa,44.468541,-73.199653,"Mapped in UVM's ArcGIS tree layer, 2023–24",redstone,,,,1f82a18a-8336-4500-a777-22c418954369
UVM-2092,malus-sp,44.468701,-73.200098,"Mapped in UVM's ArcGIS tree layer, 2023–24",redstone,,,,0af5e301-5ecc-494f-ba01-077639edd0b5
UVM-2091,malus-sp,44.468824,-73.200100,"Mapped in UVM's ArcGIS tree layer, 2023–24",redstone,,,,035cc0d8-35ff-4025-8409-63f9c4b20817
UVM-2089,picea-abies,44.468951,-73.200122,"Mapped in UVM's ArcGIS tree layer, 2023–24",redstone,,,,6b51631f-8b77-423a-93bb-3cd37508dfdf
UVM-2088,picea-abies,44.469011,-73.200102,"Mapped in UVM's ArcGIS tree layer, 2023–24",redstone,,,,34894ce2-139d-405b-82aa-4c4ff8d0d509
UVM-4591,malus-sp,44.469162,-73.200152,"Mapped in UVM's ArcGIS tree layer, 2023–24",redstone,,,,504c5e41-9427-4332-9c10-20b1b9aa04c2
UVM-2082,thuja-occidentalis,44.469059,-73.200063,"Mapped in UVM's ArcGIS tree layer, 2023–24",redstone,,,,857d78c9-dd8b-490b-b568-e36047e7c912
UVM-4592,acer-saccharum,44.469144,-73.200062,"Mapped in UVM's ArcGIS tree layer, 2023–24",redstone,,,,4f20f0ab-1799-4c42-9735-ffe9c59495b1
UVM-2792,quercus-bicolor,44.469123,-73.199927,"Mapped in UVM's ArcGIS tree layer, 2023–24",redstone,,,,a6b90526-b8a4-4343-ad5e-b514284474e8
UVM-1937,quercus-palustris,44.470583,-73.198018,"Mapped in UVM's ArcGIS tree layer, 2023–24",redstone,,,,86a3141f-c342-4032-84c9-204c4710e9dc
UVM-2759,pinus-strobus,44.470684,-73.197975,"Mapped in UVM's ArcGIS tree layer, 2023–24",redstone,,,,48a5442e-3c9b-4760-8853-c63ff5a06d62
UVM-2760,pinus-strobus,44.470760,-73.197952,"Mapped in UVM's ArcGIS tree layer, 2023–24",redstone,,,,bf79c3b5-1a0a-4ca5-8d00-e9a132894c3b
UVM-2762,pinus-strobus,44.470757,-73.198031,"Mapped in UVM's ArcGIS tree layer, 2023–24",redstone,,,,2a7d510b-4a23-4906-acee-ed3c67bb0321
UVM-2754,pinus-strobus,44.470690,-73.198052,"Mapped in UVM's ArcGIS tree layer, 2023–24",redstone,,,,7d0fad93-df53-44cd-9bbc-955fe58b098e
UVM-2753,pinus-strobus,44.470676,-73.198168,"Mapped in UVM's ArcGIS tree layer, 2023–24",redstone,,,,67072f66-2811-4284-b808-a0ff92b18d8c
UVM-2751,pinus-strobus,44.470685,-73.198300,"Mapped in UVM's ArcGIS tree layer, 2023–24",redstone,,,,72067dcf-8349-4a4f-a21d-1d32ac8acc33
UVM-2752,pinus-strobus,44.470809,-73.198156,"Mapped in UVM's ArcGIS tree layer, 2023–24",redstone,,,,bf7a987a-6830-4631-b315-7cb366a5ff0a
UVM-2749,pinus-strobus,44.470767,-73.198340,"Mapped in UVM's ArcGIS tree layer, 2023–24",redstone,,,,e7daa4db-1a87-4bd0-b3d7-6861ef6bd777
UVM-2748,pinus-strobus,44.470758,-73.198392,"Mapped in UVM's ArcGIS tree layer, 2023–24",redstone,,,,3ec662f2-0227-4837-acdc-6821e599272c
UVM-2750,pinus-strobus,44.470785,-73.198488,"Mapped in UVM's ArcGIS tree layer, 2023–24",redstone,,,,e0048046-7731-43bd-a002-2cb773b7b95f
UVM-2767,pinus-strobus,44.470844,-73.198598,"Mapped in UVM's ArcGIS tree layer, 2023–24",redstone,,,,59e044da-9f80-4cdc-81a6-105f68131549
UVM-2747,pinus-strobus,44.470786,-73.198654,"Mapped in UVM's ArcGIS tree layer, 2023–24",redstone,,,,86a12147-ed47-4faf-95ea-78dc82490458
UVM-2757,pinus-strobus,44.470798,-73.198757,"Mapped in UVM's ArcGIS tree layer, 2023–24",redstone,,,,0db1ceab-16b8-49af-86ae-9a244c66431b
UVM-2758,pinus-strobus,44.470822,-73.198798,"Mapped in UVM's ArcGIS tree layer, 2023–24",redstone,,,,14e6bdc7-e843-4c1a-8d4d-bb236de2db06
UVM-2746,pinus-strobus,44.470858,-73.198799,"Mapped in UVM's ArcGIS tree layer, 2023–24",redstone,,,,72d97fc0-8e8a-4b59-8dd1-d1bbe270a035
UVM-2745,pinus-strobus,44.470792,-73.198828,"Mapped in UVM's ArcGIS tree layer, 2023–24",redstone,,,,865ddd65-06ca-4437-b5ea-35713179fa1d
UVM-2756,pinus-strobus,44.470822,-73.198855,"Mapped in UVM's ArcGIS tree layer, 2023–24",redstone,,,,0b912a3e-2f03-4d5a-9020-9a11a6debb2c
UVM-2744,pinus-strobus,44.470814,-73.198903,"Mapped in UVM's ArcGIS tree layer, 2023–24",redstone,,,,a01c8209-665d-4309-848f-eaf507c081f6
UVM-2755,pinus-strobus,44.470839,-73.198934,"Mapped in UVM's ArcGIS tree layer, 2023–24",redstone,,,,f2320a81-3065-4354-913f-90d70fa8597a
UVM-2743,pinus-strobus,44.470796,-73.198940,"Mapped in UVM's ArcGIS tree layer, 2023–24",redstone,,,,63d282e9-741e-437e-bf35-06f6d422b78d
UVM-2742,pinus-strobus,44.470822,-73.198979,"Mapped in UVM's ArcGIS tree layer, 2023–24",redstone,,,,8d47fdbf-9958-4756-9b16-fd9236790d86
UVM-2740,pinus-strobus,44.470818,-73.199022,"Mapped in UVM's ArcGIS tree layer, 2023–24",redstone,,,,26568022-5ec0-4038-9b4f-9f1732d76b9c
UVM-2739,picea-abies,44.470799,-73.199096,"Mapped in UVM's ArcGIS tree layer, 2023–24",redstone,,,,7999d285-51b7-42c7-b283-05b08aa1340e
UVM-2741,pinus-strobus,44.470878,-73.199058,"Mapped in UVM's ArcGIS tree layer, 2023–24",redstone,,,,cb8040d1-000a-4fa5-97f6-560e7876a222
UVM-2785,pinus-strobus,44.470905,-73.199020,"Mapped in UVM's ArcGIS tree layer, 2023–24",redstone,,,,feefe256-a99a-412b-9989-97b55283f8d1
UVM-2784,pinus-strobus,44.470868,-73.199011,"Mapped in UVM's ArcGIS tree layer, 2023–24",redstone,,,,04e76106-31f2-4862-a5f9-3339d45520a1
UVM-2773,pinus-strobus,44.470870,-73.198975,"Mapped in UVM's ArcGIS tree layer, 2023–24",redstone,,,,c443a117-c911-426c-b29b-01d0107394ad
UVM-2774,pinus-strobus,44.470893,-73.198943,"Mapped in UVM's ArcGIS tree layer, 2023–24",redstone,,,,d68e5b7a-e7e3-48ad-8f44-72bedbbd10c7
UVM-2783,pinus-strobus,44.470905,-73.198905,"Mapped in UVM's ArcGIS tree layer, 2023–24",redstone,,,,f444dcc3-8f76-4915-8cd9-060b86439bd7
UVM-2775,pinus-strobus,44.470923,-73.198873,"Mapped in UVM's ArcGIS tree layer, 2023–24",redstone,,,,4d83aa78-7b7a-4b13-95f3-2f006b91725a
UVM-2778,pinus-strobus,44.470897,-73.198664,"Mapped in UVM's ArcGIS tree layer, 2023–24",redstone,,,,fa7db252-1cea-4684-a65a-b086e5a86929
UVM-2766,pinus-strobus,44.470903,-73.198591,"Mapped in UVM's ArcGIS tree layer, 2023–24",redstone,,,,823b1132-e94e-49d4-9795-98e6193ebeb0
UVM-2765,pinus-strobus,44.470908,-73.198462,"Mapped in UVM's ArcGIS tree layer, 2023–24",redstone,,,,dcc93eb6-4f53-4b1a-a8fc-00e9a26d1d94
UVM-2763,pinus-strobus,44.470941,-73.198094,"Mapped in UVM's ArcGIS tree layer, 2023–24",redstone,,,,ef4cd5cf-34ed-4b27-a9f6-b64109873a54
UVM-2776,pinus-strobus,44.470999,-73.198071,"Mapped in UVM's ArcGIS tree layer, 2023–24",redstone,,,,4e5f2dca-11d5-4de4-8414-2b10eda0a80a
UVM-4593,pinus-strobus,44.470995,-73.198156,"Mapped in UVM's ArcGIS tree layer, 2023–24",redstone,,,,91abdd5c-1667-4a15-a512-b198aedff88a
UVM-2768,pinus-strobus,44.470967,-73.198596,"Mapped in UVM's ArcGIS tree layer, 2023–24",redstone,,,,7a5035cd-6db7-4d8b-a002-6e7746b2485f
UVM-2779,pinus-strobus,44.471003,-73.198647,"Mapped in UVM's ArcGIS tree layer, 2023–24",redstone,,,,23ce419c-a972-46d2-a621-1f2521b62d6d
UVM-2761,pinus-strobus,44.470972,-73.198703,"Mapped in UVM's ArcGIS tree layer, 2023–24",redstone,,,,76c44b58-6246-4693-9dc2-917da5b9d366
UVM-2680,pinus-strobus,44.471020,-73.198746,"Mapped in UVM's ArcGIS tree layer, 2023–24",redstone,,,,5adc35de-2f3b-4cb9-b297-341bfd1f3d10
UVM-2769,pinus-strobus,44.470981,-73.198747,"Mapped in UVM's ArcGIS tree layer, 2023–24",redstone,,,,a868f936-e819-4de8-bf88-9fd8005d92a3
UVM-2770,pinus-strobus,44.470961,-73.198794,"Mapped in UVM's ArcGIS tree layer, 2023–24",redstone,,,,6c3aedb7-ec1f-4bfd-a057-0f251435463b
UVM-2781,pinus-strobus,44.471050,-73.198820,"Mapped in UVM's ArcGIS tree layer, 2023–24",redstone,,,,73abc905-c1a7-43b7-ae77-5e00a23dafc0
UVM-2782,pinus-strobus,44.471031,-73.198881,"Mapped in UVM's ArcGIS tree layer, 2023–24",redstone,,,,e5e5fdae-7c5e-4bed-8212-7776e9986595
UVM-2771,pinus-strobus,44.470990,-73.198905,"Mapped in UVM's ArcGIS tree layer, 2023–24",redstone,,,,4319afc8-6f0c-40df-8358-03a1434b02d4
UVM-2772,pinus-strobus,44.470967,-73.198966,"Mapped in UVM's ArcGIS tree layer, 2023–24",redstone,,,,be66c46e-ebdd-431d-ab80-3f08168abdd8
UVM-2737,pinus-strobus,44.471006,-73.199055,"Mapped in UVM's ArcGIS tree layer, 2023–24",redstone,,,,0b2b4add-90a8-4bf6-8229-ad50aeceba8d
UVM-2733,pinus-strobus,44.470953,-73.199100,"Mapped in UVM's ArcGIS tree layer, 2023–24",redstone,,,,036bfac5-2377-4661-b130-e523160c1cf1
UVM-2738,pinus-strobus,44.470991,-73.199121,"Mapped in UVM's ArcGIS tree layer, 2023–24",redstone,,,,8c7953b4-b89e-4c22-bf02-dc7752a2570b
UVM-2732,pinus-strobus,44.471028,-73.199088,"Mapped in UVM's ArcGIS tree layer, 2023–24",redstone,,,,cab913d6-9bf2-4434-8431-5fe80a1830be
UVM-2736,pinus-strobus,44.471043,-73.199141,"Mapped in UVM's ArcGIS tree layer, 2023–24",redstone,,,,c4c6c1cb-a239-4b06-9112-1706848dad25
UVM-2735,pinus-strobus,44.471081,-73.199113,"Mapped in UVM's ArcGIS tree layer, 2023–24",redstone,,,,192806e2-6232-422d-8420-87662495f10c
UVM-2731,pinus-strobus,44.471101,-73.199065,"Mapped in UVM's ArcGIS tree layer, 2023–24",redstone,,,,c449fe92-5397-4e3c-ab92-f1431c248240
UVM-2730,pinus-strobus,44.471114,-73.199107,"Mapped in UVM's ArcGIS tree layer, 2023–24",redstone,,,,105503db-5e91-4cd5-9ef6-92f9c5ffede9
UVM-2734,pinus-strobus,44.471151,-73.199132,"Mapped in UVM's ArcGIS tree layer, 2023–24",redstone,,,,f423a14c-6442-4171-a1e2-5f3f3feaa147
UVM-2724,pinus-strobus,44.471151,-73.199087,"Mapped in UVM's ArcGIS tree layer, 2023–24",redstone,,,,9144fb51-a4e3-4af8-83d8-b316148e1961
UVM-2723,pinus-strobus,44.471184,-73.199102,"Mapped in UVM's ArcGIS tree layer, 2023–24",redstone,,,,e9f43db7-abef-4ecd-a911-c339b0d80782
UVM-2786,pinus-strobus,44.471183,-73.198995,"Mapped in UVM's ArcGIS tree layer, 2023–24",redstone,,,,09f2003e-daae-4e93-9099-4cc1dfdae172
UVM-2788,pinus-strobus,44.471214,-73.198972,"Mapped in UVM's ArcGIS tree layer, 2023–24",redstone,,,,0d5b80c8-7767-43c4-a4cf-dbae774d7ded
UVM-2787,pinus-strobus,44.471184,-73.198942,"Mapped in UVM's ArcGIS tree layer, 2023–24",redstone,,,,864c9aeb-b1ca-45d8-816f-ec6316ec3568
UVM-2789,pinus-strobus,44.471219,-73.198926,"Mapped in UVM's ArcGIS tree layer, 2023–24",redstone,,,,d60f71a7-7c43-4a16-9f0a-5034e73968b9
UVM-2790,pinus-strobus,44.471201,-73.198887,"Mapped in UVM's ArcGIS tree layer, 2023–24",redstone,,,,776d3bb8-a68e-441b-8fd4-cd5a5258be8c
UVM-2791,pinus-strobus,44.471196,-73.198724,"Mapped in UVM's ArcGIS tree layer, 2023–24",redstone,,,,0de5bd60-233c-40be-91fb-b1d277aae6b3
UVM-2706,quercus-rubra,44.471175,-73.198598,"Mapped in UVM's ArcGIS tree layer, 2023–24",redstone,,,,f0b173f8-f21b-440c-8f37-8167f69009f7
UVM-2777,pinus-strobus,44.471122,-73.198384,"Mapped in UVM's ArcGIS tree layer, 2023–24",redstone,,,,ba34efe5-5b1b-48d9-aa75-36d289b1c21e
UVM-4594,pinus-strobus,44.471188,-73.198170,"Mapped in UVM's ArcGIS tree layer, 2023–24",redstone,,,,45736f60-9771-491d-8078-056f9a23af84
UVM-4595,pinus-strobus,44.471255,-73.198262,"Mapped in UVM's ArcGIS tree layer, 2023–24",redstone,,,,263fccc3-38f5-4194-8cc5-d7bc88e114be
UVM-4596,pinus-strobus,44.471278,-73.198246,"Mapped in UVM's ArcGIS tree layer, 2023–24",redstone,,,,72305ba3-ffc0-455d-a2a4-2c3f33d5447f
UVM-2713,pinus-strobus,44.471287,-73.198630,"Mapped in UVM's ArcGIS tree layer, 2023–24",redstone,,,,153040ea-a703-4dde-a855-464c55f283ed
UVM-2717,pinus-strobus,44.471286,-73.198746,"Mapped in UVM's ArcGIS tree layer, 2023–24",redstone,,,,ac8f3530-cd91-4325-9301-ccba858f4ba2
UVM-2710,pinus-strobus,44.471294,-73.198793,"Mapped in UVM's ArcGIS tree layer, 2023–24",redstone,,,,c2dd46c3-96fb-4721-aecc-4cc257438793
UVM-2718,pinus-strobus,44.471272,-73.198839,"Mapped in UVM's ArcGIS tree layer, 2023–24",redstone,,,,ba1375aa-b049-49b0-b482-e1c965f3c5c5
UVM-2720,pinus-strobus,44.471309,-73.198870,"Mapped in UVM's ArcGIS tree layer, 2023–24",redstone,,,,7257aa8d-d9d2-4a58-b890-6f50dd581f82
UVM-2719,pinus-strobus,44.471284,-73.198903,"Mapped in UVM's ArcGIS tree layer, 2023–24",redstone,,,,8d443c80-0cf6-4690-a888-647efb064441
UVM-2721,pinus-strobus,44.471282,-73.198993,"Mapped in UVM's ArcGIS tree layer, 2023–24",redstone,,,,d1080cfd-20b3-44d9-89de-94f06b62a91f
UVM-2729,pinus-strobus,44.471256,-73.199079,"Mapped in UVM's ArcGIS tree layer, 2023–24",redstone,,,,bbe9605b-9a67-41fa-b23d-d6864a243ceb
UVM-2725,pinus-strobus,44.471232,-73.199128,"Mapped in UVM's ArcGIS tree layer, 2023–24",redstone,,,,32fc5cc2-9183-4373-a033-d8685e742bb8
UVM-2728,pinus-strobus,44.471281,-73.199136,"Mapped in UVM's ArcGIS tree layer, 2023–24",redstone,,,,880e565c-1e26-47ec-8091-e894de2dd98c
UVM-2726,pinus-strobus,44.471292,-73.199116,"Mapped in UVM's ArcGIS tree layer, 2023–24",redstone,,,,c22502d6-3903-42ef-b4e8-1f4d84616592
UVM-4597,pinus-strobus,44.471319,-73.199141,"Mapped in UVM's ArcGIS tree layer, 2023–24",redstone,,,,7a6f2152-d169-4d16-91c3-6495bf5e1156
UVM-2727,pinus-strobus,44.471338,-73.199135,"Mapped in UVM's ArcGIS tree layer, 2023–24",redstone,,,,54fd6330-8d63-46b9-9be7-71454ab55f8e
UVM-2722,pinus-strobus,44.471381,-73.199139,"Mapped in UVM's ArcGIS tree layer, 2023–24",redstone,,,,6694c206-71e1-4664-91be-43f739528eea
UVM-2714,pinus-strobus,44.471387,-73.199039,"Mapped in UVM's ArcGIS tree layer, 2023–24",redstone,,,,ab673cba-c552-4fae-84d2-9f4ed4c9f421
UVM-1941,acer-platanoides,44.471458,-73.199131,"Mapped in UVM's ArcGIS tree layer, 2023–24",redstone,,,,e7eb4f83-713d-4900-83f4-aa76ccb220e1
UVM-1942,acer-platanoides,44.471477,-73.199158,"Mapped in UVM's ArcGIS tree layer, 2023–24",redstone,,,,40b35b0d-ae61-4bd0-9801-a718ce697500
UVM-1940,pinus-strobus,44.471320,-73.199190,"Mapped in UVM's ArcGIS tree layer, 2023–24",redstone,,,,ccd47534-2052-47f9-b85b-c7339faa8674
UVM-4598,acer-platanoides,44.471225,-73.199186,"Mapped in UVM's ArcGIS tree layer, 2023–24",redstone,,,,a51870f7-fed9-46f8-9d47-c419aaa53263
UVM-4599,acer-platanoides,44.471206,-73.199203,"Mapped in UVM's ArcGIS tree layer, 2023–24",redstone,,,,ed337afa-6915-4e7c-8f05-9847090f77cb
UVM-4600,acer-platanoides,44.471255,-73.199180,"Mapped in UVM's ArcGIS tree layer, 2023–24",redstone,,,,4b17335b-df1d-4ed5-b6d4-e546e575e739
UVM-4601,acer-platanoides,44.471267,-73.199167,"Mapped in UVM's ArcGIS tree layer, 2023–24",redstone,,,,55721031-a023-4fd6-91a9-56ab856299de
UVM-4602,acer-platanoides,44.471292,-73.199166,"Mapped in UVM's ArcGIS tree layer, 2023–24",redstone,,,,497249bc-873c-4267-8cb1-854f5ae181cd
UVM-4603,acer-platanoides,44.471313,-73.199162,"Mapped in UVM's ArcGIS tree layer, 2023–24",redstone,,,,8bde8f7d-a530-490b-8df2-f5b946910343
UVM-4604,acer-platanoides,44.471336,-73.199164,"Mapped in UVM's ArcGIS tree layer, 2023–24",redstone,,,,048736b5-8d72-43a5-90c9-f17fa43f865f
UVM-2711,pinus-strobus,44.471398,-73.198914,"Mapped in UVM's ArcGIS tree layer, 2023–24",redstone,,,,8cec590e-fbda-4ed2-abdb-e364f401aded
UVM-2712,pinus-strobus,44.471405,-73.198860,"Mapped in UVM's ArcGIS tree layer, 2023–24",redstone,,,,f6a2f581-918b-4cd2-834f-f9038aa523a3
UVM-4605,pinus-strobus,44.471392,-73.198821,"Mapped in UVM's ArcGIS tree layer, 2023–24",redstone,,,,e70f3825-0806-4cdc-af29-2f4c2a08bc2d
UVM-2709,pinus-strobus,44.471436,-73.198737,"Mapped in UVM's ArcGIS tree layer, 2023–24",redstone,,,,593abad7-30ea-49cb-a43e-5e18e40f7cec
UVM-4606,acer-platanoides,44.471429,-73.198673,"Mapped in UVM's ArcGIS tree layer, 2023–24",redstone,,,,27476277-388f-47d3-9401-b92159759a47
UVM-4607,acer-platanoides,44.471395,-73.198682,"Mapped in UVM's ArcGIS tree layer, 2023–24",redstone,,,,a447153f-defe-42d1-a59d-030ace55e0dd
UVM-2708,pinus-strobus,44.471405,-73.198613,"Mapped in UVM's ArcGIS tree layer, 2023–24",redstone,,,,86f68e70-b66d-4128-b239-843cda9e7463
UVM-4608,acer-platanoides,44.471369,-73.198581,"Mapped in UVM's ArcGIS tree layer, 2023–24",redstone,,,,bfe9e910-1d3a-4c4b-8706-5c74d8cd8fd9
UVM-4609,acer-platanoides,44.471396,-73.198542,"Mapped in UVM's ArcGIS tree layer, 2023–24",redstone,,,,28d141a8-1d20-4768-b6f5-7553797379a4
UVM-4610,pinus-strobus,44.471501,-73.198454,"Mapped in UVM's ArcGIS tree layer, 2023–24",redstone,,,,e3b0350e-f348-4090-a7e3-3fcdd79f0305
UVM-2704,pinus-strobus,44.471475,-73.198372,"Mapped in UVM's ArcGIS tree layer, 2023–24",redstone,,,,52681d06-2ee9-4502-9745-03ae171e0dcc
UVM-2703,pinus-strobus,44.471443,-73.198362,"Mapped in UVM's ArcGIS tree layer, 2023–24",redstone,,,,184f864a-93d7-4c99-b4ad-f66bcad53673
UVM-2705,pinus-strobus,44.471449,-73.198316,"Mapped in UVM's ArcGIS tree layer, 2023–24",redstone,,,,035f8ed6-0102-44cc-9198-41c58ce6e5d1
UVM-2702,pinus-strobus,44.471465,-73.198107,"Mapped in UVM's ArcGIS tree layer, 2023–24",redstone,,,,c71eaa7c-da34-4781-b426-81643083bd00
UVM-4611,ulmus-sp,44.475272,-73.193704,"Mapped in UVM's ArcGIS tree layer, 2023–24",central,,,,c85592ee-b0ec-428c-ae8b-b3c2b4af3e76
UVM-1429,crataegus-sp,44.473219,-73.194744,"Mapped in UVM's ArcGIS tree layer, 2023–24",athletic,,,,add50391-912b-4d58-a0b7-a1987d519389
UVM-1430,crataegus-sp,44.473222,-73.194674,"Mapped in UVM's ArcGIS tree layer, 2023–24",athletic,,,,c4817d3f-5dda-46ab-87fc-7ce47196ef52
UVM-4612,magnolia-sp,44.469179,-73.199482,"Mapped in UVM's ArcGIS tree layer, 2023–24",redstone,,,,cba1b4f8-b910-492c-9897-65c883de3f32
UVM-4613,larix-sp,44.468955,-73.199673,"Mapped in UVM's ArcGIS tree layer, 2023–24",redstone,,,,cdfb0126-99fd-41fc-b9c7-bd780fca88af
UVM-4614,catalpa-speciosa,44.468874,-73.199604,"Mapped in UVM's ArcGIS tree layer, 2023–24",redstone,,,,3e95da29-3748-4ffd-8249-0466b9ea93ef
UVM-4615,malus-sp,44.468988,-73.199490,"Mapped in UVM's ArcGIS tree layer, 2023–24",redstone,,,,d3f57399-2f78-4ac5-abe4-69161e3e5803
UVM-4616,malus-sp,44.468972,-73.199345,"Mapped in UVM's ArcGIS tree layer, 2023–24",redstone,,,,5c0c9d96-d1f5-4aee-ae62-df31137da304
UVM-4617,thuja-occidentalis,44.469149,-73.198968,"Mapped in UVM's ArcGIS tree layer, 2023–24",redstone,,,,65bcbbbd-a60a-4b8d-89d5-423b634eeeb1
UVM-4618,thuja-occidentalis,44.469127,-73.198976,"Mapped in UVM's ArcGIS tree layer, 2023–24",redstone,,,,a2d09689-bff2-451e-b5fa-3134cf0532fa
UVM-4619,thuja-occidentalis,44.469132,-73.198946,"Mapped in UVM's ArcGIS tree layer, 2023–24",redstone,,,,dd19094a-d3a7-435a-b74f-9dde1ea41a1c
UVM-4620,thuja-occidentalis,44.469114,-73.198978,"Mapped in UVM's ArcGIS tree layer, 2023–24",redstone,,,,a470f75a-c6c1-4372-8c48-717680968e51
UVM-4621,thuja-occidentalis,44.469093,-73.198979,"Mapped in UVM's ArcGIS tree layer, 2023–24",redstone,,,,6ef24366-86ce-4779-a7c7-feefc7a7f25b
UVM-4622,thuja-occidentalis,44.469108,-73.198950,"Mapped in UVM's ArcGIS tree layer, 2023–24",redstone,,,,cdf31a27-c3d3-453c-adc7-5f86b265b267
UVM-4623,thuja-occidentalis,44.469070,-73.198978,"Mapped in UVM's ArcGIS tree layer, 2023–24",redstone,,,,73bf7b70-db03-4398-a25c-7bf64d588107
UVM-4624,thuja-occidentalis,44.469046,-73.198976,"Mapped in UVM's ArcGIS tree layer, 2023–24",redstone,,,,733ec2f8-c7cc-4447-a088-64094109752d
UVM-4625,thuja-occidentalis,44.469063,-73.198948,"Mapped in UVM's ArcGIS tree layer, 2023–24",redstone,,,,2818a534-41b9-4ebb-8e1d-bda1a0c9eb2a
UVM-4626,thuja-occidentalis,44.469015,-73.198976,"Mapped in UVM's ArcGIS tree layer, 2023–24",redstone,,,,8e8f4d8e-ec96-40ac-ab56-d5f781aee4b6
UVM-4627,thuja-occidentalis,44.468946,-73.198971,"Mapped in UVM's ArcGIS tree layer, 2023–24",redstone,,,,29a38e94-d206-4339-9b67-26cc2ac512f6
UVM-4628,thuja-occidentalis,44.468925,-73.198966,"Mapped in UVM's ArcGIS tree layer, 2023–24",redstone,,,,d8d0ce46-1226-4013-ae48-8820f3112ee9
UVM-4629,thuja-occidentalis,44.468934,-73.198939,"Mapped in UVM's ArcGIS tree layer, 2023–24",redstone,,,,165f1190-6960-4458-91c3-2b2486941350
UVM-4630,malus-sp,44.468909,-73.198794,"Mapped in UVM's ArcGIS tree layer, 2023–24",redstone,,,,785077db-6dde-48fd-8bd5-c518d1ae8ccd
UVM-4631,thuja-occidentalis,44.468839,-73.198920,"Mapped in UVM's ArcGIS tree layer, 2023–24",redstone,,,,ee36bf5e-4bb1-4f88-a78b-cb4e577bd5df
UVM-4632,malus-sp,44.468787,-73.198823,"Mapped in UVM's ArcGIS tree layer, 2023–24",redstone,,,,3fec9290-ad79-4430-bf51-2e48dc0d6048
UVM-4633,acer-campestre,44.468726,-73.198884,"Mapped in UVM's ArcGIS tree layer, 2023–24",redstone,,,,55df9680-fd6e-43d2-a1bd-95bee8d5d59f
UVM-4634,acer-campestre,44.468664,-73.198945,"Mapped in UVM's ArcGIS tree layer, 2023–24",redstone,,,,95263169-b210-45f1-b45b-3ebc156cbc63
UVM-4635,acer-campestre,44.468593,-73.198990,"Mapped in UVM's ArcGIS tree layer, 2023–24",redstone,,,,31336dfa-4550-4ca9-9ae5-20768476fccf
UVM-4636,malus-sp,44.468513,-73.199046,"Mapped in UVM's ArcGIS tree layer, 2023–24",redstone,,,,066733f8-e24a-4192-8f2c-57e158671b22
UVM-4637,acer-rubrum,44.468588,-73.199121,"Mapped in UVM's ArcGIS tree layer, 2023–24",redstone,,,,00d1c96d-d5fb-48a0-bb64-36ce094aa67c
UVM-4638,acer-rubrum,44.468740,-73.199113,"Mapped in UVM's ArcGIS tree layer, 2023–24",redstone,,,,ccda23e9-d895-46f6-a7ca-a71f37216df4
UVM-4639,acer-rubrum,44.468822,-73.199233,"Mapped in UVM's ArcGIS tree layer, 2023–24",redstone,,,,1b341410-5bea-4aec-b43e-67e279c6b0ea
UVM-4640,acer-rubrum,44.468732,-73.199231,"Mapped in UVM's ArcGIS tree layer, 2023–24",redstone,,,,cde1b48c-7b2e-43ae-b2ef-481bf68b7ad5
UVM-4641,acer-rubrum,44.468649,-73.199220,"Mapped in UVM's ArcGIS tree layer, 2023–24",redstone,,,,c2a14ae0-e3b8-4cf9-8fa1-8fd018b253b9
UVM-4642,acer-rubrum,44.468579,-73.199222,"Mapped in UVM's ArcGIS tree layer, 2023–24",redstone,,,,a83ddd8c-9635-4770-b00a-724d4652d263
UVM-4643,malus-sp,44.468499,-73.199215,"Mapped in UVM's ArcGIS tree layer, 2023–24",redstone,,,,9d3a25df-ad7e-489e-8a44-ea912443eb95
UVM-4644,ulmus-sp,44.468590,-73.198797,"Mapped in UVM's ArcGIS tree layer, 2023–24",redstone,,,,67df36b9-0f88-4b84-9ebb-0c4da731599c
UVM-4645,ulmus-sp,44.468658,-73.198687,"Mapped in UVM's ArcGIS tree layer, 2023–24",redstone,,,,84432cc1-e431-4037-b293-52f99ee2b929
UVM-4646,malus-sp,44.468739,-73.198711,"Mapped in UVM's ArcGIS tree layer, 2023–24",redstone,,,,ed00c5de-f86d-4b4f-85d9-2b09ed5a6c2d
UVM-4647,malus-sp,44.468804,-73.198630,"Mapped in UVM's ArcGIS tree layer, 2023–24",redstone,,,,90af6fa0-cab9-49a0-98dd-dfc9d5729f4c
UVM-4648,platanus-occidentalis,44.468645,-73.198425,"Mapped in UVM's ArcGIS tree layer, 2023–24",redstone,,,,9a9c2671-8eac-405f-820e-f6194c045612
UVM-4649,platanus-occidentalis,44.468565,-73.198410,"Mapped in UVM's ArcGIS tree layer, 2023–24",redstone,,,,5fa72d2f-6ebf-41b9-93b1-812b3a99ce92
UVM-4650,platanus-occidentalis,44.468493,-73.198405,"Mapped in UVM's ArcGIS tree layer, 2023–24",redstone,,,,b50437c6-56f1-45ea-98b8-c0201bdc5295
UVM-4651,platanus-occidentalis,44.468426,-73.198401,"Mapped in UVM's ArcGIS tree layer, 2023–24",redstone,,,,19570ae6-b54e-446b-bfc0-4d58ccde5f45
UVM-4652,malus-sp,44.468189,-73.198290,"Mapped in UVM's ArcGIS tree layer, 2023–24",redstone,,,,02399a5d-ef70-4b0a-bb97-77f2fb7edca8
UVM-4653,malus-sp,44.467945,-73.198257,"Mapped in UVM's ArcGIS tree layer, 2023–24",redstone,,,,d5d008f1-d4cb-4be2-9bd2-1af494929bda
UVM-4654,platanus-occidentalis,44.467766,-73.198360,"Mapped in UVM's ArcGIS tree layer, 2023–24",redstone,,,,0619bac2-ebae-46e0-8415-badf4b075c8a
UVM-4655,platanus-occidentalis,44.467615,-73.198367,"Mapped in UVM's ArcGIS tree layer, 2023–24",redstone,,,,003185f3-2ce0-442d-ae86-7d2f9df0175e
UVM-4656,platanus-occidentalis,44.467527,-73.198370,"Mapped in UVM's ArcGIS tree layer, 2023–24",redstone,,,,c218cc85-ad77-4722-9e84-c34af3b31de6
UVM-4657,thuja-occidentalis,44.467452,-73.198358,"Mapped in UVM's ArcGIS tree layer, 2023–24",redstone,,,,0a3f3dc5-2d5d-44c0-abd8-439f010b56f7
UVM-4658,larix-sp,44.467347,-73.198174,"Mapped in UVM's ArcGIS tree layer, 2023–24",redstone,,,,5435121b-2b76-44e2-b9c0-a12dc175f49b
UVM-4659,larix-sp,44.467341,-73.198351,"Mapped in UVM's ArcGIS tree layer, 2023–24",redstone,,,,dc2b4700-a8a0-44e1-a0d4-dab014daf328
UVM-4660,larix-sp,44.467344,-73.198435,"Mapped in UVM's ArcGIS tree layer, 2023–24",redstone,,,,927e5217-5279-43cf-90f0-27856c137104
UVM-4661,gleditsia-triacanthos,44.467299,-73.198656,"Mapped in UVM's ArcGIS tree layer, 2023–24",redstone,,,,f5e54063-a8b6-498b-bc9e-1606eaa48163
UVM-4662,gleditsia-triacanthos,44.467297,-73.198713,"Mapped in UVM's ArcGIS tree layer, 2023–24",redstone,,,,f536be62-ce78-4b17-bce0-b3f4e08b110f
UVM-4663,gleditsia-triacanthos,44.467292,-73.198920,"Mapped in UVM's ArcGIS tree layer, 2023–24",redstone,,,,a131eddc-8460-4d8e-a0d3-c60fd8ce2753
UVM-4664,larix-sp,44.467317,-73.199023,"Mapped in UVM's ArcGIS tree layer, 2023–24",redstone,,,,6efc9175-46ca-40fd-9f9b-6ba8aa354cae
UVM-4665,larix-sp,44.467335,-73.199410,"Mapped in UVM's ArcGIS tree layer, 2023–24",redstone,,,,fcc79bed-c551-4837-aed2-f1f84d638231
UVM-4666,acer-rubrum,44.467500,-73.199164,"Mapped in UVM's ArcGIS tree layer, 2023–24",redstone,,,,2b0d42e4-70ad-481a-bb00-4c7a059a967a
UVM-4667,acer-rubrum,44.467589,-73.199169,"Mapped in UVM's ArcGIS tree layer, 2023–24",redstone,,,,088416be-8377-4793-a92a-cfd10dcf8623
UVM-4668,acer-rubrum,44.467694,-73.199169,"Mapped in UVM's ArcGIS tree layer, 2023–24",redstone,,,,e9f9cad8-ff27-4b1d-8a7d-bc69c90aa7af
UVM-4669,acer-rubrum,44.467798,-73.199175,"Mapped in UVM's ArcGIS tree layer, 2023–24",redstone,,,,013e6868-9dfd-4c5c-9bad-e56c3156e858
UVM-4670,malus-sp,44.467644,-73.199226,"Mapped in UVM's ArcGIS tree layer, 2023–24",redstone,,,,42cd5e25-f674-4238-ab4e-73b290ec439e
UVM-4671,malus-sp,44.467856,-73.199231,"Mapped in UVM's ArcGIS tree layer, 2023–24",redstone,,,,eaa3a310-8dfb-4c1d-9f1c-af60b7c4aebd
UVM-4672,fraxinus-sp,44.467765,-73.199002,"Mapped in UVM's ArcGIS tree layer, 2023–24",redstone,,,,a54349ae-3129-4f74-8349-a62057ff9525
UVM-4673,acer-rubrum,44.467699,-73.199051,"Mapped in UVM's ArcGIS tree layer, 2023–24",redstone,,,,2d2d01e0-fea4-41c5-a65c-7753d43c76cf
UVM-4674,acer-rubrum,44.467586,-73.199037,"Mapped in UVM's ArcGIS tree layer, 2023–24",redstone,,,,7884e706-e141-4832-b5b8-db942f66b891
UVM-4675,platanus-occidentalis,44.467601,-73.198535,"Mapped in UVM's ArcGIS tree layer, 2023–24",redstone,,,,33d3a2d3-94b1-40af-869c-b630701830e8
UVM-4676,platanus-occidentalis,44.467759,-73.198528,"Mapped in UVM's ArcGIS tree layer, 2023–24",redstone,,,,928f156d-1938-40d5-8ce8-a25ecdc2ab4c
UVM-4677,quercus-robur-fastigiata,44.468004,-73.198554,"Mapped in UVM's ArcGIS tree layer, 2023–24",redstone,,,,a6d54dd0-4a9b-4c8b-bf99-93b18d75e89d
UVM-4678,ulmus-sp,44.468146,-73.198609,"Mapped in UVM's ArcGIS tree layer, 2023–24",redstone,,,,dd73fa0a-e07a-4e69-b55f-0f3c1376e5a7
UVM-4679,ulmus-sp,44.468117,-73.198757,"Mapped in UVM's ArcGIS tree layer, 2023–24",redstone,,,,4a641c9b-4b70-45d8-b7a5-239087608e10
UVM-4680,ulmus-sp,44.468102,-73.198890,"Mapped in UVM's ArcGIS tree layer, 2023–24",redstone,,,,f0ce3016-0d4a-4aa7-8cd7-a01c4c9ccb19
UVM-4681,malus-sp,44.468072,-73.199027,"Mapped in UVM's ArcGIS tree layer, 2023–24",redstone,,,,7de8ccbf-ca5f-4641-bb61-312b6ed8635b
UVM-4682,acer-rubrum,44.467986,-73.199038,"Mapped in UVM's ArcGIS tree layer, 2023–24",redstone,,,,fc116c45-caa6-4865-991f-8b7244404cc2
UVM-4683,acer-rubrum,44.467942,-73.199064,"Mapped in UVM's ArcGIS tree layer, 2023–24",redstone,,,,fb9ed9cf-d31e-4054-b5a5-43fdd4241cd2
UVM-4684,acer-rubrum,44.467884,-73.199061,"Mapped in UVM's ArcGIS tree layer, 2023–24",redstone,,,,30ea23d1-87c8-4101-ba72-a47267606133
UVM-4685,malus-sp,44.467977,-73.199249,"Mapped in UVM's ArcGIS tree layer, 2023–24",redstone,,,,e01f4d01-a84a-414a-b5b7-f0c51784fe8b
UVM-4686,malus-sp,44.468173,-73.199037,"Mapped in UVM's ArcGIS tree layer, 2023–24",redstone,,,,126df716-1a7e-4b55-9d8a-679485531c65
UVM-4687,malus-sp,44.468201,-73.199224,"Mapped in UVM's ArcGIS tree layer, 2023–24",redstone,,,,66f3539e-1abe-4cf0-aec2-ecacca003460
UVM-4688,ulmus-sp,44.468176,-73.198920,"Mapped in UVM's ArcGIS tree layer, 2023–24",redstone,,,,4d27a7f9-6d29-41e3-8ae6-8d8fd0b0f965
UVM-4689,ulmus-sp,44.468205,-73.198770,"Mapped in UVM's ArcGIS tree layer, 2023–24",redstone,,,,41cfe2ae-5c46-4717-bbb7-0c853cb502e7
UVM-4690,pinus-sylvestris,44.468444,-73.198859,"Mapped in UVM's ArcGIS tree layer, 2023–24",redstone,,,,05fdde2a-872f-414a-b053-cfaced8d6ad2
UVM-4691,pinus-sylvestris,44.468483,-73.198831,"Mapped in UVM's ArcGIS tree layer, 2023–24",redstone,,,,a275b770-a271-4d93-a3a3-0e05346a075b
UVM-4692,pinus-sylvestris,44.468448,-73.198800,"Mapped in UVM's ArcGIS tree layer, 2023–24",redstone,,,,0e0fcc3b-4503-4878-81b0-f199973ed628
UVM-4693,ulmus-sp,44.468553,-73.198734,"Mapped in UVM's ArcGIS tree layer, 2023–24",redstone,,,,4bd64e49-ec9b-461d-9da2-3df8d36aa2f8
UVM-4694,ulmus-sp,44.468630,-73.198636,"Mapped in UVM's ArcGIS tree layer, 2023–24",redstone,,,,8c5bcffd-f72d-4808-96f9-4f3db0f90f44
UVM-4695,platanus-occidentalis,44.468635,-73.198554,"Mapped in UVM's ArcGIS tree layer, 2023–24",redstone,,,,1f2d46d2-f3b4-47e4-9a54-f135a68e87e6
UVM-4696,platanus-occidentalis,44.468498,-73.198544,"Mapped in UVM's ArcGIS tree layer, 2023–24",redstone,,,,4019d6fc-1826-435d-bd03-845bc0e04d3b
UVM-4697,acer-platanoides,44.469614,-73.199123,"Mapped in UVM's ArcGIS tree layer, 2023–24",redstone,,,,e09f52ba-2d77-4c6e-947e-652d425644e9
UVM-4698,acer-platanoides,44.469626,-73.199112,"Mapped in UVM's ArcGIS tree layer, 2023–24",redstone,,,,ec6e6d87-d7eb-4aa2-a080-b92791bdae8c
UVM-4699,acer-platanoides,44.469640,-73.199116,"Mapped in UVM's ArcGIS tree layer, 2023–24",redstone,,,,48638905-9b57-441e-98e7-c2e94056baad
UVM-4700,acer-platanoides,44.469645,-73.199101,"Mapped in UVM's ArcGIS tree layer, 2023–24",redstone,,,,21127f6a-54d6-4e8c-bb57-c3c828afcefb
UVM-4701,acer-platanoides,44.469659,-73.199107,"Mapped in UVM's ArcGIS tree layer, 2023–24",redstone,,,,dd38476f-4906-4191-a9df-2ef975b1ec6c
UVM-4702,acer-platanoides,44.469670,-73.199092,"Mapped in UVM's ArcGIS tree layer, 2023–24",redstone,,,,7bdd02d2-ed81-4753-b550-7d94f815838b
UVM-4703,acer-platanoides,44.469681,-73.199111,"Mapped in UVM's ArcGIS tree layer, 2023–24",redstone,,,,630ef896-12e1-474b-aada-fca126778536
UVM-2026-0001,gleditsia-triacanthos,44.478459,-73.201477,Position set by pin on imagery,central,,,,""
UVM-2026-0002,gleditsia-triacanthos,44.478200,-73.201528,Position set by pin on imagery,central,,,,""
UVM-2026-0003,acer-x-freemanii,44.477818,-73.201807,Position set by pin on imagery,central,,,,""
UVM-2026-0004,acer-x-freemanii,44.477869,-73.201807,Position set by pin on imagery,central,,,,""
UVM-2026-0005,acer-x-freemanii,44.477907,-73.201810,Position set by pin on imagery,central,,,,
