taxon_id,scientific_name,common_name,family,genus,species,infraspecific,cultivar,plant_type,origin,flower_color,flower_months,fruit_color,fruit_months,fall_color,mature_height_ft,mature_spread_ft,bark_profile,pest_resistance,soil_preference,hardiness_zones,wikipedia_url,description,fun_fact
abies-balsamea,Abies balsamea,Balsam fir,Pinaceae,Abies,balsamea,,,evergreen-tree,vermont-native,yellow,5,purple,"9,10",none,55,20,Smooth grey with raised resin blisters,Balsam woolly adelgid,"Cool, moist, acid; shallow-rooted",3-6,https://en.wikipedia.org/wiki/Abies_balsamea,"The Christmas-tree scent of Vermont's north woods. Flat needles with two white bands beneath, and blisters of fragrant resin on smooth grey bark.","Its resin, sold as Canada balsam, was the standard cement for microscope slides and lenses — it bends light almost exactly as glass does, so a glued joint all but disappears."
abies-concolor,Abies concolor,White fir,Pinaceae,Abies,concolor,,,evergreen-tree,introduced,yellow,5,green,"9,10",none,50,25,"Smooth grey, becoming thick and furrowed",Few in the Northeast; better in heat than most firs,Well-drained; more drought tolerant than other firs,3-7,https://en.wikipedia.org/wiki/Abies_concolor,"A western fir with long, blue-grey needles that curve upward from the twig. Tolerates city conditions better than most firs.","Its Latin name, concolor, means ""one colour"": the needles are the same blue-grey on both sides, where most firs are white underneath."
abies-grandis,Abies grandis,Grand fir,Pinaceae,Abies,grandis,,,evergreen-tree,introduced,yellow,5,green,"9,10",none,70,25,Smooth grey with resin blisters,Poorly adapted to the Northeast; balsam woolly adelgid,"Cool, moist, well-drained",5-6,https://en.wikipedia.org/wiki/Abies_grandis,"A Pacific Northwest fir whose needles lie in flat, glossy ranks and smell strongly of citrus when crushed.","The tallest of all the true firs, reaching well over 200 feet in the rainforests of the Pacific Northwest."
abies-nordmanniana,Abies nordmanniana,Nordman fir,Pinaceae,Abies,nordmanniana,,,evergreen-tree,introduced,yellow,5,brown,"9,10",none,50,25,"Smooth dark grey, becoming plated",More heat tolerant than most firs,"Moist, well-drained; shelter from wind",4-6,https://en.wikipedia.org/wiki/Abies_nordmanniana,"A dense, dark fir from the Caucasus, widely grown for Christmas trees because its needles hold on so stubbornly.","Named for Alexander von Nordmann, a Finnish naturalist who came across it in the mountains of the Caucasus in the 1830s."
acer-buergeranum,Acer buergerianum,Trident maple,Sapindaceae,Acer,buergeranum,,,deciduous-tree,introduced,yellow,"4,5",brown,"9,10",orange,30,25,"Grey-brown, flaking in irregular patches with age",Few known problems,Well-drained; tolerates urban conditions,5-9,https://en.wikipedia.org/wiki/Acer_buergeranum,"A small Asian maple with three-lobed leaves like a duck's foot and flaking, patchy bark on older trunks.","One of the classic bonsai subjects: it takes hard pruning without sulking, and old specimens develop flaking, mottled bark in miniature."
acer-campestre,Acer campestre,Hedge maple,Sapindaceae,Acer,campestre,,,deciduous-tree,introduced,yellow-green,5,brown,"9,10",yellow,30,30,"Corky, finely fissured, often with ridged twigs",Few known problems,Well-drained; tolerates alkaline soil and pruning,4-8,https://en.wikipedia.org/wiki/Acer_campestre,"A compact European maple with small, blunt-lobed leaves and milky sap in the leaf stalk. Long used for hedging in Britain.","In Britain, where it is called field maple, it is the only maple native to the country. The sycamore and Norway maple there are both introductions."
acer-ginnala,Acer ginnala,Amur maple,Sapindaceae,Acer,ginnala,,,deciduous-tree,vermont-invasive,white,5,red,"8,9",red,18,18,"Smooth grey, becoming lightly furrowed",Few problems; self-seeds readily,Adaptable; tolerates cold and drought,2-8,https://en.wikipedia.org/wiki/Acer_ginnala,"A shrubby maple from northeast Asia with small, sharply three-lobed leaves and fragrant spring flowers. It seeds itself into woods and is invasive in parts of the Northeast.","Its leaves are among the first of any tree to turn in autumn, going scarlet by early September."
acer-griseum,Acer griseum,Paperbark maple,Sapindaceae,Acer,griseum,,,deciduous-tree,introduced,yellow,5,brown,"9,10",red,25,20,"Cinnamon-orange, peeling in papery curls year round",Few known problems; slow to establish,"Moist, well-drained; dislikes drought",4-8,https://en.wikipedia.org/wiki/Acer_griseum,"Cinnamon-coloured bark peels in papery curls year-round, making this small Chinese maple as striking in winter as in leaf.","Most of its seeds are empty, so it is hard to raise and stayed rare in gardens for most of the century after it reached the West in 1901."
acer-miyabei,Acer miyabei,Miyabe maple,Sapindaceae,Acer,miyabei,,,deciduous-tree,introduced,yellow-green,"4,5",brown,"9,10",yellow,45,40,"Corky, deeply furrowed grey-brown, unusual for a maple",Few serious problems; tolerates urban stress well,Wide range; tolerates clay and drought once established,4-7,https://en.wikipedia.org/wiki/Acer_miyabei,"A tough Japanese maple grown as a street tree for its corky, deeply furrowed bark — unusual in a genus known for smooth grey trunks.","Named for Kingo Miyabe, the Japanese botanist who first described Hokkaido's flora. It is uncommon in the wild and rarer still in gardens."
acer-negundo,Acer negundo,Boxelder,Sapindaceae,Acer,negundo,,,deciduous-tree,vermont-native,green,"4,5",tan,"9,10",yellow,50,40,"Pale grey-brown, shallowly ridged",Boxelder bug; weak wood and frequent breakage,Wet to dry; colonises disturbed ground,2-9,https://en.wikipedia.org/wiki/Acer_negundo,"An untidy, fast-growing native maple with compound leaves that look more like ash. Colonises riverbanks and disturbed ground.","Boxelder bugs, the red-and-black insects that crowd onto sunny walls in autumn, are named for it: they feed on its seeds."
acer-palmatum,Acer palmatum,Japanese maple,Sapindaceae,Acer,palmatum,,,deciduous-tree,introduced,red,5,red,"9,10",red,20,18,"Smooth grey-green, striated when young",Verticillium wilt; scorch in exposed sites,"Moist, well-drained, acid; shelter from wind",5-8,https://en.wikipedia.org/wiki/Acer_palmatum,"The Japanese maple of gardens, with finely cut, star-shaped leaves and a layered, sculptural habit.","More than a thousand named forms have been selected over four centuries of Japanese cultivation, differing in leaf shape, colour and size."
acer-platanoides,Acer platanoides,Norway maple,Sapindaceae,Acer,platanoides,,,deciduous-tree,vermont-invasive,yellow,"4,5",brown,"9,10",yellow,60,45,Grey-black with fine regular ridges,Verticillium wilt; girdling roots are common,Very adaptable; tolerates compaction and shade,3-7,https://en.wikipedia.org/wiki/Acer_platanoides,"A European maple with broad, dark leaves, planted along streets for a century and now invasive in the Northeast, where its dense shade crowds out native seedlings. It holds its leaves green into November.",Snap a leafstalk and it bleeds milky white sap. Sugar maple's runs clear — the fastest way to tell a native from this invasive.
acer-platanoides-columnare,Acer platanoides 'Columnare',Columnar Norway maple,Sapindaceae,Acer,platanoides,,Columnare,deciduous-tree,vermont-invasive,yellow,"4,5",brown,"9,10",yellow,45,15,Grey-black with fine regular ridges,Verticillium wilt; girdling roots are common,Very adaptable; tolerates compaction and shade,3-7,https://en.wikipedia.org/wiki/Acer_platanoides,"A narrow upright form of Norway maple, planted where a street is too tight for a full crown. Invasive in Vermont like the species.","Norway maple reached North America in 1756, when the Philadelphia plant collector John Bartram brought it over from Europe."
acer-platanoides-crimson-king,Acer platanoides 'Crimson King',Crimson King Maple,Sapindaceae,Acer,platanoides,,Crimson King,deciduous-tree,vermont-invasive,yellow,"4,5",brown,"9,10",bronze,45,40,Grey-black with fine regular ridges,Verticillium wilt; dark foliage scorches in heat,Adaptable; tolerates compaction,4-7,https://en.wikipedia.org/wiki/Acer_platanoides,"A Norway maple selection whose leaves stay deep purple-black all summer. Invasive like the species, and heavily planted before that was understood.","Purple leaves hold less working chlorophyll than green ones, so this selection grows noticeably slower than the ordinary Norway maple it came from."
acer-pseudosieboldianum,Acer pseudosieboldianum,Korean maple,Sapindaceae,Acer,pseudosieboldianum,,,deciduous-tree,introduced,purple-red,5,brown,9,red,20,20,"Smooth grey, green-tinged on young stems",Few problems; needs shelter from afternoon sun,"Moist, acidic, well-drained; dislikes drought",4-8,https://en.wikipedia.org/wiki/Acer_pseudosieboldianum,"The hardiest of the fine-textured Asian maples, with deeply cut leaves that turn fire-engine red. Survives where Japanese maple will not.","Its Latin name means ""false Siebold's maple"": it looks so much like Siebold's maple, a Japanese species, that it was named for the resemblance."
acer-rubrum,Acer rubrum,Red maple,Sapindaceae,Acer,rubrum,,,deciduous-tree,vermont-native,red,"3,4",red,"5,6",red,60,40,"Smooth silver-grey when young, breaking into shaggy plates",Generally trouble-free; leafhopper and gall mites cosmetic,"Wide range, wet to dry; tolerates poor drainage",3-9,https://en.wikipedia.org/wiki/Acer_rubrum,"Red in every season: scarlet flowers on bare twigs in early spring, red leafstalks all summer, red winged seeds, usually scarlet in autumn. The leaf tells it from sugar maple: three shallow lobes, toothed all round and pale beneath, where sugar maple's edges are smooth.","Uncommon in many of the forests the first European settlers saw, it is now one of the most abundant trees in eastern North America. Ecologists call this the red maple paradox, and point to a century of fire suppression and logging."
acer-rubrum-armstrong,Acer rubrum 'Armstrong',Armstrong red maple,Sapindaceae,Acer,rubrum,,Armstrong,deciduous-tree,vermont-native,red,"3,4",red,"5,6",orange,50,15,"Smooth silver-grey when young, breaking into shaggy plates",Generally trouble-free; leafhopper and gall mites cosmetic,"Wide range, wet to dry; tolerates poor drainage",3-9,https://en.wikipedia.org/wiki/Acer_rubrum,"Tightly columnar red maple, barely wider than a lamp post at maturity. Fall colour runs orange rather than the scarlet of the species.","Columnar trees start as a single odd seedling or branch and are kept going only by grafting. Seed from them grows into ordinary spreading trees."
acer-rubrum-columnare,Acer rubrum 'Columnare',Columnar red maple,Sapindaceae,Acer,rubrum,,Columnare,deciduous-tree,vermont-native,red,"3,4",red,"5,6",red,50,18,"Smooth silver-grey when young, breaking into shaggy plates",Generally trouble-free; leafhopper and gall mites cosmetic,"Wide range, wet to dry; tolerates poor drainage",3-9,https://en.wikipedia.org/wiki/Acer_rubrum,"An upright red maple holding a narrow oval crown without pruning.","Red maple can be tapped for syrup too. Its sap is thinner than sugar maple's, so it takes longer to boil, and the season ends early because it buds out first."
acer-rubrum-october-glory,Acer rubrum 'October Glory',October Glory red maple,Sapindaceae,Acer,rubrum,,October Glory,deciduous-tree,vermont-native,red,"3,4",red,"5,6",red,45,35,"Smooth silver-grey, plating with age","Generally trouble-free; colours late, sometimes after the first hard frost","Moist, well-drained; tolerates wet ground",4-9,https://en.wikipedia.org/wiki/Acer_rubrum,"A red maple holding glossy foliage late and turning deep crimson well after most maples have dropped.","It came from Princeton Nurseries in New Jersey, the same nursery that gave the Princeton American elm."
acer-rubrum-red-sunset,Acer rubrum 'Red Sunset',Red Sunset red maple,Sapindaceae,Acer,rubrum,,Red Sunset,deciduous-tree,vermont-native,red,"3,4",red,"5,6",red,50,40,"Smooth silver-grey when young, breaking into shaggy plates",Generally trouble-free; better street tolerance than the straight species,"Wide range, wet to dry; tolerates poor drainage",4-8,https://en.wikipedia.org/wiki/Acer_rubrum,"A red maple selection chosen for early, reliable scarlet autumn colour and a strong central leader. One of the most planted street trees in the Northeast.","Its registered name is 'Franksred', after J. Frank Schmidt, whose Oregon nursery introduced it in 1966. Red Sunset is the name it is sold under."
acer-saccharinum,Acer saccharinum,Silver maple,Sapindaceae,Acer,saccharinum,,,deciduous-tree,vermont-native,red,"2,3",brown,"5,6",yellow,70,55,"Silver-grey, shaggy and flaking in long strips",Brittle wood fails in storms; prone to included bark,Wet to moist; very tolerant of flooding,3-9,https://en.wikipedia.org/wiki/Acer_saccharinum,"Leaves flash silver-white beneath in a breeze, which is where the name comes from. Fast-growing and brittle, so old specimens often carry storm damage.","Its winged seeds ripen in May and sprout within days of landing. Most maple seeds wait for a winter before they will grow."
acer-saccharinum-skinneri,Acer saccharinum 'Skinneri',Cutleaf silver maple,Sapindaceae,Acer,saccharinum,,Skinneri,deciduous-tree,vermont-native,red,"2,3",brown,"5,6",yellow,70,45,"Silver-grey, shaggy and flaking in long strips",Brittle wood fails in storms; prone to included bark,Wet to moist; very tolerant of flooding,3-9,https://en.wikipedia.org/wiki/Acer_saccharinum,"A cutleaf silver maple whose leaves are dissected almost to the midrib, giving the whole crown a lacy, fern-like texture.","Cutleaf forms turn up now and then as mutations in many trees. This one is kept going by grafting, since its seedlings grow ordinary silver maple leaves."
acer-saccharum,Acer saccharum,Sugar maple,Sapindaceae,Acer,saccharum,,,deciduous-tree,vermont-native,yellow-green,"4,5",brown,"9,10",orange,75,50,"Grey, becoming deeply furrowed into long irregular plates","Sensitive to road salt, compaction and drought — the usual urban decline","Deep, moist, well-drained; dislikes compaction",3-8,https://en.wikipedia.org/wiki/Acer_saccharum,"Vermont's state tree and the source of maple syrup. The leaves have five lobes with smooth edges and rounded gaps between them, and turn orange to scarlet in autumn.",It takes about forty gallons of sap to boil down to one gallon of syrup — and a tree needs forty years before it is worth tapping.
acer-sp,Acer sp.,Maple,Sapindaceae,Acer,,,,deciduous-tree,,,,,,,,,,Varies by species — identify before assuming,,3-9,https://en.wikipedia.org/wiki/Acer,"Vermont's most-planted genus, spanning natives like sugar and red maple and introductions like Norway maple. Leaves and buds grow in opposite pairs, which narrows a bare winter tree to maple, ash, dogwood or horsechestnut.","A maple seed is a wing with a weight on the end. It autorotates as it falls, and that spin can carry it a hundred yards from the parent tree."
acer-tataricum,Acer tataricum,Tatarian maple,Sapindaceae,Acer,tataricum,,,deciduous-tree,introduced,white,5,red,"7,8",red,20,20,"Smooth grey-brown, becoming lightly ridged",Few problems; seeds freely enough to escape cultivation,Undemanding; tolerates dry and alkaline soils,3-8,https://en.wikipedia.org/wiki/Acer_tataricum,"Small and multi-stemmed, with showy red winged seeds in midsummer that read as flowers from a distance.","It is named for the Tatars, whose homeland on the steppes lies within its native range, from southeastern Europe to Central Asia."
acer-triflorum,Acer triflorum,Three-flower maple,Sapindaceae,Acer,triflorum,,,deciduous-tree,introduced,yellow-green,"4,5",brown,"9,10",red,25,25,"Shaggy, vertically peeling brown, exfoliating in papery strips",Very few known problems,"Moist, well-drained, slightly acidic",4-7,https://en.wikipedia.org/wiki/Acer_triflorum,"Named for its flowers in threes. Grown for peeling amber bark and reliably brilliant orange-red fall colour.","Its leaves are divided into three separate leaflets, so it looks nothing like the maples most people know. Box elder is the one native maple with divided leaves."
acer-truncatum,Acer truncatum,Shantung maple,Sapindaceae,Acer,truncatum,,,deciduous-tree,introduced,yellow,"4,5",brown,"9,10",orange,25,25,"Grey-brown, shallowly ridged with age",Few known problems; good heat and drought tolerance,Well-drained; tolerates drought and alkaline soil,4-8,https://en.wikipedia.org/wiki/Acer_truncatum,"A compact Asian maple with glossy, sharply lobed leaves that emerge reddish and turn orange-red. Increasingly planted where larger maples will not fit.","Its seeds are pressed for an oil rich in nervonic acid, and in China it is now grown as a crop for that oil."
acer-x-freemanii,Acer x freemanii,Freeman's maple,Sapindaceae,Acer,x freemanii,,,deciduous-tree,introduced,red,"3,4",red,"5,6",orange,55,40,"Smooth grey, breaking into plates earlier than red maple",Better structure than silver maple but still storm-prone if unpruned,"Wide range, wet to dry",3-8,https://en.wikipedia.org/wiki/Acer_×_freemanii,"A hybrid of red and silver maple that combines the red's autumn colour with the silver's speed. The leaves are cut more deeply than a red maple's and less than a silver's.","Oliver Freeman made the cross on purpose at the US National Arboretum in 1933, and it then turned out nature had been making it all along wherever the two parents meet."
acer-x-freemanii-armstrong,Acer x freemanii 'Armstrong',Armstrong Freeman maple,Sapindaceae,Acer,x freemanii,,Armstrong,deciduous-tree,introduced,red,"3,4",red,"5,6",orange,50,15,"Smooth grey, breaking into plates earlier than red maple",Better structure than silver maple but still storm-prone if unpruned,"Wide range, wet to dry",3-8,https://en.wikipedia.org/wiki/Acer_×_freemanii,"Columnar Freeman maple, as narrow as the red maple of the same name but faster and more tolerant of poor soil.","The tight branch angles that make it narrow also make it fragile: bark gets pinched between rising limbs, and a heavy snow can split one open."
acer-x-freemanii-autumn-blaze,Acer x freemanii 'Autumn Blaze',Autumn Blaze maple,Sapindaceae,Acer,x freemanii,,Autumn Blaze,deciduous-tree,introduced,red,"3,4",red,"5,6",orange,55,40,"Smooth grey, plating earlier than red maple",Fast growth gives weak branch unions — needs structural pruning early,"Wide range, wet to dry; very adaptable",3-8,https://en.wikipedia.org/wiki/Acer_×_freemanii,"A red and silver maple hybrid combining the silver's fast growth with the red's autumn colour. The leaves turn orange-red and hold it well into October.","Its registered name is 'Jeffersred', after Glenn Jeffers, the Ohio nurseryman who selected it. Autumn Blaze is the name it is sold under."
acer-x-freemanii-sienna-glen,Acer x freemanii 'Sienna Glen',Sienna Glen maple,Sapindaceae,Acer,x freemanii,,Sienna Glen,deciduous-tree,introduced,red,"3,4",red,"5,6",orange,50,35,"Smooth grey, plating with age",Better branch structure and less storm breakage than Autumn Blaze,"Wide range, wet to dry",3-8,https://en.wikipedia.org/wiki/Acer_×_freemanii,"A Minnesota-bred Freeman maple with a stronger central leader than Autumn Blaze, and a softer orange-burgundy autumn.","Sienna, the autumn colour it is named for, is an earth pigment first dug near the Italian city of Siena."
aesculus-hippocastanum,Aesculus hippocastanum,Common horsechestnut,Sapindaceae,Aesculus,hippocastanum,,,deciduous-tree,introduced,white,5,brown,"9,10",yellow,60,45,"Grey-brown, flaking in irregular plates",Leaf blotch and scorch are routine by late summer; leaf miner,"Moist, well-drained, deep",3-7,https://en.wikipedia.org/wiki/Aesculus_hippocastanum,"Big palmate leaves, candelabra flower spikes in May, and the glossy brown conkers that children have collected for centuries.",The conkers are not chestnuts and are mildly poisonous — this tree is not remotely related to the sweet chestnut whose name it borrowed.
aesculus-x-arnoldiana,Aesculus x arnoldiana,Arnold horsechestnut,Sapindaceae,Aesculus,x arnoldiana,,,deciduous-tree,introduced,yellow,"5,6",brown,"9,10",yellow,40,35,"Grey-brown, becoming scaly with age",More leaf-blotch resistant than common horsechestnut,"Deep, moist, well-drained",4-7,https://en.wikipedia.org/wiki/Aesculus,"A hybrid horsechestnut raised at the Arnold Arboretum, holding its foliage cleanly through a summer that scorches its parents.","Three species went into it rather than the usual two: American buckeyes crossed onto the European horsechestnut, which is a tangled parentage for a garden tree."
aesculus-x-carnea,Aesculus x carnea,Red horsechestnut,Sapindaceae,Aesculus,x carnea,,,deciduous-tree,introduced,red,5,brown,"9,10",yellow,40,35,"Grey-brown, flaking in irregular plates",Much less leaf blotch and scorch than common horsechestnut,"Moist, well-drained, deep",4-7,https://en.wikipedia.org/wiki/Aesculus_×_carnea,A horsechestnut hybrid with deep rose-red flower spikes and cleaner summer foliage than its European parent.,"A hybrid of the common horsechestnut and North America's red buckeye, which is where the pink flowers come from."
alnus-hirsuta,Alnus hirsuta,Manchurian alder,Betulaceae,Alnus,hirsuta,,,deciduous-tree,introduced,yellow-brown,"3,4",brown,"9,10",none,45,30,"Smooth dark grey, marked with pale horizontal lenticels",Few problems; fixes its own nitrogen,Wet to average; thrives where drainage is poor,3-7,https://en.wikipedia.org/wiki/Alnus_hirsuta,"Fixes nitrogen at its roots and tolerates soil too wet for most street trees. Small woody cones persist through winter.","Freshly cut alder wood turns orange-red, as if it were bleeding, which gave alders an uneasy place in European folklore."
alnus-x-spaethii,Alnus x spaethii,Spaeth alder,Betulaceae,Alnus,x spaethii,,,deciduous-tree,introduced,yellow-brown,"3,4",brown,"9,10",none,40,25,Smooth dark grey with prominent lenticels,Few problems; more heat-tolerant than other alders,Tolerates both wet ground and urban drought,4-7,https://en.wikipedia.org/wiki/Alnus,"A vigorous hybrid alder with long glossy leaves, planted where a tough narrow tree is needed on difficult ground.","Raised around 1908 at the Späth nursery in Berlin, once one of the largest tree nurseries in the world."
amelanchier-canadensis,Amelanchier canadensis,Shadblow serviceberry,Rosaceae,Amelanchier,canadensis,,,shrub,vermont-native,white,"4,5",purple,6,orange,20,15,Smooth grey with darker vertical striping,Rust and leaf spot in damp years,"Moist, acidic; tolerates wet feet better than other serviceberries",3-8,https://en.wikipedia.org/wiki/Amelanchier_canadensis,"A suckering, multi-stemmed serviceberry of damp ground. Early white flowers, edible June berries, and orange-red fall colour.","Serviceberries were a staple fruit for many Indigenous peoples, dried and pounded together with meat and fat into pemmican."
amelanchier-laevis,Amelanchier laevis,Allegheny serviceberry,Rosaceae,Amelanchier,laevis,,,deciduous-tree,vermont-native,white,"4,5",purple,"6,7",orange,25,20,Smooth grey with distinct darker vertical striping,Rust and leaf spot in wet springs; otherwise easy,"Moist, well-drained, acid; sun to part shade",4-8,https://en.wikipedia.org/wiki/Amelanchier_laevis,"New leaves emerge bronze-purple beneath a haze of white flowers. The June berries are among the best wild fruit in the Northeast, if the birds leave any.","The tallest of the native serviceberries, sometimes reaching 40 feet in the woods."
amelanchier-sp,Amelanchier sp.,Serviceberry,Rosaceae,Amelanchier,,,,deciduous-tree,vermont-native,white,"4,5",purple,"6,7",orange,22,18,Smooth grey with darker vertical striping,Cedar-serviceberry rust; generally easy,"Moist, well-drained, acid; sun to part shade",4-8,https://en.wikipedia.org/wiki/Amelanchier,"Among the first native trees to flower, in a haze of white before the leaves. The June berries are edible and much loved by birds.","Folklore says it is called serviceberry because it flowers just as the ground thaws enough to dig graves for burial services after winter. Its other name, shadbush, marks the spring run of shad up East Coast rivers."
amelanchier-x-grandiflora,Amelanchier x grandiflora,Apple serviceberry,Rosaceae,Amelanchier,x grandiflora,,,deciduous-tree,vermont-native,white,"4,5",purple,6,orange,25,20,"Smooth silver-grey, striped darker",Rust and leaf spot; generally healthier than the parents,"Moist, well-drained, acidic",4-9,https://en.wikipedia.org/wiki/Amelanchier_%C3%97_grandiflora,"A hybrid serviceberry with larger flowers than either parent, opening pink-tinged before the leaves.",Nearly every serviceberry sold as a garden tree is this hybrid under a cultivar name. 'Autumn Brilliance' and 'Robin Hill' are both this cross.
amelanchier-x-grandiflora-autumn-brilliance,Amelanchier x grandiflora 'Autumn Brilliance',Autumn Brilliance serviceberry,Rosaceae,Amelanchier,x grandiflora,,Autumn Brilliance,deciduous-tree,vermont-native,white,"4,5",purple,"6,7",orange,22,18,Smooth grey with darker vertical striping,More rust and leaf-spot resistant than most serviceberries,"Moist, well-drained, acid; sun to part shade",4-9,https://en.wikipedia.org/wiki/Amelanchier_×_grandiflora,"A serviceberry selected for heavy white bloom, edible June fruit and reliable orange-red autumn colour. Often grown multi-stemmed.","A serviceberry is a tiny apple: cut one across and you find the same five-part core in miniature."
aralia-spinosa,Aralia spinosa,Devils Walkingstick,Araliaceae,Aralia,spinosa,,,deciduous-tree,introduced,white,"7,8",black,"9,10",yellow,20,12,Pale grey and heavily armed with sharp prickles,Few pests; suckers aggressively into thickets,"Moist, well-drained; sun to part shade",4-9,https://en.wikipedia.org/wiki/Aralia_spinosa,"A gawky, sparsely branched small tree armed with vicious prickles, carrying enormous compound leaves and frothy late-summer flower heads.","It belongs to the ginseng family. In Japan the spring shoots of a close relative are a prized wild vegetable, fried as tempura."
betula-alleghaniensis,Betula alleghaniensis,Yellow birch,Betulaceae,Betula,alleghaniensis,,,deciduous-tree,vermont-native,green,"4,5",brown,"8,9",yellow,70,40,"Bronze-gold, shredding in fine curls",Bronze birch borer on stressed trees,"Cool, moist, acid; shade tolerant when young",3-7,https://en.wikipedia.org/wiki/Betula_alleghaniensis,"Bronze-gold shredding bark; twigs smell of wintergreen when scratched.","It often sprouts on a rotting log or stump, so once the wood beneath has rotted away an old tree stands on stilt-like roots. It is the longest-lived of our birches, sometimes passing 300 years."
betula-lenta,Betula lenta,Sweet birch,Betulaceae,Betula,lenta,,,deciduous-tree,vermont-native,green,"4,5",brown,"8,9",yellow,60,40,"Dark cherry-like with horizontal lenticels, plating with age",Relatively borer-resistant,"Moist, well-drained, acid; rocky slopes",3-8,https://en.wikipedia.org/wiki/Betula_lenta,"Dark, cherry-like bark and twigs that smell distinctly of wintergreen when scratched — the original source of the oil.","Its sap can be tapped and boiled down like maple's, or fermented. Birch beer, root beer's cousin, was first brewed from this tree."
betula-nigra,Betula nigra,River birch,Betulaceae,Betula,nigra,,,deciduous-tree,introduced,green,"4,5",brown,"5,6",yellow,55,45,"Ragged salmon-pink and cream, peeling in sheets","Resistant to bronze birch borer, unlike most birches","Wet to moist, acid; tolerates flooding",4-9,https://en.wikipedia.org/wiki/Betula_nigra,"A river birch whose ragged, salmon-pink bark peels in sheets. Unusually heat-tolerant for a birch, and resistant to bronze birch borer.","The only birch whose seed ripens in late spring rather than autumn — timed to fall just as floodwaters drop and leave fresh mud on the riverbank to sprout in."
betula-nigra-heritage,Betula nigra 'Heritage',Heritage river birch,Betulaceae,Betula,nigra,,Heritage,deciduous-tree,introduced,green,"4,5",brown,"8,9",yellow,45,40,"Peeling in wide sheets of cream, salmon and cinnamon — paler than the species",Resistant to bronze birch borer and leaf spot,"Moist to wet, acid; tolerates flooding",4-9,https://en.wikipedia.org/wiki/Betula_nigra,"A river birch selected for lighter, showier peeling bark and cleaner foliage. The usual choice where white birches would fail to borers.","Every Heritage river birch is a clone of one tree, found in the St. Louis area in the late 1960s and grown from cuttings ever since."
betula-papyrifera,Betula papyrifera,Paper birch,Betulaceae,Betula,papyrifera,,,deciduous-tree,vermont-native,green,"4,5",brown,"8,9",yellow,60,30,"Chalk-white, peeling in wide papery sheets",Bronze birch borer is the usual killer of stressed trees,"Cool, moist, acid; suffers in heat",2-7,https://en.wikipedia.org/wiki/Betula_papyrifera,"Chalk-white bark marked with dark horizontal lines peels in papery curls. Grey birch is white too, but its bark does not peel and its leaves are sharply triangular.","The bark is waterproof, rot-resistant and peels in sheets, which is why canoes were built from it — and why peeling it from a living tree scars it permanently."
betula-populifolia,Betula populifolia,Gray birch,Betulaceae,Betula,populifolia,,,deciduous-tree,vermont-native,green,"4,5",brown,"8,9",yellow,30,25,"Chalky white and non-peeling, with dark triangles under branches",Bronze birch borer; short-lived,"Poor, dry, sterile ground; a pioneer",3-6,https://en.wikipedia.org/wiki/Betula_populifolia,"A slender pioneer birch of poor soils, with chalky white bark that does not peel and dark triangular patches beneath each branch.","Robert Frost's poem ""Birches"" is about trees like these: slender trunks bent to the ground by ice storms, which stay bowed for years afterwards."
betula-populifolia-whitespire,Betula populifolia 'Whitespire',Whitespire birch,Betulaceae,Betula,populifolia,,Whitespire,deciduous-tree,vermont-native,green,"4,5",brown,"8,9",yellow,40,25,Chalky non-peeling white with dark triangles beneath the branches,"Selected for bronze birch borer resistance, the usual killer of white birches",Tolerates heat and poorer soil better than paper birch,3-7,https://en.wikipedia.org/wiki/Betula_populifolia,"A grey birch selection with a single straight trunk and chalk-white bark that does not peel. Chosen for borer resistance where paper birch struggles.","Birch bark is white because of betulin, a waxy compound that reflects sunlight and is thought to protect the trunk from winter sunscald."
buxus-sempervirens,Buxus sempervirens,Common boxwood,Buxaceae,Buxus,sempervirens,,,shrub,introduced,yellow-green,4,brown,,none,12,12,"Pale grey-brown, corky on old stems","Boxwood blight, leafminer and winter burn on exposed sites","Well-drained, neutral to alkaline; shallow-rooted",5-8,https://en.wikipedia.org/wiki/Buxus_sempervirens,"The classic clipped evergreen of formal gardens. Small leathery leaves, and a distinctive scent that people either like or very much do not.",Boxwood is so dense it sinks in water. Wood engravers cut their blocks from it because the end grain takes a line finer than any metal type.
callitropsis-nootkatensis,Callitropsis nootkatensis,Alaska cedar,Cupressaceae,Callitropsis,nootkatensis,,,evergreen-tree,introduced,yellow,"4,5",brown,"9,10",none,50,18,"Fibrous grey-brown, shredding in vertical strips",Few known problems,"Cool, moist, well-drained",4-7,https://en.wikipedia.org/wiki/Callitropsis_nootkatensis,"A Pacific coast cypress with drooping, curtain-like sprays of foliage that give it a permanently wilted look.",One of the slowest-growing and longest-lived conifers of the Pacific coast; trees over a thousand years old are known.
caragana-arborescens,Caragana arborescens,Siberian peashrub,Fabaceae,Caragana,arborescens,,,shrub,introduced,yellow,5,brown,"7,8",yellow,18,14,"Smooth olive-green, becoming grey-brown",Very few problems; extremely tough,"Poor, dry, alkaline; fixes its own nitrogen",2-7,https://en.wikipedia.org/wiki/Caragana_arborescens,"A nitrogen-fixing legume from Siberia that survives cold, drought and salt where nothing else will. Pea-like yellow flowers in spring.","Its pods snap open in late summer with an audible pop, flinging the seeds away from the plant."
carpinus-betulus,Carpinus betulus,European hornbeam,Betulaceae,Carpinus,betulus,,,deciduous-tree,introduced,green,"4,5",green,"9,10",yellow,45,35,"Smooth grey, fluted and rippling like muscle",Very few known problems; among the most trouble-free street trees,"Well-drained; tolerates alkaline soil, shade and hard pruning",4-8,https://en.wikipedia.org/wiki/Carpinus_betulus,"A dense, fine-textured hornbeam that takes shearing better than almost any other tree, which is why it turns up as hedges, allées and narrow street forms.","The wood is so hard that mills cut their gear teeth from it. The name is horn, for hardness, plus beam, the old word for tree."
carpinus-caroliniana,Carpinus caroliniana,American hornbeam,Betulaceae,Carpinus,caroliniana,,,deciduous-tree,vermont-native,green,"4,5",green,"8,9",orange,28,25,"Smooth blue-grey, rippling like flexed muscle",Very few known problems,"Moist, well-drained, acid; shade tolerant",3-9,https://en.wikipedia.org/wiki/Carpinus_caroliniana,"Smooth grey bark ripples over the trunk like flexed muscle, giving it the names musclewood and blue beech. An understory tree of moist woods.","Its wood is so hard and tough that it was used for ox yokes, mallets and tool handles, which is why another of its names is ironwood."
carya-cordiformis,Carya cordiformis,Bitternut hickory,Juglandaceae,Carya,cordiformis,,,deciduous-tree,vermont-native,yellow-green,"4,5",green-brown,"9,10",yellow,65,45,"Grey, smooth at first, later shallowly ridged in a flat network",Few serious problems; difficult to transplant,"Moist, rich bottomland; tolerates periodic flooding",4-8,https://en.wikipedia.org/wiki/Carya_cordiformis,"A tall native hickory with bright sulphur-yellow winter buds, the surest way to identify it, and thin-husked nuts too bitter for anything but squirrels.","Hickory wood is tough and springy, used for tool handles and wagon wheels, and its smoke gives bacon and ham their classic hickory flavour."
carya-glabra,Carya glabra,Pignut hickory,Juglandaceae,Carya,glabra,,,deciduous-tree,vermont-native,green,"4,5",brown,"9,10",yellow,70,40,"Grey, tight and ridged, not shaggy",Hickory bark beetle; difficult to transplant,"Dry upland slopes, well-drained",4-9,https://en.wikipedia.org/wiki/Carya_glabra,"A hickory of dry upland slopes, with compound leaves that turn clear gold and a thin-husked nut that squirrels open readily.","Named because the nuts were thought fit for pigs and not much else, though squirrels disagree."
carya-ovata,Carya ovata,Shagbark hickory,Juglandaceae,Carya,ovata,,,deciduous-tree,vermont-native,yellow-green,"4,5",brown,"9,10",yellow,75,50,"Grey, splitting into long plates that curl away at both ends",Few serious problems; slow to establish after transplanting,"Deep, moist, well-drained",4-8,https://en.wikipedia.org/wiki/Carya_ovata,Unmistakable in winter for its shaggy bark peeling away in long curling plates. Sweet edible nuts.,"The shaggy plates that curl away from the trunk are prime summer roosts for bats, including the endangered Indiana bat."
castanea-dentata,Castanea dentata,American chestnut,Fagaceae,Castanea,dentata,,,deciduous-tree,vermont-native,cream,"6,7",brown,"9,10",yellow,60,45,"Grey-brown, shallowly furrowed; rarely seen mature since the blight",Chestnut blight is usually fatal before the tree reaches maturity,"Well-drained, acidic; dislikes lime",4-8,https://en.wikipedia.org/wiki/Castanea_dentata,"Long, narrow leaves with a hooked, bristle-tipped tooth at the end of every vein, and spiny burs holding sweet nuts. Once a dominant tree of the eastern forest.","A blight introduced around 1904 killed some four billion of these trees in fifty years. The roots survive and still send up sprouts, which die back before they can seed."
catalpa-speciosa,Catalpa speciosa,Northern catalpa,Bignoniaceae,Catalpa,speciosa,,,deciduous-tree,introduced,white,6,brown,"9,10",yellow,55,40,"Grey-brown, ridged and scaly",Catalpa sphinx caterpillar; large leaf and pod litter,Wide range; tolerates wet and dry,4-8,https://en.wikipedia.org/wiki/Catalpa_speciosa,"Enormous heart-shaped leaves, showy white flowers in June, and long bean-like pods that hang through winter.",The foot-long seed pods give it the name cigar tree. The caterpillars that strip it are prized by anglers as bait.
celtis-occidentalis,Celtis occidentalis,Hackberry,Cannabaceae,Celtis,occidentalis,,,deciduous-tree,vermont-native,green,"4,5",purple,"9,10",yellow,55,50,Grey with distinctive corky warts and ridges,Nipple gall and witches broom are disfiguring but not harmful,"Very wide range; tolerates drought, wind and alkaline soil",2-9,https://en.wikipedia.org/wiki/Celtis_occidentalis,"Corky, warty ridges on the bark make this one easy to name by touch. Its small dark fruits persist into winter for the birds.","People have eaten hackberries for a very long time: seeds of an Asian relative turn up in the Zhoukoudian caves in China, where early humans were eating the fruit hundreds of thousands of years ago."
cercidiphyllum-japonicum,Cercidiphyllum japonicum,Katsuratree,Cercidiphyllaceae,Cercidiphyllum,japonicum,,,deciduous-tree,introduced,red,"3,4",brown,"9,10",orange,45,35,"Grey-brown, shaggy and peeling on older trunks",Few pests; sensitive to drought when young,"Moist, well-drained, fertile; dislikes drought",4-8,https://en.wikipedia.org/wiki/Cercidiphyllum_japonicum,"Round blue-green leaves turn apricot in autumn and give off a distinct smell of burnt sugar or cotton candy as they fall.","The burnt-sugar smell is maltol, the compound that gives caramel and fresh bread part of their smell. In Japan its wood is a traditional choice for the boards of the game go."
cercis-canadensis,Cercis canadensis,Eastern redbud,Fabaceae,Cercis,canadensis,,,deciduous-tree,introduced,purple,"4,5",brown,"9,10",yellow,25,28,"Smooth grey-brown, becoming scaly with orange in the fissures",Canker; verticillium wilt; short-lived,"Moist, well-drained; part shade at this latitude",4-9,https://en.wikipedia.org/wiki/Cercis_canadensis,"Magenta-pink flowers erupt directly from bare branches in spring, before the heart-shaped leaves appear.","The flowers burst straight out of the bark and even the trunk, a habit called cauliflory that is common in the tropics and rare here. They are edible, and taste faintly of peas."
cercis-canadensis-flame-thrower,Cercis canadensis 'Flame Thrower',Flame Thrower redbud,Fabaceae,Cercis,canadensis,,Flame Thrower,deciduous-tree,introduced,purple,"4,5",brown,"9,10",yellow,20,20,"Smooth grey-brown, becoming scaly with orange in the fissures",Canker; at the cold edge of redbud's range here — site it with shelter,"Moist, well-drained; part shade at this latitude",5-9,https://en.wikipedia.org/wiki/Cercis_canadensis,"A redbud whose new leaves emerge burgundy and mature through orange and yellow to green, so several colours show at once. Magenta flowers on bare branches first.","A university's work rather than a chance find: it came out of the redbud breeding programme at North Carolina State, which has produced most of the coloured-leaf redbuds now sold."
chamaecyparis-obtusa,Chamaecyparis obtusa,Hinoki falsecypress,Cupressaceae,Chamaecyparis,obtusa,,,evergreen-tree,introduced,brown,4,brown,10,none,45,15,"Reddish-brown, peeling in long strips",Few known problems,"Moist, well-drained, acid; shelter from wind",4-8,https://en.wikipedia.org/wiki/Chamaecyparis_obtusa,"A Japanese cypress with fans of blunt, glossy foliage marked underneath by white Y-shaped lines. Sacred timber in Japan.","A Noh theatre stage is traditionally built of nothing but hinoki, and the fragrant wood is still prized in Japan for luxury bathtubs, whose scent rises with the steam."
chamaecyparis-pisifera,Chamaecyparis pisifera,Sawara falsecypress,Cupressaceae,Chamaecyparis,pisifera,,,evergreen-tree,introduced,brown,4,brown,10,none,50,15,"Reddish-brown, shredding vertically",Blight in humid crowded plantings,"Moist, well-drained, acid",4-8,https://en.wikipedia.org/wiki/Chamaecyparis_pisifera,"Japanese cypress grown in many forms, from feathery threadleaf cultivars to soft moss-like mounds.",Many of its garden forms are stuck in juvenile foliage — soft and feathery rather than scaled — a condition the species outgrows in the wild.
chionanthus-retusus,Chionanthus retusus,Chinese fringetree,Oleaceae,Chionanthus,retusus,,,deciduous-tree,introduced,white,"5,6",blue-black,9,yellow,22,22,"Grey-brown, peeling in flakes on older trunks",Very few known problems,"Moist, well-drained, acidic; full sun for best flowering",4-8,https://en.wikipedia.org/wiki/Chionanthus_retusus,"Smothered in fleecy white flower panicles in late spring, the whole crown appearing to have been snowed on.","A member of the olive family, which shows in the small blue-black fruit that follows the fringed flowers."
chionanthus-virginicus,Chionanthus virginicus,White fringetree,Oleaceae,Chionanthus,virginicus,,,deciduous-tree,introduced,white,"5,6",blue-black,"8,9",yellow,18,18,"Smooth grey-brown, ridged with age",Very few known problems,"Moist, acidic, well-drained",3-9,https://en.wikipedia.org/wiki/Chionanthus_virginicus,"Fringe-like white flowers hang in loose drooping clusters, faintly fragrant. Slow, and among the last trees to leaf out in spring.","Called old man's beard for the drooping fringe of flowers. Male and female flowers are on separate trees, and only the females fruit."
cladrastis-kentukea,Cladrastis kentukea,Yellowwood,Fabaceae,Cladrastis,kentukea,,,deciduous-tree,introduced,white,"5,6",brown,"9,10",yellow,40,45,"Smooth grey, beech-like",Weak branch unions — needs early structural pruning,Well-drained; tolerates alkaline soil,4-8,https://en.wikipedia.org/wiki/Cladrastis_kentukea,"Smooth grey bark like a beech, bright yellow autumn colour, and long chains of white pea flowers in early summer — though not every year.","Rare in the wild and scattered across a handful of states, yet perfectly happy in cultivation. The heartwood yields a clear yellow dye, which names it."
clethra-alnifolia,Clethra alnifolia,Summersweet,Clethraceae,Clethra,alnifolia,,,shrub,vermont-native,white,"7,8",brown,"9,10",yellow,6,5,"Slender grey-brown stems, exfoliating slightly",Very few problems; spider mite in dry sites,"Moist to wet, acidic; tolerates shade and salt spray",3-9,https://en.wikipedia.org/wiki/Clethra_alnifolia,"Spikes of intensely sweet white flowers in high summer, when almost nothing else is blooming. Tolerates wet ground and shade.","Its other name, sweet pepperbush, comes from the dry seed capsules, which look like peppercorns and stay on the twigs all winter."
cornus-alternifolia,Cornus alternifolia,Pagoda dogwood,Cornaceae,Cornus,alternifolia,,,shrub,vermont-native,white,"5,6",blue,"8,9",red,25,25,Smooth greenish-grey with pale striping,Golden canker can kill branches or whole plants,"Moist, well-drained, acid; part shade",3-7,https://en.wikipedia.org/wiki/Cornus_alternifolia,"A small native dogwood whose branches spread in flat, horizontal tiers like the roofs of a pagoda. Flat clusters of creamy flowers in June, then blue-black berries on red stalks.","The only dogwood that carries its leaves one at a time along the twig. Every other dogwood has them in opposite pairs."
cornus-florida,Cornus florida,Flowering dogwood,Cornaceae,Cornus,florida,,,deciduous-tree,vermont-native,white,5,red,"9,10",red,25,25,"Blocky, finely checkered, alligator-hide",Dogwood anthracnose has reduced this species across its range; borers,"Moist, well-drained, acid; part shade",5-9,https://en.wikipedia.org/wiki/Cornus_florida,"Four large white bracts surround the true flowers, opening before the leaves. Under pressure from dogwood anthracnose across its range.","Its hard, shock-resistant wood was the favoured material for the shuttles of textile-mill looms, which went through them by the million."
cornus-kousa,Cornus kousa,Kousa dogwood,Cornaceae,Cornus,kousa,,,deciduous-tree,introduced,white,6,red,"8,9",red,22,22,"Mottled and exfoliating in tan, grey and brown patches",Notably more anthracnose-resistant than the native dogwood,"Moist, well-drained, acid",5-8,https://en.wikipedia.org/wiki/Cornus_kousa,"A later-flowering Asian dogwood with pointed white bracts, raspberry-like fruit, and mottled bark on older trunks.","It is largely immune to dogwood anthracnose, the fungus that has been killing native flowering dogwoods across the eastern woods since the 1970s."
cornus-mas,Cornus mas,Corneliancherry dogwood,Cornaceae,Cornus,mas,,,deciduous-tree,introduced,yellow,"3,4",red,"7,8",purple,20,18,"Flaking grey-brown, exposing orange beneath",Very few known problems,Well-drained; tolerates alkaline soil,4-8,https://en.wikipedia.org/wiki/Cornus_mas,"Clusters of small yellow flowers on bare twigs in very early spring, followed by tart red fruit used for preserves in eastern Europe.","Its wood is dense enough to sink in water, which is why Greek and Roman spear shafts were cut from it."
cornus-sericea,Cornus sericea,Redosier dogwood,Cornaceae,Cornus,sericea,,,shrub,vermont-native,white,"5,6",white,"8,9",red,8,10,"Deep red young stems, greying with age",Leaf spot and canker on crowded plants,Wet to moist; excellent for streambanks and rain gardens,3-8,https://en.wikipedia.org/wiki/Cornus_sericea,"A thicket-forming native shrub grown for red winter stems, and one of the most useful plants for stabilising wet ground.","Indigenous peoples dried its inner bark and mixed it with tobacco for smoking, one of several plants known as kinnikinnick."
cornus-sericea-ragin-red,Cornus sericea 'Ragin Red',Ragin Red redosier dogwood,Cornaceae,Cornus,sericea,,Ragin Red,shrub,vermont-native,white,"5,6",white,"8,9",red,5,5,Brilliant red young stems — the reason it is planted,Leaf spot and canker on crowded plants; stems need renewal pruning for colour,Moist to wet; tolerates poor drainage,3-7,https://en.wikipedia.org/wiki/Cornus_sericea,"A compact redosier dogwood with intense red winter stems and burgundy-tinged summer leaves.","The red of the stems comes from anthocyanins, the same pigments that colour autumn leaves, blueberries and red cabbage."
cornus-sp,Cornus sp.,Dogwood,Cornaceae,Cornus,,,,deciduous-tree,,,,,,,,,,Varies by species — identify before assuming,,2-9,https://en.wikipedia.org/wiki/Cornus,"Anything from a flowering dogwood tree to a redosier shrub in a wet ditch. The leaf veins curve to follow the edge, and a leaf torn gently apart stays joined by fine white threads.","The name may come from dagwood: the wood is hard and close-grained enough to be cut into dags, the skewers used for roasting meat."
corylus-avellana,Corylus avellana,Contorted hazelnut,Betulaceae,Corylus,avellana,,,deciduous-tree,introduced,yellow,"2,3",brown,"8,9",yellow,15,15,Smooth brown with pale lenticels,Eastern filbert blight,Well-drained; tolerates alkaline soil,4-8,https://en.wikipedia.org/wiki/Corylus_avellana,"European hazel: a multi-stemmed shrub with soft, rounded, doubly toothed leaves, yellow catkins in late winter, and the hazelnuts of commerce. Best known in gardens in its contorted form.","Every contorted hazel in the world descends from a single twisted bush found in an English hedgerow in the 1860s, propagated by cuttings ever since."
corylus-colurna,Corylus colurna,Turkish filbert,Betulaceae,Corylus,colurna,,,deciduous-tree,introduced,yellow,"3,4",brown,"9,10",yellow,45,30,"Pale grey-brown, corky and flaking in small plates",Remarkably free of pests; resists eastern filbert blight,"Very adaptable; tolerates drought, heat and alkaline soil",4-7,https://en.wikipedia.org/wiki/Corylus_colurna,"A neatly pyramidal nut tree from southeastern Europe and Turkey, tough enough for difficult street sites. Its nuts sit in frilly, bristly husks that look like little sea anemones.","Almost alone among hazels it grows as a single-trunked tree rather than a suckering shrub. The nuts are edible, though small and very hard-shelled."
cotinus-coggygria,Cotinus coggygria,Common smoketree,Anacardiaceae,Cotinus,coggygria,,,deciduous-tree,introduced,pink,"6,7",brown,"8,9",orange,13,15,"Grey-brown, flaking on old wood",Verticillium wilt,"Lean, well-drained; poor soil gives better colour",4-8,https://en.wikipedia.org/wiki/Cotinus_coggygria,"Airy plumes of spent flower stalks give the whole shrub a smoky haze through summer.","Its wood yields a yellow dye, called young fustic, once used to colour wool and leather."
cotinus-obovatus,Cotinus obovatus,American smoketree,Anacardiaceae,Cotinus,obovatus,,,deciduous-tree,introduced,green,"5,6",brown,"8,9",orange,25,20,"Grey, scaly and flaking",Verticillium wilt,"Well-drained, alkaline; drought tolerant",4-8,https://en.wikipedia.org/wiki/Cotinus_obovatus,"The American smoketree, rarer than its European cousin, with rounded blue-green leaves that turn brilliant orange and scarlet in autumn.","Its heartwood yields a strong orange dye, and the tree was cut almost out of existence for it during the Civil War."
crataegus-ambigua,Crataegus ambigua,Russian hawthorn,Rosaceae,Crataegus,ambigua,,,deciduous-tree,introduced,white,5,red,"9,10",yellow,20,20,"Grey-brown, scaly; armed with thorns",More resistant to rust and leaf blight than most hawthorns,"Dry, alkaline; very drought tolerant",4-8,https://en.wikipedia.org/wiki/Crataegus,"A tough, drought-hardy hawthorn from central Asia with finely cut leaves and small dark red fruit.","Hawthorn thorns are modified branches, not prickles — which is why they are woody, sharp and impossible to rub off."
crataegus-crus-galli,Crataegus crus-galli,Cockspur hawthorn,Rosaceae,Crataegus,crus-galli,,,deciduous-tree,vermont-native,white,"5,6",red,"9,10,11",orange,25,25,"Grey-brown, scaly, wild trees armed with long straight thorns",Cedar-hawthorn rust; the thornless form is usual in planting,Well-drained; very tolerant of poor and dry soil,4-7,https://en.wikipedia.org/wiki/Crataegus_crus-galli,"A tough, wide-spreading hawthorn with glossy leaves, white spring flowers and red fruit that holds well into winter.","The thorns reach three inches and point outward at every angle, which is exactly why it was planted as a stock-proof hedge."
crataegus-laevigata-crimson-cloud,Crataegus laevigata 'Crimson Cloud',Crimson Cloud hawthorn,Rosaceae,Crataegus,laevigata,,Crimson Cloud,deciduous-tree,introduced,red,"5,6",red,"9,10",yellow,20,18,"Grey-brown, scaly, with long sharp thorns",Better leaf-blight resistance than most English hawthorns,Well-drained; tolerates drought and urban conditions,4-8,https://en.wikipedia.org/wiki/Crataegus_laevigata,"Single crimson flowers with a distinct white eye, unusual in a hawthorn. Fewer thorns than the native species.","It is a form of English hawthorn, whose blossom is so tied to spring that in Britain the tree is often simply called ""may""."
crataegus-phaenopyrum,Crataegus phaenopyrum,Washington hawthorn,Rosaceae,Crataegus,phaenopyrum,,,deciduous-tree,introduced,white,"5,6",red,"9,10",red,25,20,"Grey-brown, scaly, with long sharp thorns",Rust and fireblight; leaf blight in wet years,Well-drained; tolerates drought and urban conditions,4-8,https://en.wikipedia.org/wiki/Crataegus_phaenopyrum,"A small native hawthorn with glossy, maple-like lobed leaves that turn scarlet in autumn, clusters of bright red fruit that hang into winter, and slender thorns up to three inches long.","It takes its name from Washington, DC, where nurseries were already growing it in the early 1800s before it spread to gardens farther north."
crataegus-sp,Crataegus sp.,Hawthorn,Rosaceae,Crataegus,,,,deciduous-tree,vermont-native,white,"5,6",red,"9,10",orange,22,20,"Grey-brown, scaly, armed with long thorns",Cedar-hawthorn rust; fire blight; leaf spot,Well-drained; very tolerant of poor soil,4-7,https://en.wikipedia.org/wiki/Crataegus,"Thorny small trees with clustered white flowers and red haws. Notoriously difficult to name to species, even for botanists.","""Haw"" is an old English word for hedge. Hawthorn is the thorn of the hedge, planted across England to fence fields, and its fruit took the same name."
crataegus-viridis,Crataegus viridis,Green hawthorn,Rosaceae,Crataegus,viridis,,,deciduous-tree,introduced,white,5,red,"9,10",purple,30,30,"Grey, flaking to reveal orange-brown beneath",Good resistance to rust and fireblight,Wide range; tolerates both wet and dry,4-7,https://en.wikipedia.org/wiki/Crataegus_viridis,"Flaking bark exposes orange inner layers, and the persistent red fruit stays on the branches through most of the winter.","Its native home is the bottomland woods of the southeastern United States, where it grows along streams and the edges of swamps."
diospyros-virginiana,Diospyros virginiana,Persimmon,Ebenaceae,Diospyros,virginiana,,,deciduous-tree,introduced,white,"5,6",orange,"9,10",yellow,45,30,"Thick, blocky, deeply checkered like charcoal blocks",Few known problems,Wide range; very tolerant of poor dry soil,4-9,https://en.wikipedia.org/wiki/Diospyros_virginiana,"Blocky, alligator-hide bark and orange fruit that stays mouth-puckeringly astringent until it is thoroughly ripe.","A true ebony, in the same genus as the tropical black-wooded kinds. Its timber was the standard for golf club heads, which is why old drivers are still called woods."
elaeagnus-angustifolia,Elaeagnus angustifolia,Russian olive,Elaeagnaceae,Elaeagnus,angustifolia,,,deciduous-tree,vermont-invasive,yellow,6,yellow,"8,9",yellow,25,25,"Shredding grey-brown, often multi-stemmed",Verticillium wilt; canker. Invasive — spreads along waterways,"Very tolerant of drought, salt and poor soil",2-7,https://en.wikipedia.org/wiki/Elaeagnus_angustifolia,"Narrow silvery leaves, fragrant yellow flowers in early summer and dry, olive-like fruit, which gives it its name. Invasive on riverbanks and open ground.","It fixes its own nitrogen and tolerates salt and drought, which made it a shelterbelt favourite — and then an aggressive invader across the western states."
eucommia-ulmoides,Eucommia ulmoides,Hardy rubber tree,Eucommiaceae,Eucommia,ulmoides,,,deciduous-tree,introduced,green,4,brown,"9,10",yellow,50,45,"Grey-brown, deeply furrowed",Remarkably free of pests and disease,Tolerates a wide range including dry and alkaline,4-7,https://en.wikipedia.org/wiki/Eucommia_ulmoides,"Tear a leaf slowly and fine threads of latex hold the halves together, the only hardy tree that does this. Glossy, elm-like leaves on a sturdy, rounded tree.","It is the last of its family: Eucommiaceae has exactly one living species. Barely known in the wild, it survives because Chinese medicine has cultivated its bark for two thousand years."
fagus-grandifolia,Fagus grandifolia,American beech,Fagaceae,Fagus,grandifolia,,,deciduous-tree,vermont-native,green,"4,5",brown,"9,10",bronze,70,55,"Smooth silver-grey, unfissured even when very old",Beech leaf disease and beech bark disease — both present in Vermont,"Moist, well-drained, acid; very shade tolerant",3-9,https://en.wikipedia.org/wiki/Fagus_grandifolia,"Smooth, silver-grey bark that stays unfissured for life, long pointed buds like tiny cigars, and pale leaves that often hang on, papery and bleached, all winter. Now threatened by beech leaf disease.","Beech bark stays thin and smooth for life, which is why people carve it — and why every carving is permanent, and an open wound."
fagus-sylvatica,Fagus sylvatica,European beech,Fagaceae,Fagus,sylvatica,,,deciduous-tree,introduced,green,"4,5",brown,"9,10",bronze,60,50,Smooth elephant-hide grey,Beech leaf disease; scale,"Moist, well-drained; dislikes compaction",4-7,https://en.wikipedia.org/wiki/Fagus_sylvatica,"The European beech, with the same smooth grey bark as the native species but usually a broader, lower crown. Purple-leaved forms are common.","Beech holds its dead leaves through winter on young growth, a habit called marcescence, which is why a beech hedge stays opaque in January."
fagus-sylvatica-fastigiata,Fagus sylvatica 'Fastigiata',Columnar European beech,Fagaceae,Fagus,sylvatica,,Fastigiata,deciduous-tree,introduced,green,"4,5",brown,"9,10",bronze,60,15,Smooth elephant-hide grey,Beech leaf disease; scale,"Moist, well-drained; dislikes compaction",4-7,https://en.wikipedia.org/wiki/Fagus_sylvatica,"A columnar European beech, the branches held almost vertically against the trunk. Smooth grey bark and a narrow silhouette.","The original tree was found in the 1860s on the Dawyck estate in Scotland, which is why it is also called the Dawyck beech."
fagus-sylvatica-riversii,Fagus sylvatica 'Riversii',Rivers purple beech,Fagaceae,Fagus,sylvatica,,Riversii,deciduous-tree,introduced,green,"4,5",brown,"9,10",bronze,55,45,Smooth elephant-hide grey,Beech leaf disease; scale,"Moist, well-drained; dislikes compaction",4-7,https://en.wikipedia.org/wiki/Fagus_sylvatica,"Deep blackish-purple leaves all summer, holding their colour better than most purple beeches before turning bronze.","Purple beeches all trace back to a handful of chance seedlings found in European forests in the 1600s and 1700s, and every one since has been grafted."
fraxinus-americana,Fraxinus americana,White ash,Oleaceae,Fraxinus,americana,,,deciduous-tree,vermont-native,purple,"4,5",brown,"9,10",purple,70,50,"Grey with tight, regular diamond-shaped ridges",Emerald ash borer — lethal without repeated treatment,"Deep, moist, well-drained",3-9,https://en.wikipedia.org/wiki/Fraxinus_americana,"A tall native with compound leaves, pale whitish beneath, and bark ridged in a tight diamond pattern. Under severe pressure from emerald ash borer.","Ash is the wood of baseball bats, tool handles and hockey sticks: it is springy, shock-absorbing and splits cleanly along the grain."
fraxinus-excelsior,Fraxinus excelsior,European ash,Oleaceae,Fraxinus,excelsior,,,deciduous-tree,introduced,purple,"4,5",tan,"9,10",yellow,70,60,"Pale grey, smooth when young, later ridged in a diamond network",Emerald ash borer is usually fatal; also ash dieback,"Deep, moist, alkaline tolerant",4-7,https://en.wikipedia.org/wiki/Fraxinus_excelsior,"The European ash, with matt black winter buds. Like all ashes, now under sentence from emerald ash borer.","Ash dieback, a fungus from Asia first seen in Poland in the 1990s, has since spread across Europe and is expected to kill most of its ash trees."
fraxinus-pennsylvanica,Fraxinus pennsylvanica,Green ash,Oleaceae,Fraxinus,pennsylvanica,,,deciduous-tree,vermont-native,purple,"4,5",brown,"9,10",yellow,60,45,Grey-brown with interlacing diamond ridges,Emerald ash borer — lethal without repeated treatment,Moist to wet; very adaptable,3-9,https://en.wikipedia.org/wiki/Fraxinus_pennsylvanica,"A tough, fast street tree now devastated across the region by emerald ash borer. Its leaves are green on both sides, where white ash's are pale beneath.","Emerald ash borer, arrived from Asia around 2002, has killed tens of millions of North American ash and reached Vermont in 2018."
fraxinus-sp,Fraxinus sp.,Ash,Oleaceae,Fraxinus,,,,deciduous-tree,vermont-native,,,,,,,,,Varies by species — identify before assuming,,3-9,https://en.wikipedia.org/wiki/Fraxinus,"Tall trees with compound leaves of five to eleven leaflets and bunches of single-winged, paddle-shaped seeds. Every ash in the Northeast is now under threat from emerald ash borer.","In Norse myth the world tree, Yggdrasil, is an ash: its branches hold up the heavens and its roots reach down to the underworld."
ginkgo-biloba,Ginkgo biloba,Ginkgo,Ginkgoaceae,Ginkgo,biloba,,,deciduous-tree,introduced,green,"4,5",tan,"9,10",yellow,70,35,"Grey, deeply furrowed into corky ridges with age",Almost entirely free of pests and disease,"Very adaptable; tolerates salt, drought and city air",3-8,https://en.wikipedia.org/wiki/Ginkgo_biloba,"Fan-shaped leaves with fine parallel veins, often notched in the middle, unlike any other tree's. In autumn the whole tree turns butter yellow, then often drops every leaf within a day or two.","The only survivor of an entire order of plants, unchanged in the fossil record for over 200 million years. Six ginkgos a kilometre or two from the Hiroshima blast lived through it and are still alive."
ginkgo-biloba-autumn-gold,Ginkgo biloba 'Autumn Gold',Autumn Gold ginkgo,Ginkgoaceae,Ginkgo,biloba,,Autumn Gold,deciduous-tree,introduced,green,"4,5",none,,yellow,45,35,"Grey, deeply furrowed into corky ridges with age","Essentially pest-free; a male clone, so no malodorous fruit","Very adaptable; tolerates salt, drought and city air",4-8,https://en.wikipedia.org/wiki/Ginkgo_biloba,"A male ginkgo selected for a broad symmetrical crown and uniform butter-yellow autumn colour, which drops over a day or two.","A male selection, so it never makes the notoriously foul-smelling fruit — which is why almost every street ginkgo is a named male clone."
ginkgo-biloba-princeton-sentry,Ginkgo biloba 'Princeton Sentry',Princeton Sentry ginkgo,Ginkgoaceae,Ginkgo,biloba,,Princeton Sentry,deciduous-tree,introduced,green,"4,5",none,,yellow,45,18,"Grey, furrowed with age","Essentially pest-free; male, so fruitless",Very adaptable; suits narrow tree pits,4-8,https://en.wikipedia.org/wiki/Ginkgo_biloba,"A narrow columnar ginkgo for streets too tight for a spreading crown. Same fossil leaf, same clear yellow autumn, a third of the width.","A ginkgo is either male or female, and a young tree can take twenty years to flower and show which. That is why nurseries sell grafted male clones."
gleditsia-triacanthos,Gleditsia triacanthos,Thornless Common honeylocust,Fabaceae,Gleditsia,triacanthos,,,deciduous-tree,introduced,green,"5,6",brown,"9,10",yellow,60,45,"Grey-brown in long narrow plates, wild trees heavily thorned",Honeylocust plant bug; mimosa webworm; canker,Very adaptable; tolerates salt and compaction,3-9,https://en.wikipedia.org/wiki/Gleditsia_triacanthos,"Fine, ferny compound leaves cast a light dappled shade. Thornless forms dominate in planting; wild trees carry fearsome branched spines.","The ""honey"" is the sweet pulp inside its foot-long pods. Pods and thorns alike seem made for animals that are no longer here — mastodons and giant ground sloths, some ecologists think."
gleditsia-triacanthos-inermis,Gleditsia triacanthos var. inermis,Thornless honeylocust,Fabaceae,Gleditsia,triacanthos,var. inermis,,deciduous-tree,introduced,green,"5,6",brown,"9,10",yellow,60,45,"Grey-brown in long narrow plates, thornless",Honeylocust plant bug; mimosa webworm,Very adaptable; a standard urban street tree,3-9,https://en.wikipedia.org/wiki/Gleditsia_triacanthos,"The thornless form of honeylocust, with fine, feathery compound leaves that cast light, dappled shade and turn yellow in autumn.","Inermis means unarmed: a thornless form of a tree whose wild version carries branched spines a foot long."
gleditsia-triacanthos-inermis-ruby-lace,Gleditsia triacanthos var. inermis 'Ruby Lace',Ruby Lace honeylocust,Fabaceae,Gleditsia,triacanthos,var. inermis,Ruby Lace,deciduous-tree,introduced,green,"5,6",brown,"9,10",yellow,35,35,"Grey-brown in long narrow plates, thornless",Honeylocust plant bug; mimosa webworm,Very adaptable; tolerates salt and compaction,4-9,https://en.wikipedia.org/wiki/Gleditsia_triacanthos,"Ruby-red at the branch tips in spring, darkening through bronze to plain green by midsummer. Thornless, and lower and wider in the crown than the upright honeylocust selections.","Honeylocust leaflets are so small that in autumn they slip down into the grass, and the lawn beneath needs almost no raking."
gleditsia-triacanthos-inermis-shademaster,Gleditsia triacanthos var. inermis 'Shademaster',Shademaster honeylocust,Fabaceae,Gleditsia,triacanthos,var. inermis,Shademaster,deciduous-tree,introduced,green,"5,6",brown,"9,10",yellow,45,40,"Grey-brown in long narrow plates, thornless",Honeylocust plant bug; mimosa webworm,Very adaptable; tolerates salt and compaction,4-9,https://en.wikipedia.org/wiki/Gleditsia_triacanthos,"A vigorous thornless honeylocust with darker foliage and a more spreading crown, holding its leaves later than most selections.","Thornless and nearly podless, which is the whole reason honeylocust became a standard street tree — no spines, no mess."
gleditsia-triacanthos-inermis-skyline,Gleditsia triacanthos var. inermis 'Skyline',Skyline honeylocust,Fabaceae,Gleditsia,triacanthos,var. inermis,Skyline,deciduous-tree,introduced,green,"5,6",brown,"9,10",yellow,45,35,"Grey-brown in long narrow plates, thornless",Honeylocust plant bug; mimosa webworm,"Very adaptable; tolerates salt, drought and compaction",4-9,https://en.wikipedia.org/wiki/Gleditsia_triacanthos,"A thornless, nearly fruitless honeylocust with a strong pyramidal form, planted where the litter of the species would be a nuisance.","The fine leaflets cast light, shifting shade that grass will actually grow through, unlike the solid shadow of a maple."
gleditsia-triacanthos-inermis-sunburst,Gleditsia triacanthos var. inermis 'Sunburst',Sunburst honeylocust,Fabaceae,Gleditsia,triacanthos,var. inermis,Sunburst,deciduous-tree,introduced,green,"5,6",brown,"9,10",yellow,35,30,"Grey-brown in long narrow plates, thornless",Honeylocust plant bug; mimosa webworm,Very adaptable; a standard urban street tree,3-9,https://en.wikipedia.org/wiki/Gleditsia_triacanthos,"New growth emerges bright golden-yellow and fades to green through summer, so the crown carries two colours at once. Thornless and seedless.","The gold is chlorophyll that has not arrived yet: each leaf greens up as it matures, so the colour marks which growth is newest rather than which month it is."
gymnocladus-dioicus,Gymnocladus dioicus,Kentucky coffeetree,Fabaceae,Gymnocladus,dioicus,,,deciduous-tree,introduced,white,"5,6",brown,"10,11",yellow,60,45,"Grey, scaly, curling outward at the plate edges",Remarkably free of pests,"Wide range; tolerates drought, alkaline soil and city air",3-8,https://en.wikipedia.org/wiki/Gymnocladus_dioicus,"Its Latin name means ""naked branch"": the huge, doubly compound leaves come out very late and drop very early, leaving the stout, knobbly branches bare much of the year.","Settlers roasted the seeds as a coffee substitute, which names it. Raw, they are toxic. The pods are so heavy that no native animal now disperses them."
halesia-tetraptera,Halesia tetraptera,Four Winged silverbell,Styracaceae,Halesia,tetraptera,,,deciduous-tree,introduced,white,"4,5",brown,"9,10",yellow,30,25,"Grey-brown, ridged and striped, flaking with age",Few known problems,"Moist, well-drained, acid; part shade",4-8,https://en.wikipedia.org/wiki/Halesia_tetraptera,"White bell flowers dangle in rows beneath the branches in May, followed by curious four-winged dry fruits.","In the southern Appalachians, where it is native, it grows into a real forest tree; silverbells over 80 feet tall stand in the Great Smoky Mountains."
hamamelis-virginiana,Hamamelis virginiana,Common witchhazel,Hamamelidaceae,Hamamelis,virginiana,,,shrub,vermont-native,yellow,"10,11",brown,"9,10",yellow,20,18,Smooth light grey-brown,Very few known problems,"Moist, acidic; tolerates shade",3-8,https://en.wikipedia.org/wiki/Hamamelis_virginiana,"Ribbon-like yellow flowers open in late October and November, after the leaves have dropped — the last thing to bloom all year.","Last year's seed capsules split open while it flowers, firing their seeds up to thirty feet. The witch hazel sold in drugstores is distilled from its bark and twigs."
heptacodium-miconioides,Heptacodium miconioides,Seven-son flower,Caprifoliaceae,Heptacodium,miconioides,,,deciduous-tree,introduced,white,"7,8,9",red,"9,10",yellow,20,12,"Tan, peeling in vertical strips to show pale wood beneath",Very few known problems,Well-drained; tolerates drought once established,5-9,https://en.wikipedia.org/wiki/Heptacodium_miconioides,"Fragrant white flowers in late summer, followed by showy rose-red sepals that outlast them. Exfoliating bark carries the winter.",The name counts the flowers: they open in whorls of seven. It is rare in the wild in China and reached the West through a single collecting expedition in 1980.
juglans-nigra,Juglans nigra,Black walnut,Juglandaceae,Juglans,nigra,,,deciduous-tree,vermont-native,green,"4,5",green,"9,10",yellow,75,55,"Dark grey-brown, deeply furrowed in a diamond pattern",Thousand cankers disease; walnut caterpillar; juglone suppresses nearby plants,"Deep, moist, fertile, well-drained",4-9,https://en.wikipedia.org/wiki/Juglans_nigra,"Deeply furrowed dark bark and aromatic compound leaves. Its roots release juglone, which suppresses many plants growing beneath it.","Its dark, easily worked timber is among the most valuable in North America, valuable enough that thieves have cut down yard and roadside walnuts at night to sell."
juniperus-chinensis,Juniperus chinensis,Chinese juniper,Cupressaceae,Juniperus,chinensis,,,evergreen-tree,introduced,yellow,4,blue,"9,10",none,18,12,"Reddish-brown, shredding in fibrous strips",Cedar-apple rust; bagworm; phomopsis blight,Well-drained; drought and salt tolerant,4-9,https://en.wikipedia.org/wiki/Juniperus_chinensis,"A variable Asian juniper carrying both needle-like juvenile and scale-like adult foliage, often on the same branch.","Juniper berries are not berries but fleshy cones, and the ones that flavour gin come from a related species."
juniperus-scopulorum,Juniperus scopulorum,Rocky Mountain juniper,Cupressaceae,Juniperus,scopulorum,,,evergreen-tree,introduced,green,4,blue,"9,10",none,25,12,"Reddish-brown, shredding in fibrous strips",Cedar-apple rust; phomopsis blight,Well-drained; very drought and wind tolerant,3-7,https://en.wikipedia.org/wiki/Juniperus_scopulorum,"A narrow western juniper, usually planted as a blue-grey selection for screening and windbreak.","A Rocky Mountain tree that endures wind, drought and thin alkaline soil, and can live over a thousand years on exposed rock."
juniperus-scopulorum-wichita-blue,Juniperus scopulorum 'Wichita Blue',Wichita Blue juniper,Cupressaceae,Juniperus,scopulorum,,Wichita Blue,evergreen-tree,introduced,green,4,blue,"9,10",none,18,8,"Reddish-brown, shredding in fibrous strips",Cedar-apple rust; phomopsis blight in humid crowded plantings,Well-drained; very drought and wind tolerant,3-7,https://en.wikipedia.org/wiki/Juniperus_scopulorum,"A narrow, silver-blue Rocky Mountain juniper grown as a vertical accent and windbreak. Holds its colour through winter.","The blue is a wax coating on the foliage, thick enough to rub off with a thumb — the same bloom that sits on a plum."
juniperus-sp,Juniperus sp.,Juniper,Cupressaceae,Juniperus,,,,evergreen-tree,vermont-native,yellow,4,blue,"9,10",none,20,12,Shredding reddish-brown,Cedar-apple rust; bagworm,Well-drained; drought tolerant,3-9,https://en.wikipedia.org/wiki/Juniperus,"Evergreen conifers, from low groundcovers to narrow columns. The blue ""berries"" are really cones whose scales have fused and turned fleshy, and they are what flavours gin.","Junipers carry two kinds of foliage: sharp needles on young growth and soft scales on mature growth, often on the same plant."
juniperus-virginiana,Juniperus virginiana,Eastern redcedar,Cupressaceae,Juniperus,virginiana,,,evergreen-tree,vermont-native,yellow,4,blue,"9,10",none,40,18,"Reddish-brown, shredding in long fibrous strips",Cedar-apple rust — keep away from orchards; bagworm,"Very adaptable; tolerates drought, salt and alkaline soil",2-9,https://en.wikipedia.org/wiki/Juniperus_virginiana,"Not a true cedar but a juniper, with shredding red-brown bark and dense blue berry-like cones. First tree to colonise old pastures.","Its soft, fragrant wood was the standard for pencils until supplies ran short in the 1900s, and it still lines cedar chests to keep moths away."
koelreuteria-paniculata,Koelreuteria paniculata,Goldenrain tree,Sapindaceae,Koelreuteria,paniculata,,,deciduous-tree,introduced,yellow,"6,7",tan,"8,9,10",yellow,35,35,"Grey-brown, ridged and furrowed with age",Few pests; self-seeds freely and is weedy in warmer regions,"Well-drained; tolerates drought, heat and alkaline soil",5-9,https://en.wikipedia.org/wiki/Koelreuteria_paniculata,"Large yellow flower panicles in midsummer, when almost nothing else is flowering, followed by papery lantern-shaped seed pods.","Each papery lantern holds two or three hard black seeds, round and heavy enough that they have been strung as beads."
larix-decidua,Larix decidua,Common Larch,Pinaceae,Larix,decidua,,,deciduous-tree,introduced,red,"4,5",brown,"9,10",gold,70,25,"Scaly grey-brown, furrowed with age",Larch casebearer; canker,"Moist, well-drained; needs full sun",2-6,https://en.wikipedia.org/wiki/Larix_decidua,"A European larch: a conifer that turns gold and drops every needle each November, standing bare through winter.","Its dense, resinous wood lasts under water, and much of Venice stands on piles of larch and oak driven into the lagoon."
larix-laricina,Larix laricina,Tamarack,Pinaceae,Larix,laricina,,,deciduous-tree,vermont-native,red,"4,5",brown,"9,10",gold,60,20,"Thin, scaly, reddish-brown",Larch sawfly; eastern larch beetle,"Wet, acid, boggy ground; full sun",2-6,https://en.wikipedia.org/wiki/Larix_laricina,"A native larch of bogs and swamps: a conifer whose soft needles grow in tufts, then turn gold and drop each November.","It grows farther north than almost any other tree in North America, right to the edge of the Arctic tundra, and survives cold below minus 60 degrees Fahrenheit."
larix-sp,Larix sp.,Larch,Pinaceae,Larix,,,,deciduous-tree,,,,,,,,,,Varies by species — identify before assuming,,2-7,https://en.wikipedia.org/wiki/Larix,"A conifer that turns gold and drops all its needles every autumn. Soft needles grow in tufts on short spurs, and small upright cones stay on long after the seed has gone.","The native larch, tamarack, grows in bogs. Shipbuilders prized its curved root-and-trunk joints as ready-made knees, the brackets that tie a wooden ship's deck to its hull."
liquidambar-styraciflua,Liquidambar styraciflua,Sweetgum,Altingiaceae,Liquidambar,styraciflua,,,deciduous-tree,introduced,yellow-green,"4,5",brown,"9,10,11",purple,65,40,"Grey-brown, deeply furrowed, twigs often corky-winged",Chlorosis on alkaline soil; fruit is a litter nuisance,"Moist, slightly acid; dislikes lime",5-9,https://en.wikipedia.org/wiki/Liquidambar_styraciflua,"Star-shaped leaves turning every shade from yellow to deep purple, corky wings on the twigs, and spiky seed balls underfoot.","Its hardened resin, storax, was chewed like gum and used in medicine, which is where the name sweetgum comes from."
liriodendron-tulipifera,Liriodendron tulipifera,Tuliptree,Magnoliaceae,Liriodendron,tulipifera,,,deciduous-tree,introduced,yellow,"5,6",tan,"9,10",yellow,85,40,Grey with deep interlacing diamond furrows,Aphid honeydew; sensitive to drought,"Deep, moist, well-drained; dislikes drought",4-9,https://en.wikipedia.org/wiki/Liriodendron_tulipifera,"Straight-trunked and tall, with oddly squared-off leaves and greenish-orange tulip flowers held high in the crown where they are easily missed.","Not a poplar at all, whatever the timber trade calls it. It is a magnolia relative, and one of the tallest hardwoods in eastern North America."
liriodendron-tulipifera-aureomarginatum,Liriodendron tulipifera 'Aureomarginatum',Variegated tuliptree,Magnoliaceae,Liriodendron,tulipifera,,Aureomarginatum,deciduous-tree,introduced,yellow,"5,6",tan,"9,10",yellow,60,35,Grey with deep interlacing diamond furrows,Aphid honeydew; sensitive to drought,"Deep, moist, well-drained; dislikes drought",4-9,https://en.wikipedia.org/wiki/Liriodendron_tulipifera,"Each leaf is edged in a broad yellow margin that pales to cream by late summer. Slower and smaller than the plain species.","The yellow edge holds less chlorophyll than the green centre, so a variegated tree grows more slowly than a plain one."
liriodendron-tulipifera-fastigiatum,Liriodendron tulipifera 'Fastigiatum',Columnar tuliptree,Magnoliaceae,Liriodendron,tulipifera,,Fastigiatum,deciduous-tree,introduced,yellow,"5,6",tan,"9,10",yellow,60,18,Grey with deep interlacing diamond furrows,Aphid honeydew; sensitive to drought,"Deep, moist, well-drained; dislikes drought",4-9,https://en.wikipedia.org/wiki/Liriodendron_tulipifera,"A columnar tuliptree, carrying the same orange-marked green flowers on a crown narrow enough for a street.",The one real gain is the flowers. On a full-sized tuliptree they sit eighty feet up and nobody ever sees them; on this one they come level with a second-storey window.
maackia-amurensis,Maackia amurensis,Amur maackia,Fabaceae,Maackia,amurensis,,,deciduous-tree,introduced,white,"7,8",brown,"9,10",none,28,25,"Shiny copper-brown, peeling on young trunks",Very few known problems,"Well-drained; tolerates poor soil, fixes nitrogen",3-7,https://en.wikipedia.org/wiki/Maackia_amurensis,"A small, tough tree from Manchuria with coppery bark that peels in thin curls, silvery new leaves in spring, and upright spikes of dull white flowers in midsummer.","It belongs to the pea family, and like many of its relatives it gets nitrogen from bacteria living in its roots, which helps it grow in poor city soil."
magnolia-grandiflora,Magnolia grandiflora,Southern magnolia,Magnoliaceae,Magnolia,grandiflora,,,evergreen-tree,introduced,white,"5,6,7",red,"9,10",none,50,35,Smooth grey-brown,At the cold edge of its range here; winter burn likely,"Moist, well-drained, acid; shelter from wind",6-10,https://en.wikipedia.org/wiki/Magnolia_grandiflora,"Thick, glossy evergreen leaves with rusty felt beneath and enormous fragrant white flowers. At the very cold edge of its range here.","It is the state tree of Mississippi, and its flower is the state flower of both Mississippi and Louisiana."
magnolia-macrophylla,Magnolia macrophylla,Bigleaf magnolia,Magnoliaceae,Magnolia,macrophylla,,,deciduous-tree,introduced,white,"5,6",red,9,yellow,35,30,Smooth pale grey,Enormous leaves shred in wind — needs a sheltered site,"Moist, well-drained, rich; shelter essential",5-8,https://en.wikipedia.org/wiki/Magnolia_macrophylla,"Carries the largest simple leaves of any tree in North America — up to three feet long — and flowers to match.","Its flowers, up to a foot across, are the largest of any native North American tree, yet each one lasts only a couple of days."
magnolia-sp,Magnolia sp.,Magnolia,Magnoliaceae,Magnolia,,,,deciduous-tree,introduced,,,,,,,,,Varies by species — identify before assuming,,4-9,https://en.wikipedia.org/wiki/Magnolia,"Large flowers open from furry, pointed buds, often on bare branches before the leaves. The range runs from hardy star magnolias to southern evergreens that only just survive here.","Magnolia flowers are among the most ancient in the fossil record, built for beetles rather than bees, with parts that are neither quite petals nor quite sepals."
magnolia-stellata,Magnolia stellata,Star magnolia,Magnoliaceae,Magnolia,stellata,,,deciduous-tree,introduced,white,"3,4",red,9,yellow,18,15,Smooth silver-grey,Late frost ruins the bloom most years here,"Moist, well-drained, acid; shelter from early sun",4-8,https://en.wikipedia.org/wiki/Magnolia_stellata,"A shrubby magnolia covered in many-petalled white stars in very early spring, often before the last frost catches them.",It flowers so early that a warm March followed by a cold snap will brown every bloom — a gamble it takes most years.
magnolia-x-loebneri,Magnolia x loebneri,Loebner magnolia,Magnoliaceae,Magnolia,x loebneri,,,deciduous-tree,introduced,white,4,pink-red,9,yellow,25,25,Smooth silver-grey,Few problems; late frost can brown the flowers,"Moist, well-drained, slightly acidic",4-8,https://en.wikipedia.org/wiki/Magnolia_%C3%97_loebneri,"Star-shaped white flowers cover the bare branches in early spring, before almost anything else. Hardier and more reliable than star magnolia.","A cross between star magnolia and Kobushi magnolia, made in Germany around 1910, hardier and larger-flowered than either parent."
magnolia-x-soulangiana,Magnolia x soulangiana,Saucer magnolia,Magnoliaceae,Magnolia,x soulangiana,,,deciduous-tree,introduced,pink,4,red,9,yellow,25,25,Smooth silver-grey,Late frost damages the flowers; scale,"Moist, well-drained, acid",4-9,https://en.wikipedia.org/wiki/Magnolia_×_soulangeana,"The familiar saucer magnolia, with large pink-and-white goblets opening on bare branches. A hybrid raised in France in the 1820s.","Its breeder, Étienne Soulange-Bodin, had been a cavalry officer under Napoleon before retiring to make a garden near Paris."
malus-domestica,Malus domestica,Common apple,Rosaceae,Malus,domestica,,,deciduous-tree,introduced,white,5,red,"9,10",yellow,22,25,"Grey-brown, scaly and flaking in irregular plates","Apple scab, fire blight, codling moth — needs a spray programme for clean fruit","Moist, well-drained; full sun",3-8,https://en.wikipedia.org/wiki/Malus_domestica,"The orchard apple. Vermont's cider and dessert varieties all belong here, descended from wild apples of central Asia.","Every apple variety is a clone. Grow a pip from a Honeycrisp and you get something else entirely, which is why apples are grafted."
malus-domestica-honeycrisp,Malus domestica 'Honeycrisp',Honeycrisp apple,Rosaceae,Malus,domestica,,Honeycrisp,deciduous-tree,introduced,white,5,red,"9,10",yellow,18,18,"Grey-brown, scaly and flaking in irregular plates",Susceptible to apple scab and bitter pit; needs a spray programme for clean fruit,"Moist, well-drained; full sun",3-7,https://en.wikipedia.org/wiki/Honeycrisp,"A University of Minnesota apple bred for cold hardiness and an unusually crisp, juicy texture. Needs a second variety nearby to set fruit.","Released by the University of Minnesota in 1991 after some thirty years of trials, it earned the university millions in royalties and is now Minnesota's state fruit."
malus-donald-wyman,Malus 'Donald Wyman',Donald Wyman crabapple,Rosaceae,Malus,,,Donald Wyman,deciduous-tree,introduced,white,5,red,"9,10,11",yellow,20,25,"Grey-brown, scaly and flaking","Good resistance to scab, fire blight and rust","Moist, well-drained; full sun",4-8,https://en.wikipedia.org/wiki/Malus,"White spring bloom and small glossy red fruit that hangs well into winter for the birds. One of the more disease-resistant crabapples.","Donald Wyman was the Arnold Arboretum's horticulturist for 35 years and wrote standard American references on garden trees and shrubs."
malus-floribunda,Malus floribunda,Japanese flowering crabapple,Rosaceae,Malus,floribunda,,,deciduous-tree,introduced,pink,5,red,"9,10",yellow,20,25,"Grey-brown, flaking on old trunks",Good scab and fireblight resistance for a crabapple,Well-drained; full sun,4-8,https://en.wikipedia.org/wiki/Malus_floribunda,"Deep carmine buds opening to pale pink then white, so the tree carries three colours at once. Tiny fruit persists for the birds.","It carries a scab-resistance gene that apple breeders have spent a century crossing into eating apples — a parent of orchards, not only of gardens."
malus-prairifire,Malus 'Prairifire',Prairifire crabapple,Rosaceae,Malus,,,Prairifire,deciduous-tree,introduced,pink,5,red,"9,10,11",orange,20,20,"Grey-brown, scaly, reddish on young wood","Notably resistant to scab, fire blight and rust","Moist, well-drained; full sun",4-8,https://en.wikipedia.org/wiki/Malus,"Deep pink spring bloom followed by small red fruit that persists into winter.","Bred at the University of Illinois in a programme to beat apple scab, the fungus that spots crabapple leaves and can strip a tree bare by August."
malus-sargentii,Malus sargentii,Sargent crabapple,Rosaceae,Malus,sargentii,,,shrub,introduced,white,5,red,"9,10",yellow,8,12,"Grey-brown, becoming scaly",Among the most disease-resistant crabapples,Well-drained; full sun,4-8,https://en.wikipedia.org/wiki/Malus_sargentii,"A low, wide-spreading crabapple, broader than it is tall. Pure white flowers and dark red fruit held into winter.","Charles Sargent, the Arnold Arboretum's founding director, collected it in Japan in 1892 and it has carried his name since."
malus-schmidtcutleaf,Malus 'Schmidtcutleaf',Golden Raindrops crabapple,Rosaceae,Malus,,,Schmidtcutleaf,deciduous-tree,introduced,white,5,yellow,"9,10",yellow,20,20,"Grey-brown, flaking on older trunks",Excellent scab and fireblight resistance,Well-drained; full sun,4-8,https://en.wikipedia.org/wiki/Malus,"Sold as Golden Raindrops. Deeply cut, almost maple-like leaves and tiny golden fruit that hangs long after leaf fall.","Its registered name, 'Schmidtcutleaf', comes from the Oregon nursery of J. Frank Schmidt, which also introduced the Red Sunset maple."
malus-sp,Malus sp.,Crabapple,Rosaceae,Malus,,,,deciduous-tree,introduced,pink,5,red,"9,10,11",yellow,20,20,"Grey-brown, scaly and flaking","Scab, fire blight and rust vary sharply by cultivar","Moist, well-drained; full sun",4-8,https://en.wikipedia.org/wiki/Malus,"Ornamental crabapples, planted in dozens of named varieties. Blossom comes in white, pink or deep red in spring, and the small fruit often hangs on into winter, feeding birds when little else is left.",Crabapple simply means an apple with small fruit. Every domestic apple descends from a wild crab of central Asia.
metasequoia-glyptostroboides,Metasequoia glyptostroboides,Dawn redwood,Cupressaceae,Metasequoia,glyptostroboides,,,deciduous-tree,introduced,green,"3,4",brown,"9,10",orange,90,25,"Fibrous reddish-brown, deeply fluted at the base",Few known problems,"Moist to wet, deep; dislikes drought",4-8,https://en.wikipedia.org/wiki/Metasequoia_glyptostroboides,"Known only as a fossil until living trees were found in China in the 1940s. A deciduous conifer with soft feathery needles that turn russet before falling.","Fifty million years ago it grew in the Arctic. On Axel Heiberg Island its stumps and logs are still preserved in the permafrost, not turned to stone but still wood."
metasequoia-glyptostroboides-amber-glow,Metasequoia glyptostroboides 'Amber Glow',Amber Glow dawn redwood,Cupressaceae,Metasequoia,glyptostroboides,,Amber Glow,deciduous-tree,introduced,green,"3,4",brown,"9,10",pink,30,15,"Fibrous reddish-brown, fluted at the base",Few known problems; foliage can scorch in full afternoon sun,"Moist to wet, deep; dislikes drought",5-8,https://en.wikipedia.org/wiki/Metasequoia_glyptostroboides,"A slow, compact dawn redwood whose feathery foliage emerges pink-amber and holds a coppery cast all season, turning deeper before it drops.","Conifers that drop all their needles are rare: dawn redwood, baldcypress and the larches are almost the only ones."
morus-alba,Morus alba,White mulberry,Moraceae,Morus,alba,,,deciduous-tree,vermont-invasive,green,5,purple,"6,7",yellow,45,40,"Orange-brown, ridged and furrowed",Fruit stains paving badly; weedy self-seeding,Very adaptable; tolerates drought and poor soil,4-8,https://en.wikipedia.org/wiki/Morus_alba,"Introduced for silkworm culture and now widely naturalised. Leaves vary wildly in shape on the same branch, and the fruit stains everything.",Imported repeatedly to feed silkworms in failed attempts to start an American silk industry. The tree stayed; the industry never arrived.
morus-rubra,Morus rubra,Red mulberry,Moraceae,Morus,rubra,,,deciduous-tree,vermont-native,green,5,red-purple,"6,7",yellow,50,40,"Grey-brown, ridged and somewhat scaly",Few serious problems; hybridises readily with white mulberry,"Moist, rich, well-drained",4-8,https://en.wikipedia.org/wiki/Morus_rubra,"Vermont's native mulberry, now scarce because it interbreeds with the introduced white mulberry. Sweet dark fruit stains everything below.","Its heartwood resists rot so well that it was used for fence posts and for the ribs of wooden boats."
morus-sp,Morus sp.,Mulberry,Moraceae,Morus,,,,deciduous-tree,,,,,,,,,,Varies by species — identify before assuming,,4-9,https://en.wikipedia.org/wiki/Morus,"Leaves on a single tree can be plain, mitten-shaped or deeply lobed. Native red and introduced white mulberry hybridise freely, which is part of why the native is now scarce.","Mulberry fruit stains everything it touches, which is why the trees were planted well away from paths — and why fruitless male clones were bred."
nyssa-sylvatica,Nyssa sylvatica,Black tupelo,Nyssaceae,Nyssa,sylvatica,,,deciduous-tree,vermont-native,green,"5,6",blue,"9,10",red,50,30,"Blocky, deeply checkered, alligator-hide",Very few known problems,"Moist to wet, acid; tolerates flooding",4-9,https://en.wikipedia.org/wiki/Nyssa_sylvatica,"Glossy leaves that turn the most intense scarlet of any native tree, often starting in August. Horizontal branching gives it a tiered look.","One of the longest-lived hardwoods in eastern North America: black tupelos more than 600 years old have been found in swamps in New Hampshire and Massachusetts."
nyssa-sylvatica-wildfire,Nyssa sylvatica 'Wildfire',Wildfire black tupelo,Nyssaceae,Nyssa,sylvatica,,Wildfire,deciduous-tree,vermont-native,green,"5,6",blue,"9,10",red,40,25,"Blocky, deeply checkered, alligator-hide",Very few known problems,"Moist to wet, acid; tolerates flooding",4-9,https://en.wikipedia.org/wiki/Nyssa_sylvatica,"A tupelo whose new growth flushes bright red all season, on top of the scarlet autumn the species is already grown for.","Old black tupelos are so often hollow that Appalachian beekeepers cut their log hives, called bee gums, from the trunks."
ostrya-virginiana,Ostrya virginiana,Eastern hophornbeam,Betulaceae,Ostrya,virginiana,,,deciduous-tree,vermont-native,yellow-green,"4,5",tan,"8,9",yellow,35,25,"Shreddy, in narrow vertical strips that look cat-scratched",Very few known problems,"Dry to moist, well-drained; shade tolerant",3-9,https://en.wikipedia.org/wiki/Ostrya_virginiana,"Called ironwood for its extremely hard timber. Shreddy, cat-scratched bark and hop-like papery fruit clusters in late summer.","The papery sacs of its hop-like fruit are covered in fine bristly hairs that irritate the skin if you handle them."
parrotia-persica,Parrotia persica,Persian ironwood,Hamamelidaceae,Parrotia,persica,,,deciduous-tree,introduced,red,"3,4",brown,9,orange,30,25,"Flaking in grey, green and cinnamon patches on older trunks",Essentially pest-free,"Moist, well-drained; tolerates heat and drought once established",4-8,https://en.wikipedia.org/wiki/Parrotia_persica,"Tiny red flowers on bare twigs in earliest spring, spectacular autumn colour through yellow, orange and scarlet, and patchwork bark on old trunks.","Named for Friedrich Parrot, a German naturalist who made the first recorded ascent of Mount Ararat in 1829."
phellodendron-amurense,Phellodendron amurense,Amur corktree,Rutaceae,Phellodendron,amurense,,,deciduous-tree,introduced,yellow-green,"5,6",black,"9,10",yellow,40,45,"Thick, deeply ridged and corky, soft to the touch",Very few problems; female trees seed aggressively,Wide range; drought and pollution tolerant,3-7,https://en.wikipedia.org/wiki/Phellodendron_amurense,"A spreading Asian tree with compound leaves and thick corky bark, soft enough to dent with a thumbnail. It seeds itself into woodland and is invasive in parts of the Northeast.","Under the cork the inner bark is a startling yellow, used in China as a dye and a medicine long before the tree reached Vermont."
picea-abies,Picea abies,Norway spruce,Pinaceae,Picea,abies,,,evergreen-tree,introduced,red,5,brown,"9,10",none,80,30,"Thin, coppery and flaking when young, becoming scaly grey-brown",Spruce budworm; needlecast in crowded plantings,"Moist, well-drained, acid; dislikes heat and drought",2-7,https://en.wikipedia.org/wiki/Picea_abies,"A tall European spruce whose side branches hang in curtains of drooping twigs. Its cones, up to six inches long, dwarf those of any native spruce.","The oldest known clonal tree on earth is a Norway spruce in Sweden whose root system has been dated at over 9,500 years."
picea-glauca,Picea glauca,White spruce,Pinaceae,Picea,glauca,,,evergreen-tree,vermont-native,red,5,brown,"9,10",none,55,20,"Thin, scaly, ash-brown",Spruce budworm; yellowheaded sawfly,"Moist, well-drained; tolerates cold and wind",2-6,https://en.wikipedia.org/wiki/Picea_glauca,"A native northern spruce with stiff blue-green needles that smell unpleasantly of cat when crushed, earning it the name skunk spruce.","Split and soaked, its long roots make a strong, flexible cord called watap, the thread that sewed birchbark canoes together."
picea-pungens,Picea pungens,Colorado Blue spruce,Pinaceae,Picea,pungens,,,evergreen-tree,introduced,red,5,brown,"9,10",none,55,20,"Furrowed grey, thick with age",Rhizosphaera needlecast and cytospora canker are both common here,Well-drained; drought tolerant,2-7,https://en.wikipedia.org/wiki/Picea_pungens,"The blue spruce of front lawns, with rigid, viciously sharp needles and a strongly conical outline.","The blue is a wax bloom on the needles that rubs off on a finger. It is the state tree of both Colorado and Utah."
picea-rubens,Picea rubens,Red spruce,Pinaceae,Picea,rubens,,,evergreen-tree,vermont-native,red,5,brown,"9,10",none,70,25,"Red-brown, flaking in thin scales",Sensitive to acid deposition and drought,"Cool, moist, acidic; shallow-rooted",3-6,https://en.wikipedia.org/wiki/Picea_rubens,"A spruce of cold Vermont uplands, its wood historically the first choice for violin and guitar soundboards.","Slow growth is the whole point. A cold upland tree lays down rings narrow and even enough to carry sound without colouring it, which a fast-grown one never manages."
picea-sp,Picea sp.,Spruce,Pinaceae,Picea,,,,evergreen-tree,vermont-native,red,5,brown,"9,10",none,55,25,Scaly grey-brown,Needlecast; spruce budworm,"Moist, well-drained, acid",2-7,https://en.wikipedia.org/wiki/Picea,"Conical evergreens with stiff, sharp needles, each set on a small woody peg that stays behind when the needle drops and leaves the twig rough. The cones hang down.","The first chewing gum sold in America was spruce gum, the hardened resin of spruce trees, packaged in Maine in 1848."
pinus-mugo,Pinus mugo,Mugo pine,Pinaceae,Pinus,mugo,,,shrub,introduced,red,"5,6",brown,"9,10",none,8,12,"Grey-brown, scaly and flaking",Few problems; scale and sawfly occasionally,Well-drained; tolerates poor and alkaline soils,2-7,https://en.wikipedia.org/wiki/Pinus_mugo,"A shrubby pine from the mountains of central and southern Europe, forming a dense, low mound of stiff paired needles.","In the Alps it forms thickets just above the tree line, its stems bent flat along the ground by the weight of winter snow."
pinus-nigra,Pinus nigra,Austrian pine,Pinaceae,Pinus,nigra,,,evergreen-tree,introduced,yellow,"5,6",brown,"9,10",none,55,30,Dark grey with pale plates,Diplodia tip blight is common and disfiguring,Well-drained; tolerates salt and city air,4-7,https://en.wikipedia.org/wiki/Pinus_nigra,"A dense, dark European pine with long stiff needles in pairs. Tolerant of salt and city air, so often planted along roads.","In the forests south of Vienna its trunks were tapped for resin, turned into turpentine and pitch — a trade kept up by hand into the 20th century and now listed as Austrian cultural heritage."
pinus-resinosa,Pinus resinosa,Red pine,Pinaceae,Pinus,resinosa,,,evergreen-tree,vermont-native,yellow,"5,6",brown,"9,10",none,70,25,"Reddish, flaking in flat plates",Diplodia tip blight; pine wilt,"Sandy, well-drained, acid",2-5,https://en.wikipedia.org/wiki/Pinus_resinosa,"Needles in pairs snap cleanly when bent, which separates it from other native pines. Reddish plated bark and a straight, clean trunk.",Despite the name its wood is not especially resinous; the red refers to the flaking orange-red bark of the upper trunk.
pinus-rigida,Pinus rigida,Pitch pine,Pinaceae,Pinus,rigida,,,evergreen-tree,vermont-native,yellow,5,brown,"10,11",none,60,40,"Very thick, deeply furrowed red-brown plates",Fire-adapted and generally trouble-free,"Dry, sandy, sterile, acidic — thrives where little else does",4-7,https://en.wikipedia.org/wiki/Pinus_rigida,One of the few pines that sprouts new needles directly from its trunk after fire. Grows on sand and rock where nothing else will.,"Some of its cones stay sealed with resin until a fire melts them open, so the seed waits for exactly the event that clears the ground it needs."
pinus-strobus,Pinus strobus,Eastern white pine,Pinaceae,Pinus,strobus,,,evergreen-tree,vermont-native,yellow,"5,6",brown,"9,10",none,90,35,"Smooth grey when young, deeply furrowed with age",White pine weevil deforms leaders; blister rust,"Well-drained, acid; intolerant of salt",3-8,https://en.wikipedia.org/wiki/Pinus_strobus,"Soft, blue-green needles in bundles of five, the only native pine here with five, and long curved cones. The tallest tree in the Northeast forest, its branches stand out in level tiers.","The Royal Navy marked the best of them with the King's Broad Arrow and reserved them for ship masts, a grievance that helped stoke the Revolution."
pinus-sylvestris,Pinus sylvestris,Scotch pine,Pinaceae,Pinus,sylvestris,,,evergreen-tree,introduced,yellow,"5,6",brown,"9,10",none,55,28,Flaking orange-red on the upper trunk,Pine wilt nematode; sawfly,"Well-drained, sandy; drought tolerant",3-7,https://en.wikipedia.org/wiki/Pinus_sylvestris,"Recognisable at a distance by the flaky orange bark of its upper trunk and its short, twisted blue-green needle pairs.","The most widespread pine in the world, native from Scotland to eastern Siberia. For decades it was also the most popular Christmas tree in America."
platanus-occidentalis,Platanus occidentalis,American sycamore,Platanaceae,Platanus,occidentalis,,,deciduous-tree,vermont-native,red,"4,5",brown,"9,10",yellow,90,70,Flaking away in jigsaw plates to leave a smooth cream and white trunk,Anthracnose in wet springs; powdery mildew,Moist bottomland; tolerates flooding and compaction,4-9,https://en.wikipedia.org/wiki/Platanus_occidentalis,"Bark flakes away in jigsaw pieces to leave the upper trunk white, visible across a winter landscape, and round seed balls hang on long stalks all winter. The largest-trunked hardwood in eastern North America.","Old sycamores are often hollow. In the 1760s two brothers who had deserted the army, John and Samuel Pringle, lived inside one in what is now West Virginia for three years."
platanus-x-acerifolia,Platanus x acerifolia,London planetree,Platanaceae,Platanus,x acerifolia,,,deciduous-tree,introduced,green,"4,5",brown,"9,10",yellow,75,55,"Flaking in jigsaw patches of cream, olive and brown",Anthracnose (less than the native sycamore); powdery mildew,Wide range; famously tolerant of city air and compaction,4-9,https://en.wikipedia.org/wiki/Platanus_×_acerifolia,"A hybrid plane tree whose bark flakes away in jigsaw patches of cream, olive and brown. Famously tolerant of polluted city air.","It arose by chance in the 1600s where an American sycamore grew near an Oriental plane, probably in Spain or southern France."
populus-alba,Populus alba,White poplar,Salicaceae,Populus,alba,,,deciduous-tree,vermont-invasive,green,4,brown,"5,6",yellow,70,50,"Smooth chalky white when young, becoming black and diamond-furrowed at the base",Canker and weak wood; suckers aggressively from the roots,Almost any soil; very drought tolerant,3-8,https://en.wikipedia.org/wiki/Populus_alba,"Leaves are white-felted beneath, so the whole crown flashes silver in wind. Suckers so freely that it is difficult to remove once established.","In Greek myth the white poplar was the tree of Heracles, who wore a crown of its leaves on his way back from the underworld."
populus-balsamifera,Populus balsamifera,Balsam poplar,Salicaceae,Populus,balsamifera,,,deciduous-tree,vermont-native,red,"4,5",white,"5,6",yellow,70,30,"Grey-green and smooth when young, furrowed at the base",Canker; borers; suckers freely,Wet to moist; northern river flats,2-6,https://en.wikipedia.org/wiki/Populus_balsamifera,"Sticky, aromatic buds scent the air in spring — the balm of Gilead. A northern species of river flats and cold ground.","Bees collect the resin from its buds to make propolis, the glue they use to seal the cracks in their hives."
populus-deltoides,Populus deltoides,Eastern poplar,Salicaceae,Populus,deltoides,,,deciduous-tree,vermont-native,red,"3,4",white,"5,6",yellow,90,60,"Deeply furrowed grey, ridges thick and corky with age",Brittle wood; cotton from female trees is a nuisance,Wet to moist floodplain; very fast,2-9,https://en.wikipedia.org/wiki/Populus_deltoides,"A massive floodplain tree with coarsely toothed triangular leaves that clatter in wind, and cottony seed that drifts in early summer.","One of the fastest-growing trees in North America, and the state tree of Kansas, Nebraska and Wyoming."
populus-grandidentata,Populus grandidentata,Bigtooth aspen,Salicaceae,Populus,grandidentata,,,deciduous-tree,vermont-native,green,4,green,"5,6",yellow,65,35,"Smooth olive-grey, becoming dark and furrowed at the base",Short-lived; canker and borers,"Dry to moist, sandy or gravelly; needs full sun",3-7,https://en.wikipedia.org/wiki/Populus_grandidentata,"A pioneer of cleared ground, with coarsely toothed leaves and the same fluttering habit as quaking aspen on a larger scale.","It grows fast, dies young and hands the site on. Sixty years is old for one, by which time the pines and maples it sheltered have closed over the top of it."
populus-nigra,Populus nigra,Lombardy poplar,Salicaceae,Populus,nigra,,,deciduous-tree,introduced,red,"3,4",none,,yellow,50,12,"Grey-black, deeply furrowed, narrow columnar habit",Canker kills these young; rarely long-lived,Adaptable; used for quick screens,3-9,https://en.wikipedia.org/wiki/Populus_nigra,"A narrow exclamation mark of a tree, planted in rows for windbreaks and avenues. Fast-growing but short-lived: most decline from canker within a few decades.","Every Lombardy poplar is a male clone of a single mutant tree that appeared in Italy in the 1700s. None has ever set seed."
populus-tremuloides,Populus tremuloides,Quaking aspen,Salicaceae,Populus,tremuloides,,,deciduous-tree,vermont-native,green,"3,4",white,"5,6",yellow,50,25,"Smooth chalky greenish-white, darkening and furrowing at the base",Canker; short-lived; suckers into clonal stands,"Moist, well-drained; needs full sun",1-7,https://en.wikipedia.org/wiki/Populus_tremuloides,"Flattened leaf stalks make the foliage tremble in the slightest breeze.","A single Utah aspen clone called Pando covers more than a hundred acres: tens of thousands of trunks sharing one root system, among the heaviest living things on Earth."
prunus-cerasifera,Prunus cerasifera,Purple Leaf Plum,Rosaceae,Prunus,cerasifera,,,deciduous-tree,introduced,pink,4,red,"7,8",purple,22,20,"Dark, lenticelled, becoming scaly",Black knot; borers; short-lived,Well-drained; full sun for foliage colour,4-8,https://en.wikipedia.org/wiki/Prunus_cerasifera,"Purple-leaved plum, grown for foliage rather than fruit. Pale pink flowers appear on bare twigs very early in spring.","Its small fruit are cherry plums, and seedlings of the species are widely used as the rootstock onto which other plums are grafted."
prunus-cerasifera-krauter-vesuvius,Prunus cerasifera 'Krauter Vesuvius',Krauter Vesuvius purpleleaf plum,Rosaceae,Prunus,cerasifera,,Krauter Vesuvius,deciduous-tree,introduced,pink,4,red,"7,8",purple,20,18,"Dark, lenticelled, becoming scaly",Black knot; borers; short-lived,Well-drained; full sun for foliage colour,4-8,https://en.wikipedia.org/wiki/Prunus_cerasifera,"The darkest of the purpleleaf plums, holding near-black foliage through summer heat that fades others to bronze-green.","Its crown stays narrow and upright where most purpleleaf plums spread, which is how it became one of the most planted street trees on the American west coast."
prunus-cerasus-montmorency,Prunus cerasus 'Montmorency',Montmorency cherry,Rosaceae,Prunus,cerasus,,Montmorency,deciduous-tree,introduced,white,5,red,7,yellow,18,18,"Red-brown, glossy, marked with horizontal lenticels",Brown rot and borers; needs airflow,Well-drained; full sun,4-7,https://en.wikipedia.org/wiki/Prunus_cerasus,"The standard sour cherry of American pie, self-fertile and hardy enough to crop reliably in Vermont.","Named for a valley north of Paris. Most American tart cherries now come from Michigan, where Traverse City calls itself the cherry capital of the world."
prunus-maackii,Prunus maackii,Amur chokecherry,Rosaceae,Prunus,maackii,,,deciduous-tree,introduced,white,"5,6",black,"7,8",yellow,30,25,"Glossy amber-bronze, peeling in curls — its main ornamental feature",Hardier and longer-lived than most ornamental cherries,"Moist, well-drained; very cold hardy",2-6,https://en.wikipedia.org/wiki/Prunus_maackii,"Amur chokecherry, grown almost entirely for its glossy, peeling bark in polished amber and bronze.","It is native to the Amur River valley on the border of Russia and China, where winters are colder than Vermont's."
prunus-padus,Prunus padus,European bird cherry,Rosaceae,Prunus,padus,,,deciduous-tree,introduced,white,5,black,"7,8",yellow-red,35,25,"Dark grey-brown, smooth, strongly and unpleasantly scented when cut",Prone to aphids and bacterial canker,"Moist, well-drained; tolerates cold",3-6,https://en.wikipedia.org/wiki/Prunus_padus,"Long drooping racemes of almond-scented white flowers, unusual in a cherry. Bitter black fruit follows in midsummer.","The caterpillars of the bird-cherry ermine moth can wrap a whole tree in silk webbing in June. It looks alarming, but the tree leafs out again."
prunus-pennsylvanica,Prunus pennsylvanica,Pin cherry,Rosaceae,Prunus,pennsylvanica,,,deciduous-tree,vermont-native,white,"4,5",red,"7,8",orange,30,20,"Reddish-brown, glossy, with conspicuous orange lenticels",Short-lived by nature; black knot,Dry to moist; a pioneer after fire or logging,2-7,https://en.wikipedia.org/wiki/Prunus_pennsylvanica,"A short-lived native cherry that floods in after fire or logging, then gives way as longer-lived trees close over it.",Called fire cherry: its seed lies dormant in forest soil for decades and germinates en masse after a burn.
prunus-persica,Prunus persica,Peach,Rosaceae,Prunus,persica,,,deciduous-tree,introduced,pink,"4,5",yellow-red,"8,9",yellow,18,18,"Dark grey-brown, marked with horizontal lenticels","Peach leaf curl, borers and canker; short-lived here","Light, well-drained, sandy; needs full sun",5-9,https://en.wikipedia.org/wiki/Prunus_persica,"Pink flowers before the leaves, and fruit only in a good year this far north. Reliably short-lived in Vermont.","Peaches came from China, not Persia. The name records where Europeans first met them, not where they are from."
prunus-sargentii,Prunus sargentii,Sargent cherry,Rosaceae,Prunus,sargentii,,,deciduous-tree,introduced,pink,"4,5",black,"6,7",orange-red,40,35,Glossy chestnut-brown with prominent horizontal lenticel bands,The longest-lived and most cold-hardy of the ornamental cherries,"Moist, well-drained; full sun",4-7,https://en.wikipedia.org/wiki/Prunus_sargentii,"The hardiest ornamental cherry, with single pink flowers, polished mahogany bark and autumn foliage that turns bronze-orange before settling into brick red.","Named for Charles Sprague Sargent, first director of Harvard's Arnold Arboretum, who brought its seed back from Japan in 1892."
prunus-sargentii-columnaris,Prunus sargentii 'Columnaris',Columnar Sargent cherry,Rosaceae,Prunus,sargentii,,Columnaris,deciduous-tree,introduced,pink,"4,5",black,"6,7",orange-red,35,15,Glossy chestnut-brown with prominent horizontal lenticel bands,The longest-lived and most cold-hardy of the ornamental cherries,"Moist, well-drained; full sun",4-7,https://en.wikipedia.org/wiki/Prunus_sargentii,"An upright Sargent cherry narrow enough for a street, with the same single pink flowers and glossy mahogany bark.","Sargent cherry grows wild in the mountains of northern Japan, Sakhalin and Korea, which is where its cold-hardiness comes from."
prunus-serotina,Prunus serotina,Black cherry,Rosaceae,Prunus,serotina,,,deciduous-tree,vermont-native,white,"5,6",black,"8,9",yellow,70,45,Young bark dark with horizontal lenticels; old bark breaking into burnt-cornflake plates,Eastern tent caterpillar; foliage is toxic to livestock when wilted,"Moist, well-drained, deep",3-9,https://en.wikipedia.org/wiki/Prunus_serotina,Mature bark breaks into dark curling plates often likened to burnt cornflakes. Small black cherries in late summer feed most of the woodland.,"Wilted leaves release cyanide, which has killed livestock that browsed a fallen limb. The wood is one of North America's finest cabinet timbers."
prunus-serrulata,Prunus serrulata,Flowering cherry,Rosaceae,Prunus,serrulata,,,deciduous-tree,introduced,pink,"4,5",black,"6,7",orange,25,22,Glossy chestnut-brown with prominent lenticel bands,"Short-lived; borers, black knot, canker","Moist, well-drained; full sun",5-8,https://en.wikipedia.org/wiki/Prunus_serrulata,"The Japanese flowering cherries, usually double-flowered and fruitless, planted purely for a brief and spectacular spring bloom.","In the double forms the stamens have been bred into extra petals. The flower has traded its reproductive parts for show, which is why it sets almost nothing."
prunus-sp,Prunus sp.,Cherry,Rosaceae,Prunus,,,,deciduous-tree,vermont-native,white,"4,5",red,"6,7",orange,25,20,Glossy with horizontal lenticel bands,Black knot; borers,"Moist, well-drained",4-8,https://en.wikipedia.org/wiki/Prunus,"Cherries and plums: five-petalled white or pink blossom in spring, and fleshy fruit around a single stone. Many carry a pair of small glands on the leafstalk, just below the leaf.","The horizontal lines on a cherry trunk are lenticels, pores that let the bark breathe. They stretch as the trunk grows."
prunus-subhirtella,Prunus subhirtella,Weeping Cherry,Rosaceae,Prunus,subhirtella,,,deciduous-tree,introduced,pink,4,black,"6,7",yellow,28,25,"Grey-brown, lenticelled, becoming rough with age",Borers; canker,"Moist, well-drained; shelter from wind",4-8,https://en.wikipedia.org/wiki/Prunus_subhirtella,"Higan cherry, often grown in weeping form, and among the earliest cherries to flower. Sometimes blooms again in a mild autumn.","In Japan it is called higan-zakura, because it blooms around Higan, the Buddhist week of the spring equinox."
prunus-subhirtella-pendula,Prunus x subhirtella 'Pendula',Weeping Higan cherry,Rosaceae,Prunus,x subhirtella,,Pendula,deciduous-tree,introduced,pink,4,black,"6,7",yellow,25,25,"Grey-brown, lenticelled, becoming rough with age",Borers; canker,"Moist, well-drained; shelter from wind",4-8,https://en.wikipedia.org/wiki/Prunus_subhirtella,"Branches arch over and hang to the ground, covered in pale pink flowers before the leaves. Usually grafted high on a standard trunk.",The weeping habit is grafted high onto a straight stock: the crown you see and the trunk holding it up are two different plants.
prunus-virginiana,Prunus virginiana,Chokecherry,Rosaceae,Prunus,virginiana,,,shrub,vermont-native,white,5,red-black,8,yellow-red,25,20,"Grey-brown, smooth, with a strong sour smell when scratched",Tent caterpillar and black knot,Wide range; tolerates dry and poor soils,2-7,https://en.wikipedia.org/wiki/Prunus_virginiana,"A suckering native cherry forming thickets. Astringent fruit, edible once cooked, and the source of chokecherry jelly.","It is the state fruit of North Dakota."
prunus-virginiana-canada-red,Prunus virginiana 'Canada Red',Canada Red chokecherry,Rosaceae,Prunus,virginiana,,Canada Red,deciduous-tree,vermont-native,white,5,red-black,8,red,25,20,"Grey-brown, smooth, with a strong sour smell when scratched",Tent caterpillar and black knot,Wide range; tolerates dry and poor soils,2-7,https://en.wikipedia.org/wiki/Prunus_virginiana,"Leaves emerge green and turn deep purple-red through early summer, so the tree changes colour as the season goes on.","Nearly every ornamental cherry in a northern landscape is Asian. This one is a selection of a chokecherry native to North America, growing wild in Vermont hedgerows and clearings."
prunus-x-cistena,Prunus x cistena,Purpleleaf sand cherry,Rosaceae,Prunus,x cistena,,,shrub,introduced,pink,5,black,"7,8",purple,8,7,"Dark reddish-brown, smooth","Prone to borers, canker and leaf spot; short-lived",Well-drained; full sun for best leaf colour,3-8,https://en.wikipedia.org/wiki/Prunus_%C3%97_cistena,Grown for its deep red-purple foliage from spring until leaf fall. Pale pink flowers appear against the emerging purple leaves.,"Bred in South Dakota in 1910 for prairie cold, which is why a purple-leaved shrub survives where most would not."
prunus-x-yedoensis,Prunus x yedoensis,Yoshino cherry,Rosaceae,Prunus,x yedoensis,,,deciduous-tree,introduced,white,4,black,"6,7",yellow,35,30,Smooth grey-brown with horizontal lenticels,Short-lived; borers and canker,"Moist, well-drained; full sun",5-8,https://en.wikipedia.org/wiki/Prunus_×_yedoensis,"The Yoshino cherry of Washington's Tidal Basin: pale blush flowers, almost white, opening all at once before the leaves.","Tokyo gave Washington 3,020 cherry trees in 1912, most of them Yoshino, and the United States sent flowering dogwoods back to Japan in 1915."
pseudotsuga-menziesii,Pseudotsuga menziesii,Douglas fir,Pinaceae,Pseudotsuga,menziesii,,,evergreen-tree,introduced,red,"4,5",brown,"8,9",none,70,20,"Smooth with resin blisters, becoming thick and corky",Cooley spruce gall adelgid; needlecast,"Moist, well-drained, acid",4-6,https://en.wikipedia.org/wiki/Pseudotsuga_menziesii,"Not a true fir. Its cones are unmistakable, with three-pointed bracts poking out between the scales like the hind legs of a mouse.","Softwood plywood began with this tree. The first panels were pressed from Douglas fir in Portland for the 1905 world's fair, and the result became the standard sheet material of North American building."
ptelea-trifoliata,Ptelea trifoliata,Wafer ash,Rutaceae,Ptelea,trifoliata,,,deciduous-tree,introduced,green,"5,6",tan,"8,9",yellow,18,18,Smooth grey-brown with warty lenticels,Few known problems,Well-drained; tolerates shade and dry soil,3-9,https://en.wikipedia.org/wiki/Ptelea_trifoliata,"A small tree with three-part leaves and flat circular winged fruits like elm seeds, which is where the name wafer ash comes from.","In the citrus family, which explains why the crushed leaves smell of it. The papery winged seeds were once used as a hop substitute in brewing."
pyrus-calleryana,Pyrus calleryana,Callery pear,Rosaceae,Pyrus,calleryana,,,deciduous-tree,vermont-invasive,white,4,brown,"9,10",red,35,25,"Grey-brown, shallowly furrowed",Fire blight; narrow branch angles split in storms — a known liability,Very adaptable; tolerates drought and compaction,5-9,https://en.wikipedia.org/wiki/Pyrus_calleryana,"Once planted everywhere for its neat shape and early white bloom, now regretted: the branches split in storms and it escapes into the wild.","It was sold as sterile, and was — until enough different cultivars stood close enough to pollinate one another. Several states have now banned it outright."
pyrus-communis,Pyrus communis,Common pear,Rosaceae,Pyrus,communis,,,deciduous-tree,introduced,white,"4,5",green,"9,10",yellow,35,25,"Dark grey, blocky and checkered with age",Fire blight; pear psylla,"Moist, well-drained; full sun",4-8,https://en.wikipedia.org/wiki/Pyrus_communis,"The orchard pear, with glossy leaves, white spring flowers and blocky, checkered bark on old trunks.","Pear wood is dense and even-grained enough for woodwind instruments and engraving blocks, and it was long the standard for drawing instruments."
pyrus-fauriei,Pyrus fauriei,Korean sun pear,Rosaceae,Pyrus,fauriei,,,deciduous-tree,introduced,white,"4,5",brown,"9,10",red,20,20,"Grey-brown, becoming lightly furrowed",Better fireblight resistance than Callery pear; does not seed invasively,Well-drained; tolerates urban conditions,4-7,https://en.wikipedia.org/wiki/Pyrus,"A compact Korean pear with glossy leaves that turn red in autumn, white spring flowers, and small, hard, inedible fruit.","Pear trees can live for centuries: the Endicott pear, planted in Massachusetts around 1630, still bears fruit."
pyrus-sp,Pyrus sp.,Pear,Rosaceae,Pyrus,,,,deciduous-tree,,,,,,,,,,Varies by species — identify before assuming,,4-9,https://en.wikipedia.org/wiki/Pyrus,"Most street pears are Callery selections: white blossom very early in spring with a smell many people find unpleasant, glossy leaves held late into autumn, and seedlings that spread into old fields.","Pears are in the rose family, like apples, cherries, hawthorns and serviceberries — which is why their five-petalled blossoms look so alike."
quercus-alba,Quercus alba,White oak,Fagaceae,Quercus,alba,,,deciduous-tree,vermont-native,yellow-green,5,brown,"9,10",purple,80,65,"Pale ashy grey, flaking in loose plates",Spongy moth; slow to establish after transplant,"Deep, well-drained, acid",3-9,https://en.wikipedia.org/wiki/Quercus_alba,"A long-lived native oak with rounded, finger-like leaf lobes, pale ashy bark that flakes in loose plates, and sweet acorns that ripen in a single year.","Its wood is watertight: the pores are plugged with natural growths, which is why whiskey and wine barrels are made of white oak and not red."
quercus-bicolor,Quercus bicolor,Swamp White oak,Fagaceae,Quercus,bicolor,,,deciduous-tree,vermont-native,yellow-green,5,brown,"9,10",yellow,65,55,"Flaking and curling on branches, ridged on the trunk",Chlorosis on alkaline soil,"Wet to moist, acid; tolerates poor drainage",3-8,https://en.wikipedia.org/wiki/Quercus_bicolor,"A white oak of wet ground, with leaves dark green above and silvery beneath, and bark that flakes and curls on young branches.","Its acorns dangle in pairs on stalks up to four inches long. Most oak acorns sit tight against the twig."
quercus-coccinea,Quercus coccinea,Scarlet oak,Fagaceae,Quercus,coccinea,,,deciduous-tree,vermont-native,yellow-green,5,brown,"9,10",red,70,45,Dark grey with pale inner bark showing in the fissures,Spongy moth,"Dry, sandy, acid",4-9,https://en.wikipedia.org/wiki/Quercus_coccinea,"Deeply cut, bristle-tipped leaves that turn brilliant scarlet late in the season and hold on well into winter.","It is the official tree of Washington, DC."
quercus-ellipsoidalis,Quercus ellipsoidalis,Northern pin oak,Fagaceae,Quercus,ellipsoidalis,,,deciduous-tree,introduced,yellow-green,5,brown,"9,10",red,60,45,"Dark grey-brown, shallowly furrowed",Fewer problems than pin oak on alkaline soil,"Dry, sandy, acidic; drought tolerant",4-7,https://en.wikipedia.org/wiki/Quercus_ellipsoidalis,Closely resembles pin oak but tolerates dry and alkaline ground far better. Deep red fall colour that holds late.,"A northern oak of dry sandy ground, closely related to pin oak but holding its dead lower branches rather than dropping them."
quercus-hemisphaerica,Quercus hemisphaerica,Laurel oak,Fagaceae,Quercus,hemisphaerica,,,deciduous-tree,introduced,yellow-green,"4,5",brown,"9,10",brown,60,45,"Smooth grey, darkening and furrowing with age",Well outside its hardiness range here,"Well-drained, sandy",7-10,https://en.wikipedia.org/wiki/Quercus_hemisphaerica,"A southern laurel oak with narrow, nearly untoothed leaves. Well outside its natural range here.",A southern oak that holds its leaves through winter and drops them only as the new ones push out.
quercus-imbricaria,Quercus imbricaria,Shingle oak,Fagaceae,Quercus,imbricaria,,,deciduous-tree,introduced,yellow-green,5,brown,"9,10",bronze,55,50,"Grey-brown, shallowly ridged",Spongy moth,Well-drained; tolerates dry sites,4-8,https://en.wikipedia.org/wiki/Quercus_imbricaria,"An oak with unlobed, laurel-like leaves that surprise anyone expecting an oak. Its wood was once split for roof shingles.","It is a red oak all the same: its acorns take two years to ripen, and each leaf ends in a single bristle, the one oak feature it kept."
quercus-macrocarpa,Quercus macrocarpa,Bur oak,Fagaceae,Quercus,macrocarpa,,,deciduous-tree,vermont-native,yellow-green,5,brown,"9,10",yellow,75,70,"Thick, deeply ridged, corky",Very few; the most fire and drought resistant oak here,Wide range including alkaline and clay,3-8,https://en.wikipedia.org/wiki/Quercus_macrocarpa,"Enormous acorns in shaggy, fringed cups. Thick corky bark makes it the most fire-resistant oak of the prairie edge.","A bur oak seedling puts its energy underground first: in its first season the taproot can reach four feet down while the shoot stands only inches tall. That head start is how it survives drought and fire."
quercus-michauxii,Quercus michauxii,Swamp chestnut oak,Fagaceae,Quercus,michauxii,,,deciduous-tree,introduced,yellow-green,5,brown,"9,10",red,70,55,"Light grey, flaking in loose scales",Few known problems; well outside its range here,Moist bottomland; tolerates wet,5-9,https://en.wikipedia.org/wiki/Quercus_michauxii,"A southern bottomland oak with large, coarsely scalloped leaves and sweet acorns favoured by wildlife.","Named for André Michaux, the French botanist who catalogued much of eastern North America's flora in the 1780s and 90s."
quercus-muehlenbergii,Quercus muehlenbergii,Chinkapin oak,Fagaceae,Quercus,muehlenbergii,,,deciduous-tree,vermont-native,yellow-green,5,brown,"9,10",yellow,55,50,"Flaky, ashy grey, breaking into thin plates",Few known problems,Prefers limestone and alkaline soil,5-7,https://en.wikipedia.org/wiki/Quercus_muehlenbergii,"Chinkapin oak, with narrow chestnut-like leaves edged in sharp even teeth. Prefers limestone soils.","Squirrels strip it first. Its acorns carry far less tannin than most, sweet enough to eat raw, which no red oak acorn ever is."
quercus-palustris,Quercus palustris,Pin oak,Fagaceae,Quercus,palustris,,,deciduous-tree,vermont-native,yellow-green,"4,5",brown,"9,10",red,65,40,"Smooth grey-brown, shallowly ridged with age",Chlorosis on alkaline soil is common and disfiguring,"Moist, acid; tolerates wet ground",4-8,https://en.wikipedia.org/wiki/Quercus_palustris,Lower branches sweep distinctly downward while the upper ones rise — a silhouette no other oak shares. Deeply cut leaves turn bronze-red.,"Palustris means ""of the marsh"": in the wild it grows on river floodplains. Its small acorns are a favourite of wood ducks, and wildlife managers flood pin oak stands in autumn to feed ducks on their way south."
quercus-prinus,Quercus prinus,Chestnut oak,Fagaceae,Quercus,prinus,,,deciduous-tree,vermont-native,yellow-green,5,brown,"9,10",orange,65,55,"Very thick, deeply furrowed into rugged blocky ridges",Spongy moth,"Dry rocky ridges, acid; drought tolerant",4-8,https://en.wikipedia.org/wiki/Quercus_montana,"Chestnut oak of dry rocky ridges, with deeply furrowed blocky bark and wavy-edged leaves. Now usually called Quercus montana.","The bark is the thickest and most deeply ridged of any eastern oak, and was stripped by the ton for tannin before synthetic tanning arrived."
quercus-robur,Quercus robur,English oak,Fagaceae,Quercus,robur,,,deciduous-tree,introduced,yellow-green,5,brown,"9,10",brown,70,60,Deeply fissured grey-brown in a fine network,Powdery mildew is routine and mostly cosmetic,"Deep, fertile; tolerates clay",4-8,https://en.wikipedia.org/wiki/Quercus_robur,"The English oak of parkland and literature, with short-stalked leaves, long-stalked acorns, and a broad spreading crown when open-grown.",The oak of English history and the Royal Navy. A single ship of the line took around two thousand mature trees.
quercus-robur-fastigiata,Quercus robur 'Fastigiata',Fastigiate English oak,Fagaceae,Quercus,robur,,Fastigiata,deciduous-tree,introduced,yellow-green,5,brown,"9,10",brown,50,18,Deeply fissured grey-brown in a fine network,Powdery mildew is routine and mostly cosmetic,"Deep, fertile; tolerates clay",4-8,https://en.wikipedia.org/wiki/Quercus_robur,"A columnar form of English oak, with branches held tight to the trunk so the tree stands like a closed umbrella. Its leaves have the small ear-like lobes at the base that mark English oak.","Its acorns mostly grow into the ordinary broad, spreading English oak, so every narrow one you see is a graft."
quercus-rubra,Quercus rubra,Northern red oak,Fagaceae,Quercus,rubra,,,deciduous-tree,vermont-native,yellow-green,"4,5",brown,"9,10",red,80,60,"Grey with flat-topped shiny ridges, striped down the trunk",Spongy moth; oak wilt,"Well-drained, acid; fast for an oak",3-8,https://en.wikipedia.org/wiki/Quercus_rubra,"A native oak with pointed, bristle-tipped leaf lobes and fat acorns wearing a flat, beret-like cap. On the trunk, look for smooth, shiny stripes running down between the ridges.","Red oak grows faster than white and its wood is porous end to end — you can blow bubbles through a short length of it, which is why it will not hold liquid."
quercus-velutina,Quercus velutina,Black oak,Fagaceae,Quercus,velutina,,,deciduous-tree,vermont-native,yellow-green,5,brown,"9,10",red,70,55,"Near-black, blocky, with bright orange inner bark",Spongy moth; oak wilt,"Dry, sandy, acid; drought tolerant",3-9,https://en.wikipedia.org/wiki/Quercus_velutina,Inner bark is bright orange-yellow and was once used as a dye. Leaves are glossy above with rusty hairs in the vein axils beneath.,"That dye had a name and a trade: quercitron, shipped out of American ports by the ton through the 1800s to colour European cloth."
quercus-x-bimundorum,Quercus x bimundorum,Crimson Spire oak,Fagaceae,Quercus,x bimundorum,,,deciduous-tree,introduced,yellow-green,5,brown,"9,10",red,45,15,"Grey-brown, shallowly ridged",Good mildew resistance for a hybrid oak,Wide range; tolerates urban soils,4-8,https://en.wikipedia.org/wiki/Quercus,"A narrow columnar hybrid of English and white oak, planted where an oak is wanted but there is no room for a crown.","Bimundorum means 'of two worlds' — one parent European, one American, which is exactly what it is."
quercus-x-warei,Quercus x warei,Ware oak,Fagaceae,Quercus,x warei,,,deciduous-tree,introduced,yellow-green,5,brown,"9,10",yellow,50,20,"Grey-brown, shallowly furrowed",Good mildew resistance; tolerates alkaline soil,Wide range including alkaline and compacted,4-8,https://en.wikipedia.org/wiki/Quercus,"An upright hybrid oak bred for street planting, holding a narrow pyramidal shape without pruning.","A cross between English oak and swamp white oak, named for George Ware, the Morton Arboretum researcher who bred it."
rhamnus-cathartica,Rhamnus cathartica,Common buckthorn,Rhamnaceae,Rhamnus,cathartica,,,shrub,vermont-invasive,green,"5,6",black,"8,9,10",green,20,18,"Dark grey-brown, peeling to reveal orange inner bark","Few pests, which is part of the problem. Invasive in Vermont",Very adaptable; shades out native seedlings,3-7,https://en.wikipedia.org/wiki/Rhamnus_cathartica,"A Class B noxious weed in Vermont. Twigs often end in a short thorn, and the black berries hang on into winter, long after the leaves have gone.","Sold as a hedge plant for a century before anyone noticed it was taking over the understorey. Birds spread the seed, and the berries are a strong laxative — which names it."
rhamnus-sp,Rhamnus sp.,Buckthorn,Rhamnaceae,Rhamnus,,,,shrub,,,,,,,,,,Varies by species — identify before assuming,,2-8,https://en.wikipedia.org/wiki/Rhamnus,"Both common and glossy buckthorn are invasive in Vermont. Look for dark berries hanging on into winter and, on common buckthorn, a short thorn at the tip of many twigs.","Buckthorn leafs out earlier and holds its leaves later than almost any native, which is how it starves out everything growing beneath it."
robinia-pseudoacacia,Robinia pseudoacacia,Black locust,Fabaceae,Robinia,pseudoacacia,,,deciduous-tree,vermont-invasive,white,"5,6",brown,"9,10",yellow,55,35,Deeply furrowed into a rope-like interlacing pattern,Locust borer; leaf miner,"Poor, dry ground; fixes nitrogen, suckers freely",4-8,https://en.wikipedia.org/wiki/Robinia_pseudoacacia,"Deeply furrowed rope-like bark, paired thorns at each bud, and hanging chains of intensely fragrant white flowers in June.","The heartwood resists rot for decades in ground contact, so it was the standard for fence posts and for the trunnels that pinned ships together."
robinia-pseudoacacia-purple-robe,Robinia pseudoacacia 'Purple Robe',Purple Robe black locust,Fabaceae,Robinia,pseudoacacia,,Purple Robe,deciduous-tree,vermont-invasive,pink-purple,"5,6",brown,"9,10",yellow,40,30,Deeply furrowed into a rope-like interlacing pattern,Locust borer; leaf miner,"Poor, dry ground; fixes nitrogen, suckers freely",4-8,https://en.wikipedia.org/wiki/Robinia_pseudoacacia,"Rose-purple pea flowers in hanging clusters instead of the white of the species, and bronze-tinted new growth. Invasive in Vermont.","Black locust is native to the Appalachians and the Ozarks and to nowhere else. Everywhere beyond that, Vermont included, it is an import that escaped — a native tree can still be invasive three hundred miles from home."
salix-alba,Salix alba,White willow,Salicaceae,Salix,alba,,,deciduous-tree,introduced,yellow,"4,5",brown,"5,6",yellow,70,50,"Grey-brown, deeply furrowed and criss-crossed",Canker; borers; brittle in storms,Wet ground; tolerates flooding,2-8,https://en.wikipedia.org/wiki/Salix_alba,"A large European willow with narrow silvery leaves. Its wood is light, tough and shock-resistant.","Cricket bats are made from a form of it, the cricket-bat willow, whose light, tough wood absorbs the shock of the ball."
salix-alba-tristis,Salix alba 'Tristis',Golden weeping willow,Salicaceae,Salix,alba,,Tristis,deciduous-tree,introduced,yellow,"4,5",brown,"5,6",yellow,60,60,"Grey-brown, deeply ridged; young shoots bright golden-yellow",Canker; borers; brittle in storms,Wet ground; tolerates flooding,2-8,https://en.wikipedia.org/wiki/Salix_alba,"Golden-yellow winter shoots hanging in long curtains to the ground. Fast, brittle, and thirsty enough to find drains.","Half its parentage is the Chinese weeping willow, which Linnaeus named Salix babylonica after the willows of Babylon in Psalm 137, though those were probably poplars."
salix-matsudana-tortuosa,Salix matsudana 'Tortuosa',Dragon's claw willow,Salicaceae,Salix,matsudana,,Tortuosa,deciduous-tree,introduced,yellow,"4,5",brown,"5,6",yellow,35,25,"Grey-brown, ridged; all shoots twisted and contorted",Short-lived and brittle; canker and borers,Wet ground; tolerates flooding,2-8,https://en.wikipedia.org/wiki/Salix_alba,"Every twig curls and corkscrews. Cut stems are sold for flower arranging, and the tree itself rarely lives long.","Every one is a clone. The twisted form does not come true from seed, so all of them are grown from cuttings of the original."
salix-sp,Salix sp.,Willow,Salicaceae,Salix,,,,deciduous-tree,vermont-native,yellow,"4,5",brown,"5,6",yellow,50,35,"Grey, furrowed with age",Canker; brittle wood,Wet to moist,2-9,https://en.wikipedia.org/wiki/Salix,"Willows hybridise so freely that even specialists often stop at the genus. Each bud is wrapped in a single cap-like scale, which no other northern tree has.","Willow bark contains salicin, which people chewed for pain for thousands of years, and which led chemists in the 1800s to the drug that became aspirin."
sassafras-albidum,Sassafras albidum,Common sassafras,Lauraceae,Sassafras,albidum,,,deciduous-tree,vermont-native,yellow,"4,5",blue,"8,9",orange,45,30,Deeply furrowed reddish-brown,Few problems; suckers into thickets,"Well-drained, acid, sandy",4-9,https://en.wikipedia.org/wiki/Sassafras_albidum,"Leaves come in three shapes on the same tree — oval, mitten and three-lobed — and everything about it smells of root beer when broken.","Its root bark flavoured the original root beer, until safrole was banned from food in 1960 and the flavour went synthetic."
scandosorbus-intermedia,Scandosorbus intermedia,Swedish whitebeam,Rosaceae,Scandosorbus,intermedia,,,deciduous-tree,introduced,white,"5,6",red-orange,"9,10",yellow,40,25,"Smooth grey, becoming fissured with age",More resistant to fireblight than true mountain ash,"Tolerates urban conditions, salt and wind",4-7,https://en.wikipedia.org/wiki/Sorbus_intermedia,"Leaves are lobed rather than divided, green above and grey-felted beneath. Tough enough for exposed coastal and street planting.","A stable hybrid that breeds true from seed without pollination, so every tree is effectively a clone of its parent."
sorbus-aucuparia,Sorbus aucuparia,European mountain ash,Rosaceae,Sorbus,aucuparia,,,deciduous-tree,introduced,white,"5,6",orange,"8,9",yellow,30,20,"Smooth shining grey, becoming scaly",Fire blight; borers; struggles in heat,"Moist, well-drained, acid; cool sites",3-7,https://en.wikipedia.org/wiki/Sorbus_aucuparia,"Rowan, or European mountain ash. Flat heads of white flowers give way to dense clusters of orange-red berries that birds strip quickly.","Rowan was planted by doorways across northern Europe to ward off witches, and the berries make a bitter jelly traditionally eaten with game."
sorbus-x-hybrida,Sorbus x hybrida,Swedish whitebeam,Rosaceae,Sorbus,x hybrida,,,deciduous-tree,introduced,white,"5,6",red,"9,10",yellow,35,25,Smooth grey-brown with prominent lenticels,"Fireblight and borers, as with all mountain ashes","Moist, well-drained, acidic; dislikes heat",4-6,https://en.wikipedia.org/wiki/Sorbus_%C3%97_hybrida,"A hybrid whose leaves are divided at the base and merely lobed at the tip, as though it could not decide. Heavy clusters of red fruit.","Rowan and whitebeam crossed on their own, long before anybody thought to do it deliberately, and the result now comes true from seed — which most hybrids do not."
sorbus-x-thuringiaca,Sorbus x thuringiaca,Oakleaf mountain ash,Rosaceae,Sorbus,x thuringiaca,,,deciduous-tree,introduced,white,"5,6",orange,"8,9",yellow,30,20,Smooth grey,Fire blight,"Moist, well-drained; cool sites",4-7,https://en.wikipedia.org/wiki/Sorbus_×_thuringiaca,"A hybrid mountain ash whose leaves are part-divided, part-whole — an obvious blend of its two parents.","Rowan berries gave their name to sorbic acid, now a common food preservative, first isolated from them in 1859."
spiraea-sp,Spiraea sp.,Spirea,Rosaceae,Spiraea,,,,shrub,introduced,,,,,,,,,Varies by species — identify before assuming,,3-8,https://en.wikipedia.org/wiki/Spiraea,"Low, twiggy deciduous shrubs: some flower in arching sprays of white in spring, others in flat pink heads in summer.","Aspirin is named after this genus: meadowsweet, once classed as a Spiraea, was the plant chemists first got salicylic acid from, and the ""spir"" in aspirin is its old name."
stewartia-pseudocamellia,Stewartia pseudocamellia,Japanese stewartia,Theaceae,Stewartia,pseudocamellia,,,deciduous-tree,introduced,white,"6,7",brown,"9,10",red,25,20,"Flaking in grey, orange and cinnamon patches — its best feature",Few pests; resents transplanting and drought,"Moist, well-drained, acid; part shade",5-8,https://en.wikipedia.org/wiki/Stewartia_pseudocamellia,"White, camellia-like flowers in midsummer, orange-red autumn leaves, and bark that flakes in patches of grey, orange and cinnamon.","Linnaeus named the genus for John Stuart, Earl of Bute, and misspelled him. The extra letter has been carried ever since."
syringa-pekinensis,Syringa pekinensis,Peking lilac,Oleaceae,Syringa,pekinensis,,,deciduous-tree,introduced,white,6,brown,9,yellow,20,18,"Glossy amber-brown, peeling in curls like a birch",More borer and mildew resistant than shrub lilacs,Well-drained; tolerates drought and city conditions,3-7,https://en.wikipedia.org/wiki/Syringa_pekinensis,"A small tree lilac with creamy midsummer flower plumes and polished peeling bark that carries it through winter.","Named for Beijing, then called Peking, from where the physician and plant collector Emil Bretschneider sent its seed west in the 1880s."
syringa-pekinensis-copper-curls,Syringa pekinensis 'Copper Curls',Copper Curls Peking lilac,Oleaceae,Syringa,pekinensis,,Copper Curls,deciduous-tree,introduced,white,6,brown,9,yellow,25,20,"Polished copper-brown, peeling in curling papery sheets",More borer and mildew resistant than shrub lilacs,Well-drained; tolerates drought and city conditions,3-7,https://en.wikipedia.org/wiki/Syringa_pekinensis,"Grown for bark rather than bloom: polished copper peeling in curls, like a cherry that has decided to be a birch.","The copper colour is only the outermost layer: the thin curls peel away every year to show fresh bark underneath."
syringa-reticulata,Syringa reticulata,Japanese Tree lilac,Oleaceae,Syringa,reticulata,,,deciduous-tree,introduced,white,6,brown,9,none,25,20,"Glossy reddish-brown with horizontal lenticels, cherry-like",More borer-resistant than shrub lilacs,Well-drained; tolerates city conditions,3-7,https://en.wikipedia.org/wiki/Syringa_reticulata,"A lilac that grows as a real tree, carrying huge plumes of creamy flowers in June, well after the shrubby lilacs have finished.","Lilacs belong to the olive family, along with ash trees and privet, which is why this one's flowers smell more of privet than of lilac."
syringa-reticulata-ivory-silk,Syringa reticulata 'Ivory Silk',Ivory Silk tree lilac,Oleaceae,Syringa,reticulata,,Ivory Silk,deciduous-tree,introduced,white,6,brown,9,none,22,18,"Glossy reddish-brown with horizontal lenticels, cherry-like",More borer resistant than shrub lilacs; heat tolerant,Well-drained; tolerates city conditions and road salt,3-7,https://en.wikipedia.org/wiki/Syringa_reticulata,"A small street tree carrying huge creamy flower plumes in June, weeks after the shrub lilacs are done. Polished bark carries it through winter.","Flowers younger and more heavily than the species, which is why it is the tree lilac almost everyone plants."
syringa-vulgaris,Syringa vulgaris,Common lilac,Oleaceae,Syringa,vulgaris,,,shrub,introduced,purple,5,brown,9,none,15,12,"Grey-brown, peeling in thin strips on old stems",Powdery mildew; lilac borer; scale,"Well-drained, neutral to alkaline; full sun",3-7,https://en.wikipedia.org/wiki/Syringa_vulgaris,"A large, many-stemmed shrub with heart-shaped leaves and dense cones of intensely fragrant lilac, purple or white flowers in May. A fixture of old Vermont dooryards.","Brought to New England by the first colonists; a lilac by a cellar hole is often the only sign left that a farmhouse once stood there."
taxodium-ascendens,Taxodium ascendens,Pond cypress,Cupressaceae,Taxodium,ascendens,,,deciduous-tree,introduced,green,"3,4",brown,"10,11",orange,60,20,"Fibrous red-brown, shallowly furrowed and stringy",Very few known problems,Wet to average; tolerates standing water and drought,5-9,https://en.wikipedia.org/wiki/Taxodium_ascendens,"Needles are held upright and pressed to the shoot rather than spread flat, giving a narrower, wirier look than bald cypress.","Botanists still argue whether it is a species of its own or a variety of baldcypress. In the wild it keeps to still water, where baldcypress takes the moving kind."
taxodium-distichum,Taxodium distichum,Common baldcypress,Cupressaceae,Taxodium,distichum,,,deciduous-tree,introduced,green,"3,4",brown,"10,11",orange,65,25,"Fibrous, stringy, reddish-brown",Few known problems; very wind-firm,Wet to moist; also grows well on ordinary soil,4-9,https://en.wikipedia.org/wiki/Taxodium_distichum,"A deciduous conifer of southern swamps whose feathery foliage turns rusty orange before dropping. Produces knobbly root knees in wet ground.","Its heartwood resists rot so well it was sold as ""the wood eternal"". Logs that sank in Louisiana swamps a century ago are still pulled up sound and sawn into lumber."
taxus-sp,Taxus sp.,Yew,Taxaceae,Taxus,,,,shrub,,,,,,,,,,Varies by species — identify before assuming,,4-7,https://en.wikipedia.org/wiki/Taxus,"Dark evergreen shrubs that tolerate deep shade and hard clipping, which is why they fill so many foundation plantings. Flat needles, glossy above and paler beneath.","Every part of a yew is poisonous except the red flesh of the aril, and the seed inside that is among the most toxic parts of all."
taxus-x-media,Taxus x media,Anglojap yew,Taxaceae,Taxus,x media,,,shrub,introduced,green,4,red,"9,10",none,20,15,"Reddish-brown, thin and flaking in scales",Root rot in wet ground; deer browse heavily,Well-drained; tolerates deep shade and hard pruning,4-7,https://en.wikipedia.org/wiki/Taxus_%C3%97_media,"The standard hedging yew, hardier than its English parent. All parts except the red aril are poisonous.","A cross of English and Japanese yew made in Massachusetts around 1900, combining English form with Japanese hardiness."
thuja-green-giant,Thuja 'Green Giant',Green Giant arborvitae,Cupressaceae,Thuja,,,Green Giant,evergreen-tree,introduced,yellow,"4,5",brown,"9,10",none,50,18,"Fibrous reddish-brown, shredding in vertical strips",Far more deer-resistant than eastern arborvitae; bagworm occasionally,Moist to wet; thrives on limestone,2-7,https://en.wikipedia.org/wiki/Thuja,"A fast, dense screening conifer that deer mostly leave alone — the reason it has replaced eastern arborvitae in new hedges.","Every one descends from a seedling raised in Denmark in 1937. A handful of plants reached the US National Arboretum in 1967, and it spread from there."
thuja-occidentalis,Thuja occidentalis,Northern white cedar,Cupressaceae,Thuja,occidentalis,,,evergreen-tree,vermont-native,yellow,"4,5",brown,"9,10",none,40,12,"Fibrous reddish-brown, shredding in vertical strips",Deer browse is the main limit here; leaf miner,Moist to wet; thrives on limestone,2-7,https://en.wikipedia.org/wiki/Thuja_occidentalis,"Northern white cedar, growing as flat sprays of scale-like foliage. Cliff-clinging wild trees in Vermont are among the oldest in eastern North America.","French explorers learned from the Iroquois to brew its foliage against scurvy, and named it arborvitae, the tree of life."
thuja-sp,Thuja sp.,Arborvitae,Cupressaceae,Thuja,,,,evergreen-tree,vermont-native,yellow,"4,5",brown,"9,10",none,40,12,"Fibrous, shredding",Deer browse,Moist to wet,2-7,https://en.wikipedia.org/wiki/Thuja,"Dense evergreens with shreddy, fibrous bark, planted everywhere as hedges and screens. Crushed foliage has a sharp, fruity smell.","Every autumn the oldest inner sprays turn brown and drop, which alarms many owners. It is normal shedding, not disease — the outer foliage stays green."
tilia-americana,Tilia americana,American basswood,Malvaceae,Tilia,americana,,,deciduous-tree,vermont-native,yellow,"6,7",brown,"9,10",yellow,80,45,"Grey, finely and evenly ridged",Japanese beetle; aphid honeydew,"Deep, moist, fertile; dislikes drought",2-8,https://en.wikipedia.org/wiki/Tilia_americana,"A tall native tree with big, lopsided, heart-shaped leaves, often as wide as a hand. Fragrant early-summer flowers hang from a pale, strap-like wing and hum with bees.",The inner bark strips into strong fibre — bast — which was twisted into rope and woven into mats long before nylon.
tilia-americana-fastigiata,Tilia americana 'Fastigiata',Columnar American basswood,Malvaceae,Tilia,americana,,Fastigiata,deciduous-tree,vermont-native,yellow,"6,7",brown,"9,10",yellow,55,25,"Grey, finely and evenly ridged",Japanese beetle; aphid honeydew,"Deep, moist, fertile; dislikes drought",2-8,https://en.wikipedia.org/wiki/Tilia_americana,"A narrow pyramidal basswood, holding the same large leaves and fragrant summer flowers on a crown that fits a street.","Basswood is the favourite wood of hand carvers: soft, pale and so even-grained that it cuts cleanly in any direction."
tilia-cordata,Tilia cordata,Littleleaf linden,Malvaceae,Tilia,cordata,,,deciduous-tree,introduced,yellow,"6,7",tan,"9,10",yellow,60,35,"Grey-brown, finely ridged, dense and even",Japanese beetle; aphids; sun scald on young bark,"Moist, well-drained; tolerates city air and pruning",3-7,https://en.wikipedia.org/wiki/Tilia_cordata,Small neat heart-shaped leaves and intensely fragrant summer flowers that bees work all day. The standard European street linden.,"Berlin's grand avenue, Unter den Linden, is named for the lindens that line it, first planted there in 1647."
tilia-cordata-greenspire,Tilia cordata 'Greenspire',Greenspire linden,Malvaceae,Tilia,cordata,,Greenspire,deciduous-tree,introduced,yellow,"6,7",brown,"9,10",yellow,40,30,"Grey-brown, finely and evenly ridged",Japanese beetle; aphid honeydew drips onto whatever is parked beneath,"Moist, well-drained; tolerates city air and pruning",3-7,https://en.wikipedia.org/wiki/Tilia_cordata,"The standard street linden: a straight trunk, an even oval crown and dense uniform branching. Fragrant midsummer bloom that bees work all day.","Linden flowers are dried for lime-blossom tea, a traditional cold remedy across Europe."
tilia-platyphyllos,Tilia platyphyllos,Bigleaf linden,Malvaceae,Tilia,platyphyllos,,,deciduous-tree,introduced,yellow,6,tan,"9,10",yellow,70,45,"Grey-brown, shallowly fissured",Japanese beetle; aphids,"Moist, fertile, well-drained",3-7,https://en.wikipedia.org/wiki/Tilia_platyphyllos,"A large-leaved linden that flowers earlier than the others, with softly hairy leaf undersides.","Among the longest-lived trees in Europe: bigleaf lindens over a thousand years old stand in village squares in Germany and Austria."
tilia-tomentosa,Tilia tomentosa,Silver linden,Malvaceae,Tilia,tomentosa,,,deciduous-tree,introduced,yellow,"6,7",tan,"9,10",yellow,60,40,"Smooth grey when young, ridging with age",More Japanese beetle resistant than other lindens,Well-drained; the most heat and drought tolerant linden,4-7,https://en.wikipedia.org/wiki/Tilia_tomentosa,"Leaves flash bright silver-white beneath as they turn in the wind. More tolerant of heat and drought than other lindens.","Dazed and dying bumblebees under its flowers in late summer are a known sight. Research suggests they are starving as the nectar runs out, rather than being poisoned by it."
tilia-x-europaea,Tilia x europaea,European linden,Malvaceae,Tilia,x europaea,,,deciduous-tree,introduced,yellow,"6,7",tan,"9,10",yellow,70,45,"Grey, ridged, usually with a thicket of burrs and sprouts at the base",Aphid honeydew is heavy; basal sprouting needs constant removal,"Moist, fertile; very tolerant of pruning",3-7,https://en.wikipedia.org/wiki/Tilia_×_europaea,"A natural hybrid of the small- and large-leaved lindens, long planted in European avenues. Often sprouts a thicket of shoots around its base.","It is the ""lime"" of English country-house avenues: lime is the old British name for linden, nothing to do with the citrus fruit."
tilia-x-mongolica,Tilia x mongolica,Mongolian linden,Malvaceae,Tilia,x mongolica,,,deciduous-tree,introduced,yellow,"6,7",grey,"9,10",yellow,30,25,"Grey-brown, becoming lightly ridged",Fewer Japanese beetle problems than other lindens,Well-drained; more drought tolerant than other lindens,4-7,https://en.wikipedia.org/wiki/Tilia_mongolica,"Small, finely cut leaves that are almost maple-like, on a tidy compact crown. Fragrant flowers in early summer.","It grows wild in northern China and Mongolia, which makes it one of the most cold-hardy lindens."
tsuga-canadensis,Tsuga canadensis,Eastern hemlock,Pinaceae,Tsuga,canadensis,,,evergreen-tree,vermont-native,green,5,brown,"9,10",none,70,28,"Cinnamon-brown, deeply furrowed with age",Hemlock woolly adelgid — the defining threat to this species,"Cool, moist, acid; shade tolerant, dislikes drought and salt",3-7,https://en.wikipedia.org/wiki/Tsuga_canadensis,"A graceful native conifer with short, flat needles marked with two white stripes beneath, a drooping top, and tiny cones. It grows in cool, shaded ravines.","Hemlock casts the deepest shade of any eastern tree and can wait two centuries in that shade for an opening. The woolly adelgid is now killing it across its range."
ulmus-americana,Ulmus americana,American elm,Ulmaceae,Ulmus,americana,,,deciduous-tree,vermont-native,green,"3,4",green,"4,5",yellow,70,60,"Grey, deeply ridged, alternating buff and brown layers in section",Dutch elm disease — untreated trees are lost; resistant cultivars exist,"Moist, deep; tolerates wet and urban conditions",2-9,https://en.wikipedia.org/wiki/Ulmus_americana,"The vase-shaped elm that once arched over American main streets, its limbs rising and spreading like a fountain. Lost in vast numbers to Dutch elm disease.","Boston's Liberty Tree, where colonists rallied against British taxes in the 1760s, was an American elm. British soldiers cut it down in 1775."
ulmus-americana-princeton,Ulmus americana 'Princeton',Princeton American elm,Ulmaceae,Ulmus,americana,,Princeton,deciduous-tree,vermont-native,green,"3,4",green,"4,5",yellow,70,55,"Grey, deeply ridged in the classic elm pattern",Selected for Dutch elm disease resistance; still susceptible to elm yellows,"Moist, deep; tolerates urban conditions",3-9,https://en.wikipedia.org/wiki/Ulmus_americana,A Dutch elm disease-resistant selection used to restore the classic American elm vase form.,"Selected in 1922 for its form, long before Dutch elm disease reached the area — and then found, by luck, to resist it."
ulmus-americana-valley-forge,Ulmus americana 'Valley Forge',Valley Forge American elm,Ulmaceae,Ulmus,americana,,Valley Forge,deciduous-tree,vermont-native,green,"3,4",green,"4,5",yellow,60,55,"Grey, deeply ridged in the classic elm pattern",Among the most Dutch elm disease resistant selections tested; needs early pruning for structure,"Moist, deep; tolerates wet and urban conditions",4-9,https://en.wikipedia.org/wiki/Ulmus_americana,"A National Arboretum selection with the highest disease survival in trials, restoring the arching elm form to streets that lost it.","Released in 1995 alongside a second selection, 'New Harmony' — two cultivars rather than one, which matters for a tree whose last monoculture was taken out by a single disease."
ulmus-davidiana-japonica,Ulmus davidiana var. japonica,Japanese elm,Ulmaceae,Ulmus,davidiana,,,deciduous-tree,introduced,green-red,"3,4",green,"5,6",yellow,55,40,"Grey-brown, becoming ridged and furrowed",High resistance to Dutch elm disease,Wide range; tolerates drought and urban soils,4-9,https://en.wikipedia.org/wiki/Ulmus_davidiana,"The main source of Dutch elm disease resistance in modern hybrid elms, and the reason elms are being planted on streets again.","Asian elms evolved alongside Dutch elm disease and shrug it off, which is why breeders keep crossing them with the American species."
ulmus-glabra,Ulmus glabra,Scotch elm,Ulmaceae,Ulmus,glabra,,,deciduous-tree,introduced,green,"3,4",green,"5,6",yellow,70,55,"Smooth grey when young, coarsely ridged with age",Highly susceptible to Dutch elm disease,"Moist, fertile, well-drained",4-6,https://en.wikipedia.org/wiki/Ulmus_glabra,"Wych elm, with very large rough-textured leaves that feel like sandpaper and a lopsided base typical of elms.","Its leaves are among the largest and roughest of any elm — rough enough to sand wood with, which older books recommended."
ulmus-glabra-camperdownii,Ulmus glabra 'Camperdownii',Camperdown elm,Ulmaceae,Ulmus,glabra,,Camperdownii,deciduous-tree,introduced,green,"3,4",green,"5,6",yellow,20,20,"Smooth grey when young, coarsely ridged with age",Highly susceptible to Dutch elm disease,"Moist, fertile, well-drained",4-6,https://en.wikipedia.org/wiki/Ulmus_glabra,"A weeping elm grafted onto a standard, its contorted branches falling straight down into a dome you can stand inside.","Every Camperdown elm descends from one contorted branch found on the Earl of Camperdown's estate in the 1830s, grafted ever since onto a straight stem."
ulmus-parvifolia,Ulmus parvifolia,Lacebark elm,Ulmaceae,Ulmus,parvifolia,,,deciduous-tree,introduced,green,"8,9",green,"9,10",yellow-red,50,40,"Flaking in irregular patches to show orange, grey and brown beneath",Good resistance to Dutch elm disease and elm leaf beetle,"Wide range; tolerates drought, salt and compaction",4-9,https://en.wikipedia.org/wiki/Ulmus_parvifolia,"Mottled bark flakes away in jigsaw patches of orange and grey. Flowers in autumn rather than spring, which is unusual for an elm.","In the warm end of its range it hardly goes dormant at all, carrying green leaves straight through the winter. This far north the cold settles the question for it."
ulmus-pumila,Ulmus pumila,Siberian elm,Ulmaceae,Ulmus,pumila,,,deciduous-tree,vermont-invasive,green,"3,4",green,"4,5",yellow,55,45,"Grey-brown, shallowly furrowed and flaking",Resists Dutch elm disease but breaks readily in storms,Very adaptable; tolerates drought and poor soil,4-9,https://en.wikipedia.org/wiki/Ulmus_pumila,"A tough, fast, brittle Asian elm planted for shelterbelts and now weedy across much of the continent.","In northern China its young winged seeds are gathered in spring and eaten, raw or steamed into cakes."
ulmus-sp,Ulmus sp.,Elm,Ulmaceae,Ulmus,,,,deciduous-tree,vermont-native,green,"3,4",green,"4,5",yellow,60,50,"Grey, ridged",Dutch elm disease,"Moist, deep, adaptable",3-9,https://en.wikipedia.org/wiki/Ulmus,"Doubly toothed, rough leaves and flat, papery, round seeds. American elm, once the street tree of New England, was nearly wiped out by Dutch elm disease.","Elm rots quickly in the air but lasts almost indefinitely kept wet, so hollowed elm trunks carried London's water for centuries, and some of those pipes are still being dug up intact."
viburnum-lentago,Viburnum lentago,Nannyberry,Viburnaceae,Viburnum,lentago,,,shrub,vermont-native,white,"5,6",blue-black,"9,10",red,18,12,"Grey-brown, broken into small blocky plates",Powdery mildew in crowded sites; viburnum leaf beetle,Moist to dry; tolerates shade and limestone,2-8,https://en.wikipedia.org/wiki/Viburnum_lentago,"Flat white flower clusters, then blue-black fruit on red stalks that birds strip quickly. Suckers into thickets if left alone.","The fruit sweetens to something like a date after frost, and the buds are long and curved like a crane's bill."
zelkova-serrata,Zelkova serrata,Japanese zelkova,Ulmaceae,Zelkova,serrata,,,deciduous-tree,introduced,green,4,brown,"9,10",orange,60,50,"Smooth grey with orange lenticels, flaking to orange patches with age",Resistant to Dutch elm disease,"Moist, well-drained; tolerates urban conditions",5-8,https://en.wikipedia.org/wiki/Zelkova_serrata,"An elm relative planted as a disease-resistant substitute for the American elm, with a similar vase shape and flaking orange-grey bark.","Called keyaki in Japan, where it is the traditional wood for taiko drums: the body of a large one is hollowed from a single trunk, so the best come from trees several centuries old."
zelkova-serrata-musashino,Zelkova serrata 'Musashino',Columnar Japanese zelkova,Ulmaceae,Zelkova,serrata,,Musashino,deciduous-tree,introduced,green,4,brown,"9,10",orange,45,15,"Smooth grey with orange lenticels, flaking to orange patches with age",Resistant to Dutch elm disease; a common elm substitute,"Moist, well-drained; tolerates urban conditions",5-8,https://en.wikipedia.org/wiki/Zelkova_serrata,"A strictly columnar zelkova, planted in narrow streets where the vase-shaped species would be far too wide.","Musashino is the plain west of Tokyo, where farmhouses were traditionally sheltered behind planted rows of these trees."
